                                      1 ;--------------------------------------------------------
                                      2 ; File Created by SDCC : free open source ISO C Compiler
                                      3 ; Version 4.5.1 #15267 (Linux)
                                      4 ;--------------------------------------------------------
                                      5 	.module titlescreen
                                      6 	
                                      7 ;--------------------------------------------------------
                                      8 ; Public variables in this module
                                      9 ;--------------------------------------------------------
                                     10 	.globl _gbt_update
                                     11 	.globl _pointer_anim_select
                                     12 	.globl _pointer_hide
                                     13 	.globl _pointer_move
                                     14 	.globl _pointer_init
                                     15 	.globl _set_sprite_data
                                     16 	.globl _set_bkg_tiles
                                     17 	.globl _set_bkg_data
                                     18 	.globl _wait_vbl_done
                                     19 	.globl _joypad
                                     20 	.globl _titlescreen_map
                                     21 	.globl _titlescreen_data
                                     22 	.globl _run_titlescreen
                                     23 ;--------------------------------------------------------
                                     24 ; special function registers
                                     25 ;--------------------------------------------------------
                                     26 ;--------------------------------------------------------
                                     27 ; ram data
                                     28 ;--------------------------------------------------------
                                     29 	.area _DATA
                                     30 ;--------------------------------------------------------
                                     31 ; ram data
                                     32 ;--------------------------------------------------------
                                     33 	.area _INITIALIZED
                                     34 ;--------------------------------------------------------
                                     35 ; absolute external ram data
                                     36 ;--------------------------------------------------------
                                     37 	.area _DABS (ABS)
                                     38 ;--------------------------------------------------------
                                     39 ; global & static initialisations
                                     40 ;--------------------------------------------------------
                                     41 	.area _HOME
                                     42 	.area _GSINIT
                                     43 	.area _GSFINAL
                                     44 	.area _GSINIT
                                     45 ;--------------------------------------------------------
                                     46 ; Home
                                     47 ;--------------------------------------------------------
                                     48 	.area _HOME
                                     49 	.area _HOME
                                     50 ;--------------------------------------------------------
                                     51 ; code
                                     52 ;--------------------------------------------------------
                                     53 	.area _CODE
                                     54 ;src/titlescreen/titlescreen.c:55: static void place_text(uint8_t oam_base, const uint8_t *text, uint8_t len,
                                     55 ;	---------------------------------
                                     56 ; Function place_text
                                     57 ; ---------------------------------
    00000000                         58 _place_text:
    00000000 E8 FB            [16]   59 	add	sp, #-5
    00000002 F8 04            [12]   60 	ldhl	sp,	#4
    00000004 32               [ 8]   61 	ld	(hl-), a
    00000005 2B               [ 8]   62 	dec	hl
    00000006 7B               [ 4]   63 	ld	a, e
    00000007 22               [ 8]   64 	ld	(hl+), a
    00000008 72               [ 8]   65 	ld	(hl), d
                                     66 ;src/titlescreen/titlescreen.c:58: uint8_t raw_x = screen_x + 8u;
    00000009 F8 08            [12]   67 	ldhl	sp,	#8
    0000000B 7E               [ 8]   68 	ld	a, (hl)
    0000000C C6 08            [ 8]   69 	add	a, #0x08
    0000000E F8 00            [12]   70 	ldhl	sp,	#0
    00000010 77               [ 8]   71 	ld	(hl), a
                                     72 ;src/titlescreen/titlescreen.c:59: uint8_t raw_y = screen_y + 16u;
    00000011 F8 09            [12]   73 	ldhl	sp,	#9
    00000013 7E               [ 8]   74 	ld	a, (hl)
    00000014 C6 10            [ 8]   75 	add	a, #0x10
    00000016 F8 01            [12]   76 	ldhl	sp,	#1
    00000018 77               [ 8]   77 	ld	(hl), a
                                     78 ;src/titlescreen/titlescreen.c:60: for (j = 0u; j < len; j++) {
    00000019 1E 00            [ 8]   79 	ld	e, #0x00
    0000001B                         80 00106$:
    0000001B 7B               [ 4]   81 	ld	a, e
    0000001C F8 07            [12]   82 	ldhl	sp,	#7
    0000001E 96               [ 8]   83 	sub	a, (hl)
    0000001F 30 49            [12]   84 	jr	NC, 00108$
                                     85 ;src/titlescreen/titlescreen.c:61: set_sprite_tile(oam_base + j, text[j]);
    00000021 D5               [16]   86 	push	de
    00000022 16 00            [ 8]   87 	ld	d, #0x00
    00000024 F8 04            [12]   88 	ldhl	sp,	#4
    00000026 2A               [ 8]   89 	ld	a,	(hl+)
    00000027 66               [ 8]   90 	ld	h, (hl)
    00000028 6F               [ 4]   91 	ld	l, a
    00000029 19               [ 8]   92 	add	hl, de
    0000002A D1               [12]   93 	pop	de
    0000002B 4D               [ 4]   94 	ld	c, l
    0000002C 44               [ 4]   95 	ld	b, h
    0000002D 0A               [ 8]   96 	ld	a, (bc)
    0000002E 4F               [ 4]   97 	ld	c, a
    0000002F F8 04            [12]   98 	ldhl	sp,	#4
    00000031 7E               [ 8]   99 	ld	a, (hl)
    00000032 83               [ 4]  100 	add	a, e
    00000033 47               [ 4]  101 	ld	b, a
    00000034 50               [ 4]  102 	ld	d, b
                                    103 ;/opt/gbdk/include/gb/gb.h:1887: shadow_OAM[nb].tile=tile;
    00000035 6A               [ 4]  104 	ld	l, d
    00000036 AF               [ 4]  105 	xor	a, a
    00000037 67               [ 4]  106 	ld	h, a
    00000038 29               [ 8]  107 	add	hl, hl
    00000039 29               [ 8]  108 	add	hl, hl
    0000003A D5               [16]  109 	push	de
    0000003B 11r00r00         [12]  110 	ld	de, #_shadow_OAM
    0000003E 19               [ 8]  111 	add	hl, de
    0000003F 23               [ 8]  112 	inc	hl
    00000040 23               [ 8]  113 	inc	hl
    00000041 D1               [12]  114 	pop	de
    00000042 71               [ 8]  115 	ld	(hl), c
                                    116 ;/opt/gbdk/include/gb/gb.h:1946: shadow_OAM[nb].prop=prop;
    00000043 68               [ 4]  117 	ld	l, b
    00000044 26 00            [ 8]  118 	ld	h, #0x00
    00000046 29               [ 8]  119 	add	hl, hl
    00000047 29               [ 8]  120 	add	hl, hl
    00000048 4D               [ 4]  121 	ld	c, l
    00000049 44               [ 4]  122 	ld	b, h
    0000004A 21r01r00         [12]  123 	ld	hl,#_shadow_OAM + 1
    0000004D 09               [ 8]  124 	add	hl,bc
    0000004E 23               [ 8]  125 	inc	hl
    0000004F 23               [ 8]  126 	inc	hl
    00000050 36 10            [12]  127 	ld	(hl), #0x10
                                    128 ;src/titlescreen/titlescreen.c:63: move_sprite(oam_base + j, raw_x + (uint8_t)(j * 8u), raw_y);
    00000052 7B               [ 4]  129 	ld	a, e
    00000053 87               [ 4]  130 	add	a, a
    00000054 87               [ 4]  131 	add	a, a
    00000055 87               [ 4]  132 	add	a, a
    00000056 F8 00            [12]  133 	ldhl	sp,	#0
    00000058 86               [ 8]  134 	add	a, (hl)
    00000059 57               [ 4]  135 	ld	d, a
                                    136 ;/opt/gbdk/include/gb/gb.h:1973: OAM_item_t * itm = &shadow_OAM[nb];
    0000005A 21r00r00         [12]  137 	ld	hl, #_shadow_OAM
    0000005D 09               [ 8]  138 	add	hl, bc
    0000005E 4D               [ 4]  139 	ld	c, l
    0000005F 44               [ 4]  140 	ld	b, h
                                    141 ;/opt/gbdk/include/gb/gb.h:1974: itm->y=y, itm->x=x;
    00000060 F8 01            [12]  142 	ldhl	sp,	#1
    00000062 7E               [ 8]  143 	ld	a, (hl)
    00000063 02               [ 8]  144 	ld	(bc), a
    00000064 03               [ 8]  145 	inc	bc
    00000065 7A               [ 4]  146 	ld	a, d
    00000066 02               [ 8]  147 	ld	(bc), a
                                    148 ;src/titlescreen/titlescreen.c:60: for (j = 0u; j < len; j++) {
    00000067 1C               [ 4]  149 	inc	e
    00000068 18 B1            [12]  150 	jr	00106$
    0000006A                        151 00108$:
                                    152 ;src/titlescreen/titlescreen.c:65: }
    0000006A E8 05            [16]  153 	add	sp, #5
    0000006C E1               [12]  154 	pop	hl
    0000006D E8 03            [16]  155 	add	sp, #3
    0000006F E9               [ 4]  156 	jp	(hl)
    00000070                        157 _titlescreen_data:
    00000070 FF                     158 	.db #0xff	; 255
    00000071 00                     159 	.db #0x00	; 0
    00000072 FF                     160 	.db #0xff	; 255
    00000073 00                     161 	.db #0x00	; 0
    00000074 FF                     162 	.db #0xff	; 255
    00000075 00                     163 	.db #0x00	; 0
    00000076 FF                     164 	.db #0xff	; 255
    00000077 00                     165 	.db #0x00	; 0
    00000078 FF                     166 	.db #0xff	; 255
    00000079 00                     167 	.db #0x00	; 0
    0000007A FF                     168 	.db #0xff	; 255
    0000007B 00                     169 	.db #0x00	; 0
    0000007C FF                     170 	.db #0xff	; 255
    0000007D 00                     171 	.db #0x00	; 0
    0000007E FF                     172 	.db #0xff	; 255
    0000007F 00                     173 	.db #0x00	; 0
    00000080 F0                     174 	.db #0xf0	; 240
    00000081 0F                     175 	.db #0x0f	; 15
    00000082 FE                     176 	.db #0xfe	; 254
    00000083 01                     177 	.db #0x01	; 1
    00000084 FF                     178 	.db #0xff	; 255
    00000085 00                     179 	.db #0x00	; 0
    00000086 FF                     180 	.db #0xff	; 255
    00000087 00                     181 	.db #0x00	; 0
    00000088 FF                     182 	.db #0xff	; 255
    00000089 00                     183 	.db #0x00	; 0
    0000008A FF                     184 	.db #0xff	; 255
    0000008B 00                     185 	.db #0x00	; 0
    0000008C FF                     186 	.db #0xff	; 255
    0000008D 00                     187 	.db #0x00	; 0
    0000008E FF                     188 	.db #0xff	; 255
    0000008F 00                     189 	.db #0x00	; 0
    00000090 00                     190 	.db #0x00	; 0
    00000091 FF                     191 	.db #0xff	; 255
    00000092 00                     192 	.db #0x00	; 0
    00000093 FF                     193 	.db #0xff	; 255
    00000094 80                     194 	.db #0x80	; 128
    00000095 7F                     195 	.db #0x7f	; 127
    00000096 E0                     196 	.db #0xe0	; 224
    00000097 1F                     197 	.db #0x1f	; 31
    00000098 F8                     198 	.db #0xf8	; 248
    00000099 07                     199 	.db #0x07	; 7
    0000009A FC                     200 	.db #0xfc	; 252
    0000009B 03                     201 	.db #0x03	; 3
    0000009C FF                     202 	.db #0xff	; 255
    0000009D 00                     203 	.db #0x00	; 0
    0000009E FF                     204 	.db #0xff	; 255
    0000009F 00                     205 	.db #0x00	; 0
    000000A0 00                     206 	.db #0x00	; 0
    000000A1 FF                     207 	.db #0xff	; 255
    000000A2 00                     208 	.db #0x00	; 0
    000000A3 FF                     209 	.db #0xff	; 255
    000000A4 00                     210 	.db #0x00	; 0
    000000A5 FF                     211 	.db #0xff	; 255
    000000A6 00                     212 	.db #0x00	; 0
    000000A7 FF                     213 	.db #0xff	; 255
    000000A8 00                     214 	.db #0x00	; 0
    000000A9 FF                     215 	.db #0xff	; 255
    000000AA 00                     216 	.db #0x00	; 0
    000000AB FF                     217 	.db #0xff	; 255
    000000AC 00                     218 	.db #0x00	; 0
    000000AD FF                     219 	.db #0xff	; 255
    000000AE 80                     220 	.db #0x80	; 128
    000000AF 7F                     221 	.db #0x7f	; 127
    000000B0 00                     222 	.db #0x00	; 0
    000000B1 FF                     223 	.db #0xff	; 255
    000000B2 00                     224 	.db #0x00	; 0
    000000B3 FF                     225 	.db #0xff	; 255
    000000B4 00                     226 	.db #0x00	; 0
    000000B5 FF                     227 	.db #0xff	; 255
    000000B6 00                     228 	.db #0x00	; 0
    000000B7 FF                     229 	.db #0xff	; 255
    000000B8 00                     230 	.db #0x00	; 0
    000000B9 FF                     231 	.db #0xff	; 255
    000000BA 00                     232 	.db #0x00	; 0
    000000BB FF                     233 	.db #0xff	; 255
    000000BC 00                     234 	.db #0x00	; 0
    000000BD FF                     235 	.db #0xff	; 255
    000000BE 00                     236 	.db #0x00	; 0
    000000BF FF                     237 	.db #0xff	; 255
    000000C0 FF                     238 	.db #0xff	; 255
    000000C1 00                     239 	.db #0x00	; 0
    000000C2 FF                     240 	.db #0xff	; 255
    000000C3 00                     241 	.db #0x00	; 0
    000000C4 3F                     242 	.db #0x3f	; 63
    000000C5 C0                     243 	.db #0xc0	; 192
    000000C6 3F                     244 	.db #0x3f	; 63
    000000C7 C0                     245 	.db #0xc0	; 192
    000000C8 1F                     246 	.db #0x1f	; 31
    000000C9 E0                     247 	.db #0xe0	; 224
    000000CA 0F                     248 	.db #0x0f	; 15
    000000CB F0                     249 	.db #0xf0	; 240
    000000CC 0F                     250 	.db #0x0f	; 15
    000000CD F0                     251 	.db #0xf0	; 240
    000000CE 7F                     252 	.db #0x7f	; 127
    000000CF FF                     253 	.db #0xff	; 255
    000000D0 FF                     254 	.db #0xff	; 255
    000000D1 00                     255 	.db #0x00	; 0
    000000D2 FF                     256 	.db #0xff	; 255
    000000D3 00                     257 	.db #0x00	; 0
    000000D4 FF                     258 	.db #0xff	; 255
    000000D5 00                     259 	.db #0x00	; 0
    000000D6 FF                     260 	.db #0xff	; 255
    000000D7 00                     261 	.db #0x00	; 0
    000000D8 FF                     262 	.db #0xff	; 255
    000000D9 00                     263 	.db #0x00	; 0
    000000DA FF                     264 	.db #0xff	; 255
    000000DB 00                     265 	.db #0x00	; 0
    000000DC FF                     266 	.db #0xff	; 255
    000000DD 00                     267 	.db #0x00	; 0
    000000DE FF                     268 	.db #0xff	; 255
    000000DF FC                     269 	.db #0xfc	; 252
    000000E0 FF                     270 	.db #0xff	; 255
    000000E1 00                     271 	.db #0x00	; 0
    000000E2 FF                     272 	.db #0xff	; 255
    000000E3 00                     273 	.db #0x00	; 0
    000000E4 FF                     274 	.db #0xff	; 255
    000000E5 04                     275 	.db #0x04	; 4
    000000E6 FF                     276 	.db #0xff	; 255
    000000E7 26                     277 	.db #0x26	; 38
    000000E8 FF                     278 	.db #0xff	; 255
    000000E9 53                     279 	.db #0x53	; 83	'S'
    000000EA FF                     280 	.db #0xff	; 255
    000000EB 2A                     281 	.db #0x2a	; 42
    000000EC FF                     282 	.db #0xff	; 255
    000000ED 16                     283 	.db #0x16	; 22
    000000EE FF                     284 	.db #0xff	; 255
    000000EF 12                     285 	.db #0x12	; 18
    000000F0 FE                     286 	.db #0xfe	; 254
    000000F1 01                     287 	.db #0x01	; 1
    000000F2 FF                     288 	.db #0xff	; 255
    000000F3 00                     289 	.db #0x00	; 0
    000000F4 FF                     290 	.db #0xff	; 255
    000000F5 00                     291 	.db #0x00	; 0
    000000F6 FF                     292 	.db #0xff	; 255
    000000F7 00                     293 	.db #0x00	; 0
    000000F8 FF                     294 	.db #0xff	; 255
    000000F9 00                     295 	.db #0x00	; 0
    000000FA FF                     296 	.db #0xff	; 255
    000000FB 80                     297 	.db #0x80	; 128
    000000FC FF                     298 	.db #0xff	; 255
    000000FD 5F                     299 	.db #0x5f	; 95
    000000FE FF                     300 	.db #0xff	; 255
    000000FF 60                     301 	.db #0x60	; 96
    00000100 00                     302 	.db #0x00	; 0
    00000101 FF                     303 	.db #0xff	; 255
    00000102 80                     304 	.db #0x80	; 128
    00000103 7F                     305 	.db #0x7f	; 127
    00000104 F0                     306 	.db #0xf0	; 240
    00000105 0F                     307 	.db #0x0f	; 15
    00000106 F8                     308 	.db #0xf8	; 248
    00000107 07                     309 	.db #0x07	; 7
    00000108 FC                     310 	.db #0xfc	; 252
    00000109 03                     311 	.db #0x03	; 3
    0000010A FC                     312 	.db #0xfc	; 252
    0000010B 03                     313 	.db #0x03	; 3
    0000010C FF                     314 	.db #0xff	; 255
    0000010D F0                     315 	.db #0xf0	; 240
    0000010E FF                     316 	.db #0xff	; 255
    0000010F 08                     317 	.db #0x08	; 8
    00000110 3F                     318 	.db #0x3f	; 63
    00000111 E0                     319 	.db #0xe0	; 224
    00000112 1F                     320 	.db #0x1f	; 31
    00000113 F0                     321 	.db #0xf0	; 240
    00000114 0D                     322 	.db #0x0d	; 13
    00000115 FE                     323 	.db #0xfe	; 254
    00000116 03                     324 	.db #0x03	; 3
    00000117 FE                     325 	.db #0xfe	; 254
    00000118 01                     326 	.db #0x01	; 1
    00000119 FF                     327 	.db #0xff	; 255
    0000011A 00                     328 	.db #0x00	; 0
    0000011B FF                     329 	.db #0xff	; 255
    0000011C 00                     330 	.db #0x00	; 0
    0000011D FF                     331 	.db #0xff	; 255
    0000011E 80                     332 	.db #0x80	; 128
    0000011F 7F                     333 	.db #0x7f	; 127
    00000120 FF                     334 	.db #0xff	; 255
    00000121 00                     335 	.db #0x00	; 0
    00000122 FF                     336 	.db #0xff	; 255
    00000123 00                     337 	.db #0x00	; 0
    00000124 FF                     338 	.db #0xff	; 255
    00000125 00                     339 	.db #0x00	; 0
    00000126 FF                     340 	.db #0xff	; 255
    00000127 00                     341 	.db #0x00	; 0
    00000128 FF                     342 	.db #0xff	; 255
    00000129 00                     343 	.db #0x00	; 0
    0000012A FF                     344 	.db #0xff	; 255
    0000012B 80                     345 	.db #0x80	; 128
    0000012C 7F                     346 	.db #0x7f	; 127
    0000012D C0                     347 	.db #0xc0	; 192
    0000012E 3F                     348 	.db #0x3f	; 63
    0000012F E0                     349 	.db #0xe0	; 224
    00000130 FC                     350 	.db #0xfc	; 252
    00000131 04                     351 	.db #0x04	; 4
    00000132 FE                     352 	.db #0xfe	; 254
    00000133 02                     353 	.db #0x02	; 2
    00000134 FF                     354 	.db #0xff	; 255
    00000135 01                     355 	.db #0x01	; 1
    00000136 FF                     356 	.db #0xff	; 255
    00000137 00                     357 	.db #0x00	; 0
    00000138 FF                     358 	.db #0xff	; 255
    00000139 00                     359 	.db #0x00	; 0
    0000013A FF                     360 	.db #0xff	; 255
    0000013B 00                     361 	.db #0x00	; 0
    0000013C FF                     362 	.db #0xff	; 255
    0000013D 00                     363 	.db #0x00	; 0
    0000013E FF                     364 	.db #0xff	; 255
    0000013F 00                     365 	.db #0x00	; 0
    00000140 00                     366 	.db #0x00	; 0
    00000141 00                     367 	.db #0x00	; 0
    00000142 00                     368 	.db #0x00	; 0
    00000143 00                     369 	.db #0x00	; 0
    00000144 00                     370 	.db #0x00	; 0
    00000145 00                     371 	.db #0x00	; 0
    00000146 80                     372 	.db #0x80	; 128
    00000147 80                     373 	.db #0x80	; 128
    00000148 80                     374 	.db #0x80	; 128
    00000149 80                     375 	.db #0x80	; 128
    0000014A C0                     376 	.db #0xc0	; 192
    0000014B 40                     377 	.db #0x40	; 64
    0000014C C0                     378 	.db #0xc0	; 192
    0000014D 40                     379 	.db #0x40	; 64
    0000014E C0                     380 	.db #0xc0	; 192
    0000014F 40                     381 	.db #0x40	; 64
    00000150 00                     382 	.db #0x00	; 0
    00000151 00                     383 	.db #0x00	; 0
    00000152 00                     384 	.db #0x00	; 0
    00000153 00                     385 	.db #0x00	; 0
    00000154 00                     386 	.db #0x00	; 0
    00000155 00                     387 	.db #0x00	; 0
    00000156 00                     388 	.db #0x00	; 0
    00000157 00                     389 	.db #0x00	; 0
    00000158 00                     390 	.db #0x00	; 0
    00000159 00                     391 	.db #0x00	; 0
    0000015A 00                     392 	.db #0x00	; 0
    0000015B 00                     393 	.db #0x00	; 0
    0000015C 00                     394 	.db #0x00	; 0
    0000015D 00                     395 	.db #0x00	; 0
    0000015E 00                     396 	.db #0x00	; 0
    0000015F 00                     397 	.db #0x00	; 0
    00000160 FF                     398 	.db #0xff	; 255
    00000161 00                     399 	.db #0x00	; 0
    00000162 FF                     400 	.db #0xff	; 255
    00000163 00                     401 	.db #0x00	; 0
    00000164 FF                     402 	.db #0xff	; 255
    00000165 00                     403 	.db #0x00	; 0
    00000166 FF                     404 	.db #0xff	; 255
    00000167 08                     405 	.db #0x08	; 8
    00000168 FF                     406 	.db #0xff	; 255
    00000169 08                     407 	.db #0x08	; 8
    0000016A FF                     408 	.db #0xff	; 255
    0000016B 0E                     409 	.db #0x0e	; 14
    0000016C F9                     410 	.db #0xf9	; 249
    0000016D 0F                     411 	.db #0x0f	; 15
    0000016E F8                     412 	.db #0xf8	; 248
    0000016F 0F                     413 	.db #0x0f	; 15
    00000170 FF                     414 	.db #0xff	; 255
    00000171 00                     415 	.db #0x00	; 0
    00000172 FF                     416 	.db #0xff	; 255
    00000173 00                     417 	.db #0x00	; 0
    00000174 FF                     418 	.db #0xff	; 255
    00000175 00                     419 	.db #0x00	; 0
    00000176 FF                     420 	.db #0xff	; 255
    00000177 00                     421 	.db #0x00	; 0
    00000178 FF                     422 	.db #0xff	; 255
    00000179 00                     423 	.db #0x00	; 0
    0000017A FF                     424 	.db #0xff	; 255
    0000017B 00                     425 	.db #0x00	; 0
    0000017C FF                     426 	.db #0xff	; 255
    0000017D 00                     427 	.db #0x00	; 0
    0000017E FF                     428 	.db #0xff	; 255
    0000017F C0                     429 	.db #0xc0	; 192
    00000180 FF                     430 	.db #0xff	; 255
    00000181 00                     431 	.db #0x00	; 0
    00000182 FF                     432 	.db #0xff	; 255
    00000183 00                     433 	.db #0x00	; 0
    00000184 FF                     434 	.db #0xff	; 255
    00000185 00                     435 	.db #0x00	; 0
    00000186 FF                     436 	.db #0xff	; 255
    00000187 00                     437 	.db #0x00	; 0
    00000188 FF                     438 	.db #0xff	; 255
    00000189 00                     439 	.db #0x00	; 0
    0000018A FF                     440 	.db #0xff	; 255
    0000018B 00                     441 	.db #0x00	; 0
    0000018C FF                     442 	.db #0xff	; 255
    0000018D 00                     443 	.db #0x00	; 0
    0000018E FF                     444 	.db #0xff	; 255
    0000018F 40                     445 	.db #0x40	; 64
    00000190 C0                     446 	.db #0xc0	; 192
    00000191 3F                     447 	.db #0x3f	; 63
    00000192 E0                     448 	.db #0xe0	; 224
    00000193 1F                     449 	.db #0x1f	; 31
    00000194 F0                     450 	.db #0xf0	; 240
    00000195 0F                     451 	.db #0x0f	; 15
    00000196 FC                     452 	.db #0xfc	; 252
    00000197 03                     453 	.db #0x03	; 3
    00000198 FC                     454 	.db #0xfc	; 252
    00000199 03                     455 	.db #0x03	; 3
    0000019A FE                     456 	.db #0xfe	; 254
    0000019B 01                     457 	.db #0x01	; 1
    0000019C FF                     458 	.db #0xff	; 255
    0000019D 00                     459 	.db #0x00	; 0
    0000019E FF                     460 	.db #0xff	; 255
    0000019F 00                     461 	.db #0x00	; 0
    000001A0 00                     462 	.db #0x00	; 0
    000001A1 FF                     463 	.db #0xff	; 255
    000001A2 00                     464 	.db #0x00	; 0
    000001A3 FF                     465 	.db #0xff	; 255
    000001A4 00                     466 	.db #0x00	; 0
    000001A5 FF                     467 	.db #0xff	; 255
    000001A6 00                     468 	.db #0x00	; 0
    000001A7 FF                     469 	.db #0xff	; 255
    000001A8 00                     470 	.db #0x00	; 0
    000001A9 FF                     471 	.db #0xff	; 255
    000001AA 01                     472 	.db #0x01	; 1
    000001AB FF                     473 	.db #0xff	; 255
    000001AC 07                     474 	.db #0x07	; 7
    000001AD FE                     475 	.db #0xfe	; 254
    000001AE 8F                     476 	.db #0x8f	; 143
    000001AF 78                     477 	.db #0x78	; 120	'x'
    000001B0 01                     478 	.db #0x01	; 1
    000001B1 FF                     479 	.db #0xff	; 255
    000001B2 00                     480 	.db #0x00	; 0
    000001B3 FF                     481 	.db #0xff	; 255
    000001B4 00                     482 	.db #0x00	; 0
    000001B5 FF                     483 	.db #0xff	; 255
    000001B6 0F                     484 	.db #0x0f	; 15
    000001B7 FF                     485 	.db #0xff	; 255
    000001B8 7F                     486 	.db #0x7f	; 127
    000001B9 F0                     487 	.db #0xf0	; 240
    000001BA FF                     488 	.db #0xff	; 255
    000001BB 80                     489 	.db #0x80	; 128
    000001BC FF                     490 	.db #0xff	; 255
    000001BD 00                     491 	.db #0x00	; 0
    000001BE FF                     492 	.db #0xff	; 255
    000001BF 00                     493 	.db #0x00	; 0
    000001C0 FF                     494 	.db #0xff	; 255
    000001C1 80                     495 	.db #0x80	; 128
    000001C2 FF                     496 	.db #0xff	; 255
    000001C3 C0                     497 	.db #0xc0	; 192
    000001C4 3F                     498 	.db #0x3f	; 63
    000001C5 F0                     499 	.db #0xf0	; 240
    000001C6 FF                     500 	.db #0xff	; 255
    000001C7 E0                     501 	.db #0xe0	; 224
    000001C8 FF                     502 	.db #0xff	; 255
    000001C9 00                     503 	.db #0x00	; 0
    000001CA FF                     504 	.db #0xff	; 255
    000001CB 00                     505 	.db #0x00	; 0
    000001CC FF                     506 	.db #0xff	; 255
    000001CD 00                     507 	.db #0x00	; 0
    000001CE FF                     508 	.db #0xff	; 255
    000001CF 00                     509 	.db #0x00	; 0
    000001D0 FF                     510 	.db #0xff	; 255
    000001D1 03                     511 	.db #0x03	; 3
    000001D2 FF                     512 	.db #0xff	; 255
    000001D3 00                     513 	.db #0x00	; 0
    000001D4 FF                     514 	.db #0xff	; 255
    000001D5 00                     515 	.db #0x00	; 0
    000001D6 FF                     516 	.db #0xff	; 255
    000001D7 00                     517 	.db #0x00	; 0
    000001D8 FF                     518 	.db #0xff	; 255
    000001D9 00                     519 	.db #0x00	; 0
    000001DA FF                     520 	.db #0xff	; 255
    000001DB 00                     521 	.db #0x00	; 0
    000001DC FF                     522 	.db #0xff	; 255
    000001DD 00                     523 	.db #0x00	; 0
    000001DE FF                     524 	.db #0xff	; 255
    000001DF 00                     525 	.db #0x00	; 0
    000001E0 FF                     526 	.db #0xff	; 255
    000001E1 10                     527 	.db #0x10	; 16
    000001E2 FF                     528 	.db #0xff	; 255
    000001E3 A0                     529 	.db #0xa0	; 160
    000001E4 FF                     530 	.db #0xff	; 255
    000001E5 40                     531 	.db #0x40	; 64
    000001E6 FF                     532 	.db #0xff	; 255
    000001E7 00                     533 	.db #0x00	; 0
    000001E8 FF                     534 	.db #0xff	; 255
    000001E9 00                     535 	.db #0x00	; 0
    000001EA FF                     536 	.db #0xff	; 255
    000001EB 00                     537 	.db #0x00	; 0
    000001EC FF                     538 	.db #0xff	; 255
    000001ED 00                     539 	.db #0x00	; 0
    000001EE FF                     540 	.db #0xff	; 255
    000001EF 00                     541 	.db #0x00	; 0
    000001F0 FF                     542 	.db #0xff	; 255
    000001F1 40                     543 	.db #0x40	; 64
    000001F2 FF                     544 	.db #0xff	; 255
    000001F3 00                     545 	.db #0x00	; 0
    000001F4 FF                     546 	.db #0xff	; 255
    000001F5 00                     547 	.db #0x00	; 0
    000001F6 FF                     548 	.db #0xff	; 255
    000001F7 00                     549 	.db #0x00	; 0
    000001F8 FF                     550 	.db #0xff	; 255
    000001F9 00                     551 	.db #0x00	; 0
    000001FA FF                     552 	.db #0xff	; 255
    000001FB 00                     553 	.db #0x00	; 0
    000001FC FF                     554 	.db #0xff	; 255
    000001FD 00                     555 	.db #0x00	; 0
    000001FE FF                     556 	.db #0xff	; 255
    000001FF 00                     557 	.db #0x00	; 0
    00000200 FF                     558 	.db #0xff	; 255
    00000201 10                     559 	.db #0x10	; 16
    00000202 FF                     560 	.db #0xff	; 255
    00000203 20                     561 	.db #0x20	; 32
    00000204 FF                     562 	.db #0xff	; 255
    00000205 40                     563 	.db #0x40	; 64
    00000206 FF                     564 	.db #0xff	; 255
    00000207 40                     565 	.db #0x40	; 64
    00000208 FF                     566 	.db #0xff	; 255
    00000209 30                     567 	.db #0x30	; 48	'0'
    0000020A FF                     568 	.db #0xff	; 255
    0000020B 08                     569 	.db #0x08	; 8
    0000020C FF                     570 	.db #0xff	; 255
    0000020D 04                     571 	.db #0x04	; 4
    0000020E FF                     572 	.db #0xff	; 255
    0000020F 02                     573 	.db #0x02	; 2
    00000210 C0                     574 	.db #0xc0	; 192
    00000211 3F                     575 	.db #0x3f	; 63
    00000212 E0                     576 	.db #0xe0	; 224
    00000213 1F                     577 	.db #0x1f	; 31
    00000214 F0                     578 	.db #0xf0	; 240
    00000215 0F                     579 	.db #0x0f	; 15
    00000216 F0                     580 	.db #0xf0	; 240
    00000217 0F                     581 	.db #0x0f	; 15
    00000218 F8                     582 	.db #0xf8	; 248
    00000219 07                     583 	.db #0x07	; 7
    0000021A FC                     584 	.db #0xfc	; 252
    0000021B 03                     585 	.db #0x03	; 3
    0000021C FE                     586 	.db #0xfe	; 254
    0000021D 01                     587 	.db #0x01	; 1
    0000021E FF                     588 	.db #0xff	; 255
    0000021F 00                     589 	.db #0x00	; 0
    00000220 3F                     590 	.db #0x3f	; 63
    00000221 E0                     591 	.db #0xe0	; 224
    00000222 1F                     592 	.db #0x1f	; 31
    00000223 F0                     593 	.db #0xf0	; 240
    00000224 1F                     594 	.db #0x1f	; 31
    00000225 F0                     595 	.db #0xf0	; 240
    00000226 0F                     596 	.db #0x0f	; 15
    00000227 F8                     597 	.db #0xf8	; 248
    00000228 0F                     598 	.db #0x0f	; 15
    00000229 F8                     599 	.db #0xf8	; 248
    0000022A 0B                     600 	.db #0x0b	; 11
    0000022B FC                     601 	.db #0xfc	; 252
    0000022C 07                     602 	.db #0x07	; 7
    0000022D FC                     603 	.db #0xfc	; 252
    0000022E 07                     604 	.db #0x07	; 7
    0000022F FC                     605 	.db #0xfc	; 252
    00000230 E0                     606 	.db #0xe0	; 224
    00000231 20                     607 	.db #0x20	; 32
    00000232 F0                     608 	.db #0xf0	; 240
    00000233 30                     609 	.db #0x30	; 48	'0'
    00000234 F0                     610 	.db #0xf0	; 240
    00000235 30                     611 	.db #0x30	; 48	'0'
    00000236 F8                     612 	.db #0xf8	; 248
    00000237 28                     613 	.db #0x28	; 40
    00000238 F8                     614 	.db #0xf8	; 248
    00000239 18                     615 	.db #0x18	; 24
    0000023A FC                     616 	.db #0xfc	; 252
    0000023B 14                     617 	.db #0x14	; 20
    0000023C FC                     618 	.db #0xfc	; 252
    0000023D 14                     619 	.db #0x14	; 20
    0000023E FE                     620 	.db #0xfe	; 254
    0000023F 12                     621 	.db #0x12	; 18
    00000240 F8                     622 	.db #0xf8	; 248
    00000241 0F                     623 	.db #0x0f	; 15
    00000242 F0                     624 	.db #0xf0	; 240
    00000243 1F                     625 	.db #0x1f	; 31
    00000244 F0                     626 	.db #0xf0	; 240
    00000245 1F                     627 	.db #0x1f	; 31
    00000246 F0                     628 	.db #0xf0	; 240
    00000247 1F                     629 	.db #0x1f	; 31
    00000248 F0                     630 	.db #0xf0	; 240
    00000249 1F                     631 	.db #0x1f	; 31
    0000024A F0                     632 	.db #0xf0	; 240
    0000024B 1F                     633 	.db #0x1f	; 31
    0000024C F0                     634 	.db #0xf0	; 240
    0000024D 1F                     635 	.db #0x1f	; 31
    0000024E F0                     636 	.db #0xf0	; 240
    0000024F 1F                     637 	.db #0x1f	; 31
    00000250 3F                     638 	.db #0x3f	; 63
    00000251 E0                     639 	.db #0xe0	; 224
    00000252 1F                     640 	.db #0x1f	; 31
    00000253 F8                     641 	.db #0xf8	; 248
    00000254 07                     642 	.db #0x07	; 7
    00000255 FC                     643 	.db #0xfc	; 252
    00000256 03                     644 	.db #0x03	; 3
    00000257 FE                     645 	.db #0xfe	; 254
    00000258 01                     646 	.db #0x01	; 1
    00000259 FF                     647 	.db #0xff	; 255
    0000025A 00                     648 	.db #0x00	; 0
    0000025B FF                     649 	.db #0xff	; 255
    0000025C 00                     650 	.db #0x00	; 0
    0000025D FF                     651 	.db #0xff	; 255
    0000025E 00                     652 	.db #0x00	; 0
    0000025F FF                     653 	.db #0xff	; 255
    00000260 FF                     654 	.db #0xff	; 255
    00000261 00                     655 	.db #0x00	; 0
    00000262 FF                     656 	.db #0xff	; 255
    00000263 01                     657 	.db #0x01	; 1
    00000264 FF                     658 	.db #0xff	; 255
    00000265 01                     659 	.db #0x01	; 1
    00000266 FF                     660 	.db #0xff	; 255
    00000267 01                     661 	.db #0x01	; 1
    00000268 FF                     662 	.db #0xff	; 255
    00000269 81                     663 	.db #0x81	; 129
    0000026A 7F                     664 	.db #0x7f	; 127
    0000026B C1                     665 	.db #0xc1	; 193
    0000026C 3F                     666 	.db #0x3f	; 63
    0000026D F1                     667 	.db #0xf1	; 241
    0000026E 0F                     668 	.db #0x0f	; 15
    0000026F F8                     669 	.db #0xf8	; 248
    00000270 FF                     670 	.db #0xff	; 255
    00000271 B8                     671 	.db #0xb8	; 184
    00000272 FF                     672 	.db #0xff	; 255
    00000273 06                     673 	.db #0x06	; 6
    00000274 FF                     674 	.db #0xff	; 255
    00000275 01                     675 	.db #0x01	; 1
    00000276 FF                     676 	.db #0xff	; 255
    00000277 00                     677 	.db #0x00	; 0
    00000278 FF                     678 	.db #0xff	; 255
    00000279 00                     679 	.db #0x00	; 0
    0000027A FF                     680 	.db #0xff	; 255
    0000027B C0                     681 	.db #0xc0	; 192
    0000027C FF                     682 	.db #0xff	; 255
    0000027D F0                     683 	.db #0xf0	; 240
    0000027E FF                     684 	.db #0xff	; 255
    0000027F F8                     685 	.db #0xf8	; 248
    00000280 FF                     686 	.db #0xff	; 255
    00000281 00                     687 	.db #0x00	; 0
    00000282 FF                     688 	.db #0xff	; 255
    00000283 00                     689 	.db #0x00	; 0
    00000284 FF                     690 	.db #0xff	; 255
    00000285 C0                     691 	.db #0xc0	; 192
    00000286 FF                     692 	.db #0xff	; 255
    00000287 38                     693 	.db #0x38	; 56	'8'
    00000288 FF                     694 	.db #0xff	; 255
    00000289 07                     695 	.db #0x07	; 7
    0000028A FF                     696 	.db #0xff	; 255
    0000028B 00                     697 	.db #0x00	; 0
    0000028C FF                     698 	.db #0xff	; 255
    0000028D 00                     699 	.db #0x00	; 0
    0000028E FF                     700 	.db #0xff	; 255
    0000028F 00                     701 	.db #0x00	; 0
    00000290 FF                     702 	.db #0xff	; 255
    00000291 00                     703 	.db #0x00	; 0
    00000292 FF                     704 	.db #0xff	; 255
    00000293 00                     705 	.db #0x00	; 0
    00000294 FF                     706 	.db #0xff	; 255
    00000295 01                     707 	.db #0x01	; 1
    00000296 FF                     708 	.db #0xff	; 255
    00000297 02                     709 	.db #0x02	; 2
    00000298 FF                     710 	.db #0xff	; 255
    00000299 FC                     711 	.db #0xfc	; 252
    0000029A FF                     712 	.db #0xff	; 255
    0000029B 00                     713 	.db #0x00	; 0
    0000029C FF                     714 	.db #0xff	; 255
    0000029D 00                     715 	.db #0x00	; 0
    0000029E FF                     716 	.db #0xff	; 255
    0000029F 00                     717 	.db #0x00	; 0
    000002A0 FF                     718 	.db #0xff	; 255
    000002A1 30                     719 	.db #0x30	; 48	'0'
    000002A2 FF                     720 	.db #0xff	; 255
    000002A3 40                     721 	.db #0x40	; 64
    000002A4 FF                     722 	.db #0xff	; 255
    000002A5 80                     723 	.db #0x80	; 128
    000002A6 FF                     724 	.db #0xff	; 255
    000002A7 00                     725 	.db #0x00	; 0
    000002A8 FF                     726 	.db #0xff	; 255
    000002A9 00                     727 	.db #0x00	; 0
    000002AA FF                     728 	.db #0xff	; 255
    000002AB 00                     729 	.db #0x00	; 0
    000002AC FF                     730 	.db #0xff	; 255
    000002AD 00                     731 	.db #0x00	; 0
    000002AE FF                     732 	.db #0xff	; 255
    000002AF 00                     733 	.db #0x00	; 0
    000002B0 FF                     734 	.db #0xff	; 255
    000002B1 00                     735 	.db #0x00	; 0
    000002B2 FF                     736 	.db #0xff	; 255
    000002B3 00                     737 	.db #0x00	; 0
    000002B4 FF                     738 	.db #0xff	; 255
    000002B5 3C                     739 	.db #0x3c	; 60
    000002B6 FF                     740 	.db #0xff	; 255
    000002B7 7F                     741 	.db #0x7f	; 127
    000002B8 FF                     742 	.db #0xff	; 255
    000002B9 7F                     743 	.db #0x7f	; 127
    000002BA FF                     744 	.db #0xff	; 255
    000002BB 7F                     745 	.db #0x7f	; 127
    000002BC FF                     746 	.db #0xff	; 255
    000002BD 7F                     747 	.db #0x7f	; 127
    000002BE FF                     748 	.db #0xff	; 255
    000002BF 7F                     749 	.db #0x7f	; 127
    000002C0 FF                     750 	.db #0xff	; 255
    000002C1 00                     751 	.db #0x00	; 0
    000002C2 FF                     752 	.db #0xff	; 255
    000002C3 00                     753 	.db #0x00	; 0
    000002C4 FF                     754 	.db #0xff	; 255
    000002C5 00                     755 	.db #0x00	; 0
    000002C6 FF                     756 	.db #0xff	; 255
    000002C7 C0                     757 	.db #0xc0	; 192
    000002C8 FF                     758 	.db #0xff	; 255
    000002C9 F8                     759 	.db #0xf8	; 248
    000002CA FF                     760 	.db #0xff	; 255
    000002CB FF                     761 	.db #0xff	; 255
    000002CC FF                     762 	.db #0xff	; 255
    000002CD FF                     763 	.db #0xff	; 255
    000002CE FF                     764 	.db #0xff	; 255
    000002CF FF                     765 	.db #0xff	; 255
    000002D0 FF                     766 	.db #0xff	; 255
    000002D1 03                     767 	.db #0x03	; 3
    000002D2 FF                     768 	.db #0xff	; 255
    000002D3 07                     769 	.db #0x07	; 7
    000002D4 FF                     770 	.db #0xff	; 255
    000002D5 1F                     771 	.db #0x1f	; 31
    000002D6 FF                     772 	.db #0xff	; 255
    000002D7 3F                     773 	.db #0x3f	; 63
    000002D8 FF                     774 	.db #0xff	; 255
    000002D9 3F                     775 	.db #0x3f	; 63
    000002DA FF                     776 	.db #0xff	; 255
    000002DB FF                     777 	.db #0xff	; 255
    000002DC FF                     778 	.db #0xff	; 255
    000002DD FF                     779 	.db #0xff	; 255
    000002DE FF                     780 	.db #0xff	; 255
    000002DF FF                     781 	.db #0xff	; 255
    000002E0 FF                     782 	.db #0xff	; 255
    000002E1 80                     783 	.db #0x80	; 128
    000002E2 FF                     784 	.db #0xff	; 255
    000002E3 80                     785 	.db #0x80	; 128
    000002E4 FF                     786 	.db #0xff	; 255
    000002E5 9F                     787 	.db #0x9f	; 159
    000002E6 FF                     788 	.db #0xff	; 255
    000002E7 FF                     789 	.db #0xff	; 255
    000002E8 FF                     790 	.db #0xff	; 255
    000002E9 FF                     791 	.db #0xff	; 255
    000002EA FF                     792 	.db #0xff	; 255
    000002EB FF                     793 	.db #0xff	; 255
    000002EC FF                     794 	.db #0xff	; 255
    000002ED FF                     795 	.db #0xff	; 255
    000002EE FF                     796 	.db #0xff	; 255
    000002EF FF                     797 	.db #0xff	; 255
    000002F0 FF                     798 	.db #0xff	; 255
    000002F1 00                     799 	.db #0x00	; 0
    000002F2 FF                     800 	.db #0xff	; 255
    000002F3 00                     801 	.db #0x00	; 0
    000002F4 FF                     802 	.db #0xff	; 255
    000002F5 00                     803 	.db #0x00	; 0
    000002F6 FF                     804 	.db #0xff	; 255
    000002F7 00                     805 	.db #0x00	; 0
    000002F8 FF                     806 	.db #0xff	; 255
    000002F9 00                     807 	.db #0x00	; 0
    000002FA FF                     808 	.db #0xff	; 255
    000002FB C0                     809 	.db #0xc0	; 192
    000002FC FF                     810 	.db #0xff	; 255
    000002FD F0                     811 	.db #0xf0	; 240
    000002FE FF                     812 	.db #0xff	; 255
    000002FF F8                     813 	.db #0xf8	; 248
    00000300 FF                     814 	.db #0xff	; 255
    00000301 01                     815 	.db #0x01	; 1
    00000302 FF                     816 	.db #0xff	; 255
    00000303 00                     817 	.db #0x00	; 0
    00000304 FF                     818 	.db #0xff	; 255
    00000305 00                     819 	.db #0x00	; 0
    00000306 FF                     820 	.db #0xff	; 255
    00000307 00                     821 	.db #0x00	; 0
    00000308 FF                     822 	.db #0xff	; 255
    00000309 00                     823 	.db #0x00	; 0
    0000030A FF                     824 	.db #0xff	; 255
    0000030B 00                     825 	.db #0x00	; 0
    0000030C FF                     826 	.db #0xff	; 255
    0000030D 00                     827 	.db #0x00	; 0
    0000030E FF                     828 	.db #0xff	; 255
    0000030F 00                     829 	.db #0x00	; 0
    00000310 FF                     830 	.db #0xff	; 255
    00000311 80                     831 	.db #0x80	; 128
    00000312 FF                     832 	.db #0xff	; 255
    00000313 40                     833 	.db #0x40	; 64
    00000314 FF                     834 	.db #0xff	; 255
    00000315 20                     835 	.db #0x20	; 32
    00000316 FF                     836 	.db #0xff	; 255
    00000317 10                     837 	.db #0x10	; 16
    00000318 FF                     838 	.db #0xff	; 255
    00000319 08                     839 	.db #0x08	; 8
    0000031A FF                     840 	.db #0xff	; 255
    0000031B 04                     841 	.db #0x04	; 4
    0000031C FF                     842 	.db #0xff	; 255
    0000031D 04                     843 	.db #0x04	; 4
    0000031E FF                     844 	.db #0xff	; 255
    0000031F 02                     845 	.db #0x02	; 2
    00000320 85                     846 	.db #0x85	; 133
    00000321 7E                     847 	.db #0x7e	; 126
    00000322 83                     848 	.db #0x83	; 131
    00000323 7E                     849 	.db #0x7e	; 126
    00000324 C3                     850 	.db #0xc3	; 195
    00000325 3E                     851 	.db #0x3e	; 62
    00000326 E2                     852 	.db #0xe2	; 226
    00000327 1F                     853 	.db #0x1f	; 31
    00000328 E1                     854 	.db #0xe1	; 225
    00000329 1F                     855 	.db #0x1f	; 31
    0000032A F1                     856 	.db #0xf1	; 241
    0000032B 0F                     857 	.db #0x0f	; 15
    0000032C F0                     858 	.db #0xf0	; 240
    0000032D 0F                     859 	.db #0x0f	; 15
    0000032E F8                     860 	.db #0xf8	; 248
    0000032F 07                     861 	.db #0x07	; 7
    00000330 FF                     862 	.db #0xff	; 255
    00000331 00                     863 	.db #0x00	; 0
    00000332 FF                     864 	.db #0xff	; 255
    00000333 00                     865 	.db #0x00	; 0
    00000334 FF                     866 	.db #0xff	; 255
    00000335 00                     867 	.db #0x00	; 0
    00000336 FF                     868 	.db #0xff	; 255
    00000337 00                     869 	.db #0x00	; 0
    00000338 FF                     870 	.db #0xff	; 255
    00000339 00                     871 	.db #0x00	; 0
    0000033A FF                     872 	.db #0xff	; 255
    0000033B 00                     873 	.db #0x00	; 0
    0000033C FF                     874 	.db #0xff	; 255
    0000033D 80                     875 	.db #0x80	; 128
    0000033E FF                     876 	.db #0xff	; 255
    0000033F 80                     877 	.db #0x80	; 128
    00000340 FE                     878 	.db #0xfe	; 254
    00000341 12                     879 	.db #0x12	; 18
    00000342 FE                     880 	.db #0xfe	; 254
    00000343 0A                     881 	.db #0x0a	; 10
    00000344 FF                     882 	.db #0xff	; 255
    00000345 09                     883 	.db #0x09	; 9
    00000346 FF                     884 	.db #0xff	; 255
    00000347 09                     885 	.db #0x09	; 9
    00000348 FF                     886 	.db #0xff	; 255
    00000349 09                     887 	.db #0x09	; 9
    0000034A FF                     888 	.db #0xff	; 255
    0000034B 09                     889 	.db #0x09	; 9
    0000034C FF                     890 	.db #0xff	; 255
    0000034D 04                     891 	.db #0x04	; 4
    0000034E FF                     892 	.db #0xff	; 255
    0000034F 04                     893 	.db #0x04	; 4
    00000350 00                     894 	.db #0x00	; 0
    00000351 00                     895 	.db #0x00	; 0
    00000352 00                     896 	.db #0x00	; 0
    00000353 00                     897 	.db #0x00	; 0
    00000354 00                     898 	.db #0x00	; 0
    00000355 00                     899 	.db #0x00	; 0
    00000356 00                     900 	.db #0x00	; 0
    00000357 00                     901 	.db #0x00	; 0
    00000358 00                     902 	.db #0x00	; 0
    00000359 00                     903 	.db #0x00	; 0
    0000035A 00                     904 	.db #0x00	; 0
    0000035B 00                     905 	.db #0x00	; 0
    0000035C 80                     906 	.db #0x80	; 128
    0000035D 80                     907 	.db #0x80	; 128
    0000035E 80                     908 	.db #0x80	; 128
    0000035F 80                     909 	.db #0x80	; 128
    00000360 F0                     910 	.db #0xf0	; 240
    00000361 1F                     911 	.db #0x1f	; 31
    00000362 F0                     912 	.db #0xf0	; 240
    00000363 1F                     913 	.db #0x1f	; 31
    00000364 F0                     914 	.db #0xf0	; 240
    00000365 1F                     915 	.db #0x1f	; 31
    00000366 FC                     916 	.db #0xfc	; 252
    00000367 13                     917 	.db #0x13	; 19
    00000368 FC                     918 	.db #0xfc	; 252
    00000369 23                     919 	.db #0x23	; 35
    0000036A FE                     920 	.db #0xfe	; 254
    0000036B 21                     921 	.db #0x21	; 33
    0000036C FE                     922 	.db #0xfe	; 254
    0000036D 21                     923 	.db #0x21	; 33
    0000036E FE                     924 	.db #0xfe	; 254
    0000036F 21                     925 	.db #0x21	; 33
    00000370 07                     926 	.db #0x07	; 7
    00000371 FE                     927 	.db #0xfe	; 254
    00000372 01                     928 	.db #0x01	; 1
    00000373 FF                     929 	.db #0xff	; 255
    00000374 01                     930 	.db #0x01	; 1
    00000375 FF                     931 	.db #0xff	; 255
    00000376 0F                     932 	.db #0x0f	; 15
    00000377 F2                     933 	.db #0xf2	; 242
    00000378 0F                     934 	.db #0x0f	; 15
    00000379 F2                     935 	.db #0xf2	; 242
    0000037A 1F                     936 	.db #0x1f	; 31
    0000037B E4                     937 	.db #0xe4	; 228
    0000037C 3F                     938 	.db #0x3f	; 63
    0000037D C8                     939 	.db #0xc8	; 200
    0000037E 7F                     940 	.db #0x7f	; 127
    0000037F 88                     941 	.db #0x88	; 136
    00000380 FF                     942 	.db #0xff	; 255
    00000381 FE                     943 	.db #0xfe	; 254
    00000382 FF                     944 	.db #0xff	; 255
    00000383 FF                     945 	.db #0xff	; 255
    00000384 FF                     946 	.db #0xff	; 255
    00000385 FF                     947 	.db #0xff	; 255
    00000386 FF                     948 	.db #0xff	; 255
    00000387 7F                     949 	.db #0x7f	; 127
    00000388 FF                     950 	.db #0xff	; 255
    00000389 7F                     951 	.db #0x7f	; 127
    0000038A FF                     952 	.db #0xff	; 255
    0000038B 5F                     953 	.db #0x5f	; 95
    0000038C FF                     954 	.db #0xff	; 255
    0000038D 3F                     955 	.db #0x3f	; 63
    0000038E FF                     956 	.db #0xff	; 255
    0000038F 2F                     957 	.db #0x2f	; 47
    00000390 FF                     958 	.db #0xff	; 255
    00000391 00                     959 	.db #0x00	; 0
    00000392 FF                     960 	.db #0xff	; 255
    00000393 C0                     961 	.db #0xc0	; 192
    00000394 FF                     962 	.db #0xff	; 255
    00000395 FC                     963 	.db #0xfc	; 252
    00000396 FF                     964 	.db #0xff	; 255
    00000397 FF                     965 	.db #0xff	; 255
    00000398 FF                     966 	.db #0xff	; 255
    00000399 FF                     967 	.db #0xff	; 255
    0000039A FF                     968 	.db #0xff	; 255
    0000039B FF                     969 	.db #0xff	; 255
    0000039C FF                     970 	.db #0xff	; 255
    0000039D FF                     971 	.db #0xff	; 255
    0000039E FF                     972 	.db #0xff	; 255
    0000039F FF                     973 	.db #0xff	; 255
    000003A0 FF                     974 	.db #0xff	; 255
    000003A1 00                     975 	.db #0x00	; 0
    000003A2 FF                     976 	.db #0xff	; 255
    000003A3 00                     977 	.db #0x00	; 0
    000003A4 FF                     978 	.db #0xff	; 255
    000003A5 00                     979 	.db #0x00	; 0
    000003A6 FF                     980 	.db #0xff	; 255
    000003A7 FF                     981 	.db #0xff	; 255
    000003A8 FF                     982 	.db #0xff	; 255
    000003A9 FF                     983 	.db #0xff	; 255
    000003AA FF                     984 	.db #0xff	; 255
    000003AB FF                     985 	.db #0xff	; 255
    000003AC FF                     986 	.db #0xff	; 255
    000003AD FF                     987 	.db #0xff	; 255
    000003AE FF                     988 	.db #0xff	; 255
    000003AF FF                     989 	.db #0xff	; 255
    000003B0 FF                     990 	.db #0xff	; 255
    000003B1 00                     991 	.db #0x00	; 0
    000003B2 FF                     992 	.db #0xff	; 255
    000003B3 00                     993 	.db #0x00	; 0
    000003B4 FF                     994 	.db #0xff	; 255
    000003B5 3F                     995 	.db #0x3f	; 63
    000003B6 FF                     996 	.db #0xff	; 255
    000003B7 FF                     997 	.db #0xff	; 255
    000003B8 FF                     998 	.db #0xff	; 255
    000003B9 FF                     999 	.db #0xff	; 255
    000003BA FF                    1000 	.db #0xff	; 255
    000003BB FF                    1001 	.db #0xff	; 255
    000003BC FF                    1002 	.db #0xff	; 255
    000003BD FF                    1003 	.db #0xff	; 255
    000003BE FF                    1004 	.db #0xff	; 255
    000003BF FF                    1005 	.db #0xff	; 255
    000003C0 FF                    1006 	.db #0xff	; 255
    000003C1 7F                    1007 	.db #0x7f	; 127
    000003C2 FF                    1008 	.db #0xff	; 255
    000003C3 7F                    1009 	.db #0x7f	; 127
    000003C4 FF                    1010 	.db #0xff	; 255
    000003C5 FF                    1011 	.db #0xff	; 255
    000003C6 FF                    1012 	.db #0xff	; 255
    000003C7 FF                    1013 	.db #0xff	; 255
    000003C8 FF                    1014 	.db #0xff	; 255
    000003C9 FF                    1015 	.db #0xff	; 255
    000003CA FF                    1016 	.db #0xff	; 255
    000003CB FF                    1017 	.db #0xff	; 255
    000003CC FF                    1018 	.db #0xff	; 255
    000003CD FF                    1019 	.db #0xff	; 255
    000003CE FF                    1020 	.db #0xff	; 255
    000003CF FF                    1021 	.db #0xff	; 255
    000003D0 FF                    1022 	.db #0xff	; 255
    000003D1 FF                    1023 	.db #0xff	; 255
    000003D2 FF                    1024 	.db #0xff	; 255
    000003D3 FF                    1025 	.db #0xff	; 255
    000003D4 FF                    1026 	.db #0xff	; 255
    000003D5 FF                    1027 	.db #0xff	; 255
    000003D6 FF                    1028 	.db #0xff	; 255
    000003D7 FF                    1029 	.db #0xff	; 255
    000003D8 FF                    1030 	.db #0xff	; 255
    000003D9 FF                    1031 	.db #0xff	; 255
    000003DA FF                    1032 	.db #0xff	; 255
    000003DB FF                    1033 	.db #0xff	; 255
    000003DC FF                    1034 	.db #0xff	; 255
    000003DD FF                    1035 	.db #0xff	; 255
    000003DE FF                    1036 	.db #0xff	; 255
    000003DF FF                    1037 	.db #0xff	; 255
    000003E0 FF                    1038 	.db #0xff	; 255
    000003E1 F8                    1039 	.db #0xf8	; 248
    000003E2 FF                    1040 	.db #0xff	; 255
    000003E3 F8                    1041 	.db #0xf8	; 248
    000003E4 FF                    1042 	.db #0xff	; 255
    000003E5 FC                    1043 	.db #0xfc	; 252
    000003E6 FF                    1044 	.db #0xff	; 255
    000003E7 FE                    1045 	.db #0xfe	; 254
    000003E8 FF                    1046 	.db #0xff	; 255
    000003E9 FF                    1047 	.db #0xff	; 255
    000003EA FF                    1048 	.db #0xff	; 255
    000003EB FF                    1049 	.db #0xff	; 255
    000003EC FF                    1050 	.db #0xff	; 255
    000003ED FF                    1051 	.db #0xff	; 255
    000003EE FF                    1052 	.db #0xff	; 255
    000003EF FF                    1053 	.db #0xff	; 255
    000003F0 FF                    1054 	.db #0xff	; 255
    000003F1 02                    1055 	.db #0x02	; 2
    000003F2 FF                    1056 	.db #0xff	; 255
    000003F3 01                    1057 	.db #0x01	; 1
    000003F4 FF                    1058 	.db #0xff	; 255
    000003F5 01                    1059 	.db #0x01	; 1
    000003F6 FF                    1060 	.db #0xff	; 255
    000003F7 00                    1061 	.db #0x00	; 0
    000003F8 FF                    1062 	.db #0xff	; 255
    000003F9 00                    1063 	.db #0x00	; 0
    000003FA FF                    1064 	.db #0xff	; 255
    000003FB 00                    1065 	.db #0x00	; 0
    000003FC FF                    1066 	.db #0xff	; 255
    000003FD 00                    1067 	.db #0x00	; 0
    000003FE FF                    1068 	.db #0xff	; 255
    000003FF 00                    1069 	.db #0x00	; 0
    00000400 F8                    1070 	.db #0xf8	; 248
    00000401 07                    1071 	.db #0x07	; 7
    00000402 FC                    1072 	.db #0xfc	; 252
    00000403 03                    1073 	.db #0x03	; 3
    00000404 FE                    1074 	.db #0xfe	; 254
    00000405 01                    1075 	.db #0x01	; 1
    00000406 FE                    1076 	.db #0xfe	; 254
    00000407 81                    1077 	.db #0x81	; 129
    00000408 FE                    1078 	.db #0xfe	; 254
    00000409 81                    1079 	.db #0x81	; 129
    0000040A FF                    1080 	.db #0xff	; 255
    0000040B 80                    1081 	.db #0x80	; 128
    0000040C FF                    1082 	.db #0xff	; 255
    0000040D 80                    1083 	.db #0x80	; 128
    0000040E FF                    1084 	.db #0xff	; 255
    0000040F 40                    1085 	.db #0x40	; 64
    00000410 FF                    1086 	.db #0xff	; 255
    00000411 80                    1087 	.db #0x80	; 128
    00000412 7F                    1088 	.db #0x7f	; 127
    00000413 C0                    1089 	.db #0xc0	; 192
    00000414 7F                    1090 	.db #0x7f	; 127
    00000415 C0                    1091 	.db #0xc0	; 192
    00000416 7F                    1092 	.db #0x7f	; 127
    00000417 C0                    1093 	.db #0xc0	; 192
    00000418 3F                    1094 	.db #0x3f	; 63
    00000419 E0                    1095 	.db #0xe0	; 224
    0000041A 3F                    1096 	.db #0x3f	; 63
    0000041B E0                    1097 	.db #0xe0	; 224
    0000041C 3F                    1098 	.db #0x3f	; 63
    0000041D E0                    1099 	.db #0xe0	; 224
    0000041E 3F                    1100 	.db #0x3f	; 63
    0000041F E0                    1101 	.db #0xe0	; 224
    00000420 FF                    1102 	.db #0xff	; 255
    00000421 04                    1103 	.db #0x04	; 4
    00000422 FF                    1104 	.db #0xff	; 255
    00000423 04                    1105 	.db #0x04	; 4
    00000424 FF                    1106 	.db #0xff	; 255
    00000425 04                    1107 	.db #0x04	; 4
    00000426 FF                    1108 	.db #0xff	; 255
    00000427 04                    1109 	.db #0x04	; 4
    00000428 FF                    1110 	.db #0xff	; 255
    00000429 04                    1111 	.db #0x04	; 4
    0000042A FF                    1112 	.db #0xff	; 255
    0000042B 04                    1113 	.db #0x04	; 4
    0000042C FF                    1114 	.db #0xff	; 255
    0000042D 04                    1115 	.db #0x04	; 4
    0000042E FF                    1116 	.db #0xff	; 255
    0000042F 04                    1117 	.db #0x04	; 4
    00000430 80                    1118 	.db #0x80	; 128
    00000431 80                    1119 	.db #0x80	; 128
    00000432 80                    1120 	.db #0x80	; 128
    00000433 80                    1121 	.db #0x80	; 128
    00000434 80                    1122 	.db #0x80	; 128
    00000435 80                    1123 	.db #0x80	; 128
    00000436 C0                    1124 	.db #0xc0	; 192
    00000437 40                    1125 	.db #0x40	; 64
    00000438 C0                    1126 	.db #0xc0	; 192
    00000439 40                    1127 	.db #0x40	; 64
    0000043A C0                    1128 	.db #0xc0	; 192
    0000043B 40                    1129 	.db #0x40	; 64
    0000043C C0                    1130 	.db #0xc0	; 192
    0000043D 40                    1131 	.db #0x40	; 64
    0000043E C0                    1132 	.db #0xc0	; 192
    0000043F 40                    1133 	.db #0x40	; 64
    00000440 FE                    1134 	.db #0xfe	; 254
    00000441 21                    1135 	.db #0x21	; 33
    00000442 FF                    1136 	.db #0xff	; 255
    00000443 20                    1137 	.db #0x20	; 32
    00000444 FF                    1138 	.db #0xff	; 255
    00000445 20                    1139 	.db #0x20	; 32
    00000446 FF                    1140 	.db #0xff	; 255
    00000447 20                    1141 	.db #0x20	; 32
    00000448 FF                    1142 	.db #0xff	; 255
    00000449 3F                    1143 	.db #0x3f	; 63
    0000044A FF                    1144 	.db #0xff	; 255
    0000044B 10                    1145 	.db #0x10	; 16
    0000044C FF                    1146 	.db #0xff	; 255
    0000044D 10                    1147 	.db #0x10	; 16
    0000044E FF                    1148 	.db #0xff	; 255
    0000044F 08                    1149 	.db #0x08	; 8
    00000450 00                    1150 	.db #0x00	; 0
    00000451 FF                    1151 	.db #0xff	; 255
    00000452 00                    1152 	.db #0x00	; 0
    00000453 FF                    1153 	.db #0xff	; 255
    00000454 C0                    1154 	.db #0xc0	; 192
    00000455 3F                    1155 	.db #0x3f	; 63
    00000456 FF                    1156 	.db #0xff	; 255
    00000457 00                    1157 	.db #0x00	; 0
    00000458 FF                    1158 	.db #0xff	; 255
    00000459 80                    1159 	.db #0x80	; 128
    0000045A FF                    1160 	.db #0xff	; 255
    0000045B 7F                    1161 	.db #0x7f	; 127
    0000045C FF                    1162 	.db #0xff	; 255
    0000045D 00                    1163 	.db #0x00	; 0
    0000045E FF                    1164 	.db #0xff	; 255
    0000045F 00                    1165 	.db #0x00	; 0
    00000460 7F                    1166 	.db #0x7f	; 127
    00000461 90                    1167 	.db #0x90	; 144
    00000462 7F                    1168 	.db #0x7f	; 127
    00000463 90                    1169 	.db #0x90	; 144
    00000464 FF                    1170 	.db #0xff	; 255
    00000465 20                    1171 	.db #0x20	; 32
    00000466 FF                    1172 	.db #0xff	; 255
    00000467 40                    1173 	.db #0x40	; 64
    00000468 FF                    1174 	.db #0xff	; 255
    00000469 40                    1175 	.db #0x40	; 64
    0000046A FF                    1176 	.db #0xff	; 255
    0000046B 80                    1177 	.db #0x80	; 128
    0000046C FE                    1178 	.db #0xfe	; 254
    0000046D 81                    1179 	.db #0x81	; 129
    0000046E FE                    1180 	.db #0xfe	; 254
    0000046F 41                    1181 	.db #0x41	; 65	'A'
    00000470 FF                    1182 	.db #0xff	; 255
    00000471 27                    1183 	.db #0x27	; 39
    00000472 FF                    1184 	.db #0xff	; 255
    00000473 13                    1185 	.db #0x13	; 19
    00000474 FF                    1186 	.db #0xff	; 255
    00000475 11                    1187 	.db #0x11	; 17
    00000476 FF                    1188 	.db #0xff	; 255
    00000477 10                    1189 	.db #0x10	; 16
    00000478 FF                    1190 	.db #0xff	; 255
    00000479 10                    1191 	.db #0x10	; 16
    0000047A FF                    1192 	.db #0xff	; 255
    0000047B 09                    1193 	.db #0x09	; 9
    0000047C 3F                    1194 	.db #0x3f	; 63
    0000047D CB                    1195 	.db #0xcb	; 203
    0000047E 3F                    1196 	.db #0x3f	; 63
    0000047F CF                    1197 	.db #0xcf	; 207
    00000480 FF                    1198 	.db #0xff	; 255
    00000481 FF                    1199 	.db #0xff	; 255
    00000482 FF                    1200 	.db #0xff	; 255
    00000483 FF                    1201 	.db #0xff	; 255
    00000484 FF                    1202 	.db #0xff	; 255
    00000485 FF                    1203 	.db #0xff	; 255
    00000486 FF                    1204 	.db #0xff	; 255
    00000487 FF                    1205 	.db #0xff	; 255
    00000488 FF                    1206 	.db #0xff	; 255
    00000489 FF                    1207 	.db #0xff	; 255
    0000048A FF                    1208 	.db #0xff	; 255
    0000048B FF                    1209 	.db #0xff	; 255
    0000048C FF                    1210 	.db #0xff	; 255
    0000048D FF                    1211 	.db #0xff	; 255
    0000048E FE                    1212 	.db #0xfe	; 254
    0000048F FF                    1213 	.db #0xff	; 255
    00000490 FF                    1214 	.db #0xff	; 255
    00000491 FF                    1215 	.db #0xff	; 255
    00000492 FF                    1216 	.db #0xff	; 255
    00000493 FF                    1217 	.db #0xff	; 255
    00000494 FF                    1218 	.db #0xff	; 255
    00000495 FF                    1219 	.db #0xff	; 255
    00000496 FF                    1220 	.db #0xff	; 255
    00000497 FF                    1221 	.db #0xff	; 255
    00000498 FF                    1222 	.db #0xff	; 255
    00000499 FF                    1223 	.db #0xff	; 255
    0000049A 87                    1224 	.db #0x87	; 135
    0000049B FF                    1225 	.db #0xff	; 255
    0000049C 00                    1226 	.db #0x00	; 0
    0000049D FF                    1227 	.db #0xff	; 255
    0000049E 00                    1228 	.db #0x00	; 0
    0000049F FF                    1229 	.db #0xff	; 255
    000004A0 FF                    1230 	.db #0xff	; 255
    000004A1 FF                    1231 	.db #0xff	; 255
    000004A2 FF                    1232 	.db #0xff	; 255
    000004A3 FF                    1233 	.db #0xff	; 255
    000004A4 FF                    1234 	.db #0xff	; 255
    000004A5 FF                    1235 	.db #0xff	; 255
    000004A6 FF                    1236 	.db #0xff	; 255
    000004A7 FF                    1237 	.db #0xff	; 255
    000004A8 FF                    1238 	.db #0xff	; 255
    000004A9 FF                    1239 	.db #0xff	; 255
    000004AA FF                    1240 	.db #0xff	; 255
    000004AB FF                    1241 	.db #0xff	; 255
    000004AC 7F                    1242 	.db #0x7f	; 127
    000004AD FF                    1243 	.db #0xff	; 255
    000004AE 3F                    1244 	.db #0x3f	; 63
    000004AF FF                    1245 	.db #0xff	; 255
    000004B0 FF                    1246 	.db #0xff	; 255
    000004B1 C0                    1247 	.db #0xc0	; 192
    000004B2 FF                    1248 	.db #0xff	; 255
    000004B3 C0                    1249 	.db #0xc0	; 192
    000004B4 FF                    1250 	.db #0xff	; 255
    000004B5 E0                    1251 	.db #0xe0	; 224
    000004B6 FF                    1252 	.db #0xff	; 255
    000004B7 E4                    1253 	.db #0xe4	; 228
    000004B8 FF                    1254 	.db #0xff	; 255
    000004B9 E2                    1255 	.db #0xe2	; 226
    000004BA FF                    1256 	.db #0xff	; 255
    000004BB F1                    1257 	.db #0xf1	; 241
    000004BC FF                    1258 	.db #0xff	; 255
    000004BD F1                    1259 	.db #0xf1	; 241
    000004BE FF                    1260 	.db #0xff	; 255
    000004BF F1                    1261 	.db #0xf1	; 241
    000004C0 FF                    1262 	.db #0xff	; 255
    000004C1 40                    1263 	.db #0x40	; 64
    000004C2 FF                    1264 	.db #0xff	; 255
    000004C3 40                    1265 	.db #0x40	; 64
    000004C4 FF                    1266 	.db #0xff	; 255
    000004C5 20                    1267 	.db #0x20	; 32
    000004C6 FF                    1268 	.db #0xff	; 255
    000004C7 20                    1269 	.db #0x20	; 32
    000004C8 FF                    1270 	.db #0xff	; 255
    000004C9 20                    1271 	.db #0x20	; 32
    000004CA FF                    1272 	.db #0xff	; 255
    000004CB 20                    1273 	.db #0x20	; 32
    000004CC FF                    1274 	.db #0xff	; 255
    000004CD 20                    1275 	.db #0x20	; 32
    000004CE FF                    1276 	.db #0xff	; 255
    000004CF 20                    1277 	.db #0x20	; 32
    000004D0 FF                    1278 	.db #0xff	; 255
    000004D1 20                    1279 	.db #0x20	; 32
    000004D2 FF                    1280 	.db #0xff	; 255
    000004D3 70                    1281 	.db #0x70	; 112	'p'
    000004D4 CF                    1282 	.db #0xcf	; 207
    000004D5 B8                    1283 	.db #0xb8	; 184
    000004D6 CF                    1284 	.db #0xcf	; 207
    000004D7 BC                    1285 	.db #0xbc	; 188
    000004D8 CF                    1286 	.db #0xcf	; 207
    000004D9 BA                    1287 	.db #0xba	; 186
    000004DA CF                    1288 	.db #0xcf	; 207
    000004DB B9                    1289 	.db #0xb9	; 185
    000004DC CF                    1290 	.db #0xcf	; 207
    000004DD B9                    1291 	.db #0xb9	; 185
    000004DE CF                    1292 	.db #0xcf	; 207
    000004DF B8                    1293 	.db #0xb8	; 184
    000004E0 FF                    1294 	.db #0xff	; 255
    000004E1 04                    1295 	.db #0x04	; 4
    000004E2 FF                    1296 	.db #0xff	; 255
    000004E3 04                    1297 	.db #0x04	; 4
    000004E4 FF                    1298 	.db #0xff	; 255
    000004E5 08                    1299 	.db #0x08	; 8
    000004E6 FF                    1300 	.db #0xff	; 255
    000004E7 08                    1301 	.db #0x08	; 8
    000004E8 FF                    1302 	.db #0xff	; 255
    000004E9 08                    1303 	.db #0x08	; 8
    000004EA FF                    1304 	.db #0xff	; 255
    000004EB 08                    1305 	.db #0x08	; 8
    000004EC FF                    1306 	.db #0xff	; 255
    000004ED 08                    1307 	.db #0x08	; 8
    000004EE FF                    1308 	.db #0xff	; 255
    000004EF 90                    1309 	.db #0x90	; 144
    000004F0 C0                    1310 	.db #0xc0	; 192
    000004F1 40                    1311 	.db #0x40	; 64
    000004F2 C0                    1312 	.db #0xc0	; 192
    000004F3 40                    1313 	.db #0x40	; 64
    000004F4 C0                    1314 	.db #0xc0	; 192
    000004F5 40                    1315 	.db #0x40	; 64
    000004F6 C0                    1316 	.db #0xc0	; 192
    000004F7 40                    1317 	.db #0x40	; 64
    000004F8 C0                    1318 	.db #0xc0	; 192
    000004F9 40                    1319 	.db #0x40	; 64
    000004FA C0                    1320 	.db #0xc0	; 192
    000004FB 40                    1321 	.db #0x40	; 64
    000004FC C0                    1322 	.db #0xc0	; 192
    000004FD 40                    1323 	.db #0x40	; 64
    000004FE C0                    1324 	.db #0xc0	; 192
    000004FF 40                    1325 	.db #0x40	; 64
    00000500 FF                    1326 	.db #0xff	; 255
    00000501 08                    1327 	.db #0x08	; 8
    00000502 FF                    1328 	.db #0xff	; 255
    00000503 04                    1329 	.db #0x04	; 4
    00000504 FF                    1330 	.db #0xff	; 255
    00000505 04                    1331 	.db #0x04	; 4
    00000506 FF                    1332 	.db #0xff	; 255
    00000507 02                    1333 	.db #0x02	; 2
    00000508 FF                    1334 	.db #0xff	; 255
    00000509 02                    1335 	.db #0x02	; 2
    0000050A FF                    1336 	.db #0xff	; 255
    0000050B 01                    1337 	.db #0x01	; 1
    0000050C FF                    1338 	.db #0xff	; 255
    0000050D 01                    1339 	.db #0x01	; 1
    0000050E FF                    1340 	.db #0xff	; 255
    0000050F 00                    1341 	.db #0x00	; 0
    00000510 FF                    1342 	.db #0xff	; 255
    00000511 00                    1343 	.db #0x00	; 0
    00000512 FF                    1344 	.db #0xff	; 255
    00000513 00                    1345 	.db #0x00	; 0
    00000514 FF                    1346 	.db #0xff	; 255
    00000515 00                    1347 	.db #0x00	; 0
    00000516 FF                    1348 	.db #0xff	; 255
    00000517 00                    1349 	.db #0x00	; 0
    00000518 FF                    1350 	.db #0xff	; 255
    00000519 00                    1351 	.db #0x00	; 0
    0000051A FF                    1352 	.db #0xff	; 255
    0000051B 00                    1353 	.db #0x00	; 0
    0000051C FC                    1354 	.db #0xfc	; 252
    0000051D 03                    1355 	.db #0x03	; 3
    0000051E F8                    1356 	.db #0xf8	; 248
    0000051F 87                    1357 	.db #0x87	; 135
    00000520 FC                    1358 	.db #0xfc	; 252
    00000521 43                    1359 	.db #0x43	; 67	'C'
    00000522 F8                    1360 	.db #0xf8	; 248
    00000523 27                    1361 	.db #0x27	; 39
    00000524 F0                    1362 	.db #0xf0	; 240
    00000525 2F                    1363 	.db #0x2f	; 47
    00000526 F0                    1364 	.db #0xf0	; 240
    00000527 1F                    1365 	.db #0x1f	; 31
    00000528 D0                    1366 	.db #0xd0	; 208
    00000529 3F                    1367 	.db #0x3f	; 63
    0000052A 90                    1368 	.db #0x90	; 144
    0000052B 7F                    1369 	.db #0x7f	; 127
    0000052C 08                    1370 	.db #0x08	; 8
    0000052D FF                    1371 	.db #0xff	; 255
    0000052E 08                    1372 	.db #0x08	; 8
    0000052F FF                    1373 	.db #0xff	; 255
    00000530 1F                    1374 	.db #0x1f	; 31
    00000531 E7                    1375 	.db #0xe7	; 231
    00000532 1F                    1376 	.db #0x1f	; 31
    00000533 E7                    1377 	.db #0xe7	; 231
    00000534 0F                    1378 	.db #0x0f	; 15
    00000535 F7                    1379 	.db #0xf7	; 247
    00000536 0F                    1380 	.db #0x0f	; 15
    00000537 F3                    1381 	.db #0xf3	; 243
    00000538 0F                    1382 	.db #0x0f	; 15
    00000539 F3                    1383 	.db #0xf3	; 243
    0000053A 0F                    1384 	.db #0x0f	; 15
    0000053B F3                    1385 	.db #0xf3	; 243
    0000053C 1F                    1386 	.db #0x1f	; 31
    0000053D E1                    1387 	.db #0xe1	; 225
    0000053E 3F                    1388 	.db #0x3f	; 63
    0000053F C1                    1389 	.db #0xc1	; 193
    00000540 FE                    1390 	.db #0xfe	; 254
    00000541 FF                    1391 	.db #0xff	; 255
    00000542 FC                    1392 	.db #0xfc	; 252
    00000543 FF                    1393 	.db #0xff	; 255
    00000544 F8                    1394 	.db #0xf8	; 248
    00000545 FF                    1395 	.db #0xff	; 255
    00000546 F8                    1396 	.db #0xf8	; 248
    00000547 FF                    1397 	.db #0xff	; 255
    00000548 F0                    1398 	.db #0xf0	; 240
    00000549 FF                    1399 	.db #0xff	; 255
    0000054A F1                    1400 	.db #0xf1	; 241
    0000054B FF                    1401 	.db #0xff	; 255
    0000054C EF                    1402 	.db #0xef	; 239
    0000054D FF                    1403 	.db #0xff	; 255
    0000054E FF                    1404 	.db #0xff	; 255
    0000054F FF                    1405 	.db #0xff	; 255
    00000550 00                    1406 	.db #0x00	; 0
    00000551 FF                    1407 	.db #0xff	; 255
    00000552 00                    1408 	.db #0x00	; 0
    00000553 FF                    1409 	.db #0xff	; 255
    00000554 00                    1410 	.db #0x00	; 0
    00000555 FF                    1411 	.db #0xff	; 255
    00000556 07                    1412 	.db #0x07	; 7
    00000557 FF                    1413 	.db #0xff	; 255
    00000558 3F                    1414 	.db #0x3f	; 63
    00000559 FF                    1415 	.db #0xff	; 255
    0000055A FE                    1416 	.db #0xfe	; 254
    0000055B FF                    1417 	.db #0xff	; 255
    0000055C FC                    1418 	.db #0xfc	; 252
    0000055D FF                    1419 	.db #0xff	; 255
    0000055E F8                    1420 	.db #0xf8	; 248
    0000055F FF                    1421 	.db #0xff	; 255
    00000560 0F                    1422 	.db #0x0f	; 15
    00000561 FF                    1423 	.db #0xff	; 255
    00000562 07                    1424 	.db #0x07	; 7
    00000563 FF                    1425 	.db #0xff	; 255
    00000564 03                    1426 	.db #0x03	; 3
    00000565 FF                    1427 	.db #0xff	; 255
    00000566 80                    1428 	.db #0x80	; 128
    00000567 FF                    1429 	.db #0xff	; 255
    00000568 00                    1430 	.db #0x00	; 0
    00000569 FF                    1431 	.db #0xff	; 255
    0000056A 00                    1432 	.db #0x00	; 0
    0000056B FF                    1433 	.db #0xff	; 255
    0000056C 00                    1434 	.db #0x00	; 0
    0000056D FF                    1435 	.db #0xff	; 255
    0000056E 01                    1436 	.db #0x01	; 1
    0000056F FF                    1437 	.db #0xff	; 255
    00000570 FF                    1438 	.db #0xff	; 255
    00000571 F0                    1439 	.db #0xf0	; 240
    00000572 FF                    1440 	.db #0xff	; 255
    00000573 F8                    1441 	.db #0xf8	; 248
    00000574 FF                    1442 	.db #0xff	; 255
    00000575 F8                    1443 	.db #0xf8	; 248
    00000576 FF                    1444 	.db #0xff	; 255
    00000577 F8                    1445 	.db #0xf8	; 248
    00000578 7F                    1446 	.db #0x7f	; 127
    00000579 FC                    1447 	.db #0xfc	; 252
    0000057A 7F                    1448 	.db #0x7f	; 127
    0000057B BC                    1449 	.db #0xbc	; 188
    0000057C 7F                    1450 	.db #0x7f	; 127
    0000057D 9E                    1451 	.db #0x9e	; 158
    0000057E FF                    1452 	.db #0xff	; 255
    0000057F 8F                    1453 	.db #0x8f	; 143
    00000580 FF                    1454 	.db #0xff	; 255
    00000581 80                    1455 	.db #0x80	; 128
    00000582 FF                    1456 	.db #0xff	; 255
    00000583 80                    1457 	.db #0x80	; 128
    00000584 FF                    1458 	.db #0xff	; 255
    00000585 90                    1459 	.db #0x90	; 144
    00000586 FF                    1460 	.db #0xff	; 255
    00000587 8F                    1461 	.db #0x8f	; 143
    00000588 F9                    1462 	.db #0xf9	; 249
    00000589 8E                    1463 	.db #0x8e	; 142
    0000058A F9                    1464 	.db #0xf9	; 249
    0000058B 8E                    1465 	.db #0x8e	; 142
    0000058C FB                    1466 	.db #0xfb	; 251
    0000058D 8E                    1467 	.db #0x8e	; 142
    0000058E F9                    1468 	.db #0xf9	; 249
    0000058F 8F                    1469 	.db #0x8f	; 143
    00000590 FF                    1470 	.db #0xff	; 255
    00000591 20                    1471 	.db #0x20	; 32
    00000592 FF                    1472 	.db #0xff	; 255
    00000593 21                    1473 	.db #0x21	; 33
    00000594 FF                    1474 	.db #0xff	; 255
    00000595 01                    1475 	.db #0x01	; 1
    00000596 FF                    1476 	.db #0xff	; 255
    00000597 C1                    1477 	.db #0xc1	; 193
    00000598 FF                    1478 	.db #0xff	; 255
    00000599 21                    1479 	.db #0x21	; 33
    0000059A FF                    1480 	.db #0xff	; 255
    0000059B 11                    1481 	.db #0x11	; 17
    0000059C FF                    1482 	.db #0xff	; 255
    0000059D 11                    1483 	.db #0x11	; 17
    0000059E 7F                    1484 	.db #0x7f	; 127
    0000059F 91                    1485 	.db #0x91	; 145
    000005A0 CF                    1486 	.db #0xcf	; 207
    000005A1 B8                    1487 	.db #0xb8	; 184
    000005A2 8F                    1488 	.db #0x8f	; 143
    000005A3 78                    1489 	.db #0x78	; 120	'x'
    000005A4 8F                    1490 	.db #0x8f	; 143
    000005A5 78                    1491 	.db #0x78	; 120	'x'
    000005A6 8F                    1492 	.db #0x8f	; 143
    000005A7 78                    1493 	.db #0x78	; 120	'x'
    000005A8 8F                    1494 	.db #0x8f	; 143
    000005A9 78                    1495 	.db #0x78	; 120	'x'
    000005AA 8F                    1496 	.db #0x8f	; 143
    000005AB 78                    1497 	.db #0x78	; 120	'x'
    000005AC 8F                    1498 	.db #0x8f	; 143
    000005AD 78                    1499 	.db #0x78	; 120	'x'
    000005AE 8F                    1500 	.db #0x8f	; 143
    000005AF 78                    1501 	.db #0x78	; 120	'x'
    000005B0 FF                    1502 	.db #0xff	; 255
    000005B1 90                    1503 	.db #0x90	; 144
    000005B2 FF                    1504 	.db #0xff	; 255
    000005B3 50                    1505 	.db #0x50	; 80	'P'
    000005B4 FF                    1506 	.db #0xff	; 255
    000005B5 60                    1507 	.db #0x60	; 96
    000005B6 FF                    1508 	.db #0xff	; 255
    000005B7 20                    1509 	.db #0x20	; 32
    000005B8 FF                    1510 	.db #0xff	; 255
    000005B9 21                    1511 	.db #0x21	; 33
    000005BA FF                    1512 	.db #0xff	; 255
    000005BB 11                    1513 	.db #0x11	; 17
    000005BC FF                    1514 	.db #0xff	; 255
    000005BD 11                    1515 	.db #0x11	; 17
    000005BE FE                    1516 	.db #0xfe	; 254
    000005BF 0A                    1517 	.db #0x0a	; 10
    000005C0 C0                    1518 	.db #0xc0	; 192
    000005C1 40                    1519 	.db #0x40	; 64
    000005C2 80                    1520 	.db #0x80	; 128
    000005C3 80                    1521 	.db #0x80	; 128
    000005C4 80                    1522 	.db #0x80	; 128
    000005C5 80                    1523 	.db #0x80	; 128
    000005C6 80                    1524 	.db #0x80	; 128
    000005C7 80                    1525 	.db #0x80	; 128
    000005C8 00                    1526 	.db #0x00	; 0
    000005C9 00                    1527 	.db #0x00	; 0
    000005CA 00                    1528 	.db #0x00	; 0
    000005CB 00                    1529 	.db #0x00	; 0
    000005CC 00                    1530 	.db #0x00	; 0
    000005CD 00                    1531 	.db #0x00	; 0
    000005CE 00                    1532 	.db #0x00	; 0
    000005CF 00                    1533 	.db #0x00	; 0
    000005D0 F8                    1534 	.db #0xf8	; 248
    000005D1 87                    1535 	.db #0x87	; 135
    000005D2 F8                    1536 	.db #0xf8	; 248
    000005D3 47                    1537 	.db #0x47	; 71	'G'
    000005D4 FC                    1538 	.db #0xfc	; 252
    000005D5 23                    1539 	.db #0x23	; 35
    000005D6 FC                    1540 	.db #0xfc	; 252
    000005D7 23                    1541 	.db #0x23	; 35
    000005D8 FC                    1542 	.db #0xfc	; 252
    000005D9 13                    1543 	.db #0x13	; 19
    000005DA FE                    1544 	.db #0xfe	; 254
    000005DB 11                    1545 	.db #0x11	; 17
    000005DC FF                    1546 	.db #0xff	; 255
    000005DD 08                    1547 	.db #0x08	; 8
    000005DE FF                    1548 	.db #0xff	; 255
    000005DF 08                    1549 	.db #0x08	; 8
    000005E0 04                    1550 	.db #0x04	; 4
    000005E1 FF                    1551 	.db #0xff	; 255
    000005E2 04                    1552 	.db #0x04	; 4
    000005E3 FF                    1553 	.db #0xff	; 255
    000005E4 03                    1554 	.db #0x03	; 3
    000005E5 FE                    1555 	.db #0xfe	; 254
    000005E6 07                    1556 	.db #0x07	; 7
    000005E7 FA                    1557 	.db #0xfa	; 250
    000005E8 0F                    1558 	.db #0x0f	; 15
    000005E9 F2                    1559 	.db #0xf2	; 242
    000005EA 1F                    1560 	.db #0x1f	; 31
    000005EB E1                    1561 	.db #0xe1	; 225
    000005EC F9                    1562 	.db #0xf9	; 249
    000005ED 07                    1563 	.db #0x07	; 7
    000005EE F0                    1564 	.db #0xf0	; 240
    000005EF 0F                    1565 	.db #0x0f	; 15
    000005F0 7F                    1566 	.db #0x7f	; 127
    000005F1 81                    1567 	.db #0x81	; 129
    000005F2 FF                    1568 	.db #0xff	; 255
    000005F3 00                    1569 	.db #0x00	; 0
    000005F4 FF                    1570 	.db #0xff	; 255
    000005F5 00                    1571 	.db #0x00	; 0
    000005F6 C7                    1572 	.db #0xc7	; 199
    000005F7 38                    1573 	.db #0x38	; 56	'8'
    000005F8 87                    1574 	.db #0x87	; 135
    000005F9 78                    1575 	.db #0x78	; 120	'x'
    000005FA 07                    1576 	.db #0x07	; 7
    000005FB F8                    1577 	.db #0xf8	; 248
    000005FC 03                    1578 	.db #0x03	; 3
    000005FD FC                    1579 	.db #0xfc	; 252
    000005FE 83                    1580 	.db #0x83	; 131
    000005FF FC                    1581 	.db #0xfc	; 252
    00000600 FF                    1582 	.db #0xff	; 255
    00000601 FF                    1583 	.db #0xff	; 255
    00000602 FF                    1584 	.db #0xff	; 255
    00000603 FF                    1585 	.db #0xff	; 255
    00000604 FF                    1586 	.db #0xff	; 255
    00000605 FF                    1587 	.db #0xff	; 255
    00000606 FF                    1588 	.db #0xff	; 255
    00000607 FF                    1589 	.db #0xff	; 255
    00000608 FF                    1590 	.db #0xff	; 255
    00000609 FF                    1591 	.db #0xff	; 255
    0000060A FF                    1592 	.db #0xff	; 255
    0000060B 7F                    1593 	.db #0x7f	; 127
    0000060C FF                    1594 	.db #0xff	; 255
    0000060D 7F                    1595 	.db #0x7f	; 127
    0000060E FF                    1596 	.db #0xff	; 255
    0000060F 7F                    1597 	.db #0x7f	; 127
    00000610 FF                    1598 	.db #0xff	; 255
    00000611 FF                    1599 	.db #0xff	; 255
    00000612 FF                    1600 	.db #0xff	; 255
    00000613 FF                    1601 	.db #0xff	; 255
    00000614 FF                    1602 	.db #0xff	; 255
    00000615 FF                    1603 	.db #0xff	; 255
    00000616 FF                    1604 	.db #0xff	; 255
    00000617 FF                    1605 	.db #0xff	; 255
    00000618 FF                    1606 	.db #0xff	; 255
    00000619 FF                    1607 	.db #0xff	; 255
    0000061A FF                    1608 	.db #0xff	; 255
    0000061B FF                    1609 	.db #0xff	; 255
    0000061C FF                    1610 	.db #0xff	; 255
    0000061D FF                    1611 	.db #0xff	; 255
    0000061E 7E                    1612 	.db #0x7e	; 126
    0000061F FF                    1613 	.db #0xff	; 255
    00000620 DF                    1614 	.db #0xdf	; 223
    00000621 FF                    1615 	.db #0xff	; 255
    00000622 CF                    1616 	.db #0xcf	; 207
    00000623 FF                    1617 	.db #0xff	; 255
    00000624 87                    1618 	.db #0x87	; 135
    00000625 FF                    1619 	.db #0xff	; 255
    00000626 83                    1620 	.db #0x83	; 131
    00000627 FF                    1621 	.db #0xff	; 255
    00000628 80                    1622 	.db #0x80	; 128
    00000629 FF                    1623 	.db #0xff	; 255
    0000062A 00                    1624 	.db #0x00	; 0
    0000062B FF                    1625 	.db #0xff	; 255
    0000062C 00                    1626 	.db #0x00	; 0
    0000062D FF                    1627 	.db #0xff	; 255
    0000062E 00                    1628 	.db #0x00	; 0
    0000062F FF                    1629 	.db #0xff	; 255
    00000630 F0                    1630 	.db #0xf0	; 240
    00000631 FF                    1631 	.db #0xff	; 255
    00000632 E0                    1632 	.db #0xe0	; 224
    00000633 FF                    1633 	.db #0xff	; 255
    00000634 C1                    1634 	.db #0xc1	; 193
    00000635 FF                    1635 	.db #0xff	; 255
    00000636 86                    1636 	.db #0x86	; 134
    00000637 FF                    1637 	.db #0xff	; 255
    00000638 08                    1638 	.db #0x08	; 8
    00000639 FF                    1639 	.db #0xff	; 255
    0000063A 1A                    1640 	.db #0x1a	; 26
    0000063B FD                    1641 	.db #0xfd	; 253
    0000063C 7A                    1642 	.db #0x7a	; 122	'z'
    0000063D FD                    1643 	.db #0xfd	; 253
    0000063E 6C                    1644 	.db #0x6c	; 108	'l'
    0000063F D7                    1645 	.db #0xd7	; 215
    00000640 0F                    1646 	.db #0x0f	; 15
    00000641 FF                    1647 	.db #0xff	; 255
    00000642 3F                    1648 	.db #0x3f	; 63
    00000643 FF                    1649 	.db #0xff	; 255
    00000644 FD                    1650 	.db #0xfd	; 253
    00000645 FB                    1651 	.db #0xfb	; 251
    00000646 EB                    1652 	.db #0xeb	; 235
    00000647 D5                    1653 	.db #0xd5	; 213
    00000648 D5                    1654 	.db #0xd5	; 213
    00000649 EB                    1655 	.db #0xeb	; 235
    0000064A EB                    1656 	.db #0xeb	; 235
    0000064B D5                    1657 	.db #0xd5	; 213
    0000064C D5                    1658 	.db #0xd5	; 213
    0000064D EB                    1659 	.db #0xeb	; 235
    0000064E FF                    1660 	.db #0xff	; 255
    0000064F C1                    1661 	.db #0xc1	; 193
    00000650 FF                    1662 	.db #0xff	; 255
    00000651 87                    1663 	.db #0x87	; 135
    00000652 FF                    1664 	.db #0xff	; 255
    00000653 83                    1665 	.db #0x83	; 131
    00000654 FF                    1666 	.db #0xff	; 255
    00000655 83                    1667 	.db #0x83	; 131
    00000656 FF                    1668 	.db #0xff	; 255
    00000657 81                    1669 	.db #0x81	; 129
    00000658 FF                    1670 	.db #0xff	; 255
    00000659 81                    1671 	.db #0x81	; 129
    0000065A FF                    1672 	.db #0xff	; 255
    0000065B 81                    1673 	.db #0x81	; 129
    0000065C FF                    1674 	.db #0xff	; 255
    0000065D 80                    1675 	.db #0x80	; 128
    0000065E FF                    1676 	.db #0xff	; 255
    0000065F 81                    1677 	.db #0x81	; 129
    00000660 F9                    1678 	.db #0xf9	; 249
    00000661 8F                    1679 	.db #0x8f	; 143
    00000662 F9                    1680 	.db #0xf9	; 249
    00000663 8F                    1681 	.db #0x8f	; 143
    00000664 FD                    1682 	.db #0xfd	; 253
    00000665 8F                    1683 	.db #0x8f	; 143
    00000666 FA                    1684 	.db #0xfa	; 250
    00000667 8F                    1685 	.db #0x8f	; 143
    00000668 FB                    1686 	.db #0xfb	; 251
    00000669 8C                    1687 	.db #0x8c	; 140
    0000066A FF                    1688 	.db #0xff	; 255
    0000066B 89                    1689 	.db #0x89	; 137
    0000066C FF                    1690 	.db #0xff	; 255
    0000066D 92                    1691 	.db #0x92	; 146
    0000066E FF                    1692 	.db #0xff	; 255
    0000066F 14                    1693 	.db #0x14	; 20
    00000670 7F                    1694 	.db #0x7f	; 127
    00000671 91                    1695 	.db #0x91	; 145
    00000672 7F                    1696 	.db #0x7f	; 127
    00000673 92                    1697 	.db #0x92	; 146
    00000674 FF                    1698 	.db #0xff	; 255
    00000675 22                    1699 	.db #0x22	; 34
    00000676 FF                    1700 	.db #0xff	; 255
    00000677 42                    1701 	.db #0x42	; 66	'B'
    00000678 FE                    1702 	.db #0xfe	; 254
    00000679 85                    1703 	.db #0x85	; 133
    0000067A FE                    1704 	.db #0xfe	; 254
    0000067B 05                    1705 	.db #0x05	; 5
    0000067C FE                    1706 	.db #0xfe	; 254
    0000067D 09                    1707 	.db #0x09	; 9
    0000067E FC                    1708 	.db #0xfc	; 252
    0000067F 0B                    1709 	.db #0x0b	; 11
    00000680 8F                    1710 	.db #0x8f	; 143
    00000681 78                    1711 	.db #0x78	; 120	'x'
    00000682 0F                    1712 	.db #0x0f	; 15
    00000683 F8                    1713 	.db #0xf8	; 248
    00000684 1F                    1714 	.db #0x1f	; 31
    00000685 F0                    1715 	.db #0xf0	; 240
    00000686 1F                    1716 	.db #0x1f	; 31
    00000687 F0                    1717 	.db #0xf0	; 240
    00000688 1F                    1718 	.db #0x1f	; 31
    00000689 F0                    1719 	.db #0xf0	; 240
    0000068A 1F                    1720 	.db #0x1f	; 31
    0000068B F0                    1721 	.db #0xf0	; 240
    0000068C 3F                    1722 	.db #0x3f	; 63
    0000068D E0                    1723 	.db #0xe0	; 224
    0000068E 3F                    1724 	.db #0x3f	; 63
    0000068F E0                    1725 	.db #0xe0	; 224
    00000690 FE                    1726 	.db #0xfe	; 254
    00000691 06                    1727 	.db #0x06	; 6
    00000692 FC                    1728 	.db #0xfc	; 252
    00000693 04                    1729 	.db #0x04	; 4
    00000694 FE                    1730 	.db #0xfe	; 254
    00000695 02                    1731 	.db #0x02	; 2
    00000696 FE                    1732 	.db #0xfe	; 254
    00000697 02                    1733 	.db #0x02	; 2
    00000698 FF                    1734 	.db #0xff	; 255
    00000699 01                    1735 	.db #0x01	; 1
    0000069A FF                    1736 	.db #0xff	; 255
    0000069B 01                    1737 	.db #0x01	; 1
    0000069C FF                    1738 	.db #0xff	; 255
    0000069D 00                    1739 	.db #0x00	; 0
    0000069E FF                    1740 	.db #0xff	; 255
    0000069F 00                    1741 	.db #0x00	; 0
    000006A0 FF                    1742 	.db #0xff	; 255
    000006A1 00                    1743 	.db #0x00	; 0
    000006A2 FF                    1744 	.db #0xff	; 255
    000006A3 80                    1745 	.db #0x80	; 128
    000006A4 7F                    1746 	.db #0x7f	; 127
    000006A5 60                    1747 	.db #0x60	; 96
    000006A6 1F                    1748 	.db #0x1f	; 31
    000006A7 10                    1749 	.db #0x10	; 16
    000006A8 0F                    1750 	.db #0x0f	; 15
    000006A9 08                    1751 	.db #0x08	; 8
    000006AA 07                    1752 	.db #0x07	; 7
    000006AB 04                    1753 	.db #0x04	; 4
    000006AC 03                    1754 	.db #0x03	; 3
    000006AD 02                    1755 	.db #0x02	; 2
    000006AE 01                    1756 	.db #0x01	; 1
    000006AF 01                    1757 	.db #0x01	; 1
    000006B0 FF                    1758 	.db #0xff	; 255
    000006B1 04                    1759 	.db #0x04	; 4
    000006B2 FF                    1760 	.db #0xff	; 255
    000006B3 04                    1761 	.db #0x04	; 4
    000006B4 FF                    1762 	.db #0xff	; 255
    000006B5 02                    1763 	.db #0x02	; 2
    000006B6 FF                    1764 	.db #0xff	; 255
    000006B7 02                    1765 	.db #0x02	; 2
    000006B8 FF                    1766 	.db #0xff	; 255
    000006B9 01                    1767 	.db #0x01	; 1
    000006BA FF                    1768 	.db #0xff	; 255
    000006BB 01                    1769 	.db #0x01	; 1
    000006BC FF                    1770 	.db #0xff	; 255
    000006BD 00                    1771 	.db #0x00	; 0
    000006BE FF                    1772 	.db #0xff	; 255
    000006BF 00                    1773 	.db #0x00	; 0
    000006C0 E0                    1774 	.db #0xe0	; 224
    000006C1 1F                    1775 	.db #0x1f	; 31
    000006C2 C0                    1776 	.db #0xc0	; 192
    000006C3 3F                    1777 	.db #0x3f	; 63
    000006C4 C0                    1778 	.db #0xc0	; 192
    000006C5 3F                    1779 	.db #0x3f	; 63
    000006C6 E0                    1780 	.db #0xe0	; 224
    000006C7 1F                    1781 	.db #0x1f	; 31
    000006C8 E0                    1782 	.db #0xe0	; 224
    000006C9 1F                    1783 	.db #0x1f	; 31
    000006CA F0                    1784 	.db #0xf0	; 240
    000006CB 0F                    1785 	.db #0x0f	; 15
    000006CC F0                    1786 	.db #0xf0	; 240
    000006CD 8F                    1787 	.db #0x8f	; 143
    000006CE F8                    1788 	.db #0xf8	; 248
    000006CF 87                    1789 	.db #0x87	; 135
    000006D0 83                    1790 	.db #0x83	; 131
    000006D1 FC                    1791 	.db #0xfc	; 252
    000006D2 41                    1792 	.db #0x41	; 65	'A'
    000006D3 FE                    1793 	.db #0xfe	; 254
    000006D4 41                    1794 	.db #0x41	; 65	'A'
    000006D5 FE                    1795 	.db #0xfe	; 254
    000006D6 40                    1796 	.db #0x40	; 64
    000006D7 FF                    1797 	.db #0xff	; 255
    000006D8 20                    1798 	.db #0x20	; 32
    000006D9 FF                    1799 	.db #0xff	; 255
    000006DA 20                    1800 	.db #0x20	; 32
    000006DB FF                    1801 	.db #0xff	; 255
    000006DC 10                    1802 	.db #0x10	; 16
    000006DD FF                    1803 	.db #0xff	; 255
    000006DE 10                    1804 	.db #0x10	; 16
    000006DF FF                    1805 	.db #0xff	; 255
    000006E0 FF                    1806 	.db #0xff	; 255
    000006E1 3F                    1807 	.db #0x3f	; 63
    000006E2 FF                    1808 	.db #0xff	; 255
    000006E3 3F                    1809 	.db #0x3f	; 63
    000006E4 FF                    1810 	.db #0xff	; 255
    000006E5 3F                    1811 	.db #0x3f	; 63
    000006E6 FF                    1812 	.db #0xff	; 255
    000006E7 1F                    1813 	.db #0x1f	; 31
    000006E8 FF                    1814 	.db #0xff	; 255
    000006E9 1F                    1815 	.db #0x1f	; 31
    000006EA 7F                    1816 	.db #0x7f	; 127
    000006EB 8F                    1817 	.db #0x8f	; 143
    000006EC 7F                    1818 	.db #0x7f	; 127
    000006ED 8F                    1819 	.db #0x8f	; 143
    000006EE 3F                    1820 	.db #0x3f	; 63
    000006EF CF                    1821 	.db #0xcf	; 207
    000006F0 FF                    1822 	.db #0xff	; 255
    000006F1 FF                    1823 	.db #0xff	; 255
    000006F2 FF                    1824 	.db #0xff	; 255
    000006F3 FF                    1825 	.db #0xff	; 255
    000006F4 FE                    1826 	.db #0xfe	; 254
    000006F5 FF                    1827 	.db #0xff	; 255
    000006F6 FE                    1828 	.db #0xfe	; 254
    000006F7 FF                    1829 	.db #0xff	; 255
    000006F8 FE                    1830 	.db #0xfe	; 254
    000006F9 FF                    1831 	.db #0xff	; 255
    000006FA FC                    1832 	.db #0xfc	; 252
    000006FB FF                    1833 	.db #0xff	; 255
    000006FC FC                    1834 	.db #0xfc	; 252
    000006FD FF                    1835 	.db #0xff	; 255
    000006FE FC                    1836 	.db #0xfc	; 252
    000006FF FF                    1837 	.db #0xff	; 255
    00000700 3E                    1838 	.db #0x3e	; 62
    00000701 FF                    1839 	.db #0xff	; 255
    00000702 1E                    1840 	.db #0x1e	; 30
    00000703 FF                    1841 	.db #0xff	; 255
    00000704 0C                    1842 	.db #0x0c	; 12
    00000705 FF                    1843 	.db #0xff	; 255
    00000706 00                    1844 	.db #0x00	; 0
    00000707 FF                    1845 	.db #0xff	; 255
    00000708 00                    1846 	.db #0x00	; 0
    00000709 FF                    1847 	.db #0xff	; 255
    0000070A 00                    1848 	.db #0x00	; 0
    0000070B FF                    1849 	.db #0xff	; 255
    0000070C 00                    1850 	.db #0x00	; 0
    0000070D FF                    1851 	.db #0xff	; 255
    0000070E 00                    1852 	.db #0x00	; 0
    0000070F FF                    1853 	.db #0xff	; 255
    00000710 3F                    1854 	.db #0x3f	; 63
    00000711 E3                    1855 	.db #0xe3	; 227
    00000712 3F                    1856 	.db #0x3f	; 63
    00000713 E0                    1857 	.db #0xe0	; 224
    00000714 1F                    1858 	.db #0x1f	; 31
    00000715 F0                    1859 	.db #0xf0	; 240
    00000716 0F                    1860 	.db #0x0f	; 15
    00000717 F8                    1861 	.db #0xf8	; 248
    00000718 0F                    1862 	.db #0x0f	; 15
    00000719 F8                    1863 	.db #0xf8	; 248
    0000071A 07                    1864 	.db #0x07	; 7
    0000071B FC                    1865 	.db #0xfc	; 252
    0000071C 03                    1866 	.db #0x03	; 3
    0000071D FE                    1867 	.db #0xfe	; 254
    0000071E 01                    1868 	.db #0x01	; 1
    0000071F FF                    1869 	.db #0xff	; 255
    00000720 FF                    1870 	.db #0xff	; 255
    00000721 81                    1871 	.db #0x81	; 129
    00000722 FF                    1872 	.db #0xff	; 255
    00000723 81                    1873 	.db #0x81	; 129
    00000724 FF                    1874 	.db #0xff	; 255
    00000725 01                    1875 	.db #0x01	; 1
    00000726 FF                    1876 	.db #0xff	; 255
    00000727 01                    1877 	.db #0x01	; 1
    00000728 FF                    1878 	.db #0xff	; 255
    00000729 01                    1879 	.db #0x01	; 1
    0000072A FE                    1880 	.db #0xfe	; 254
    0000072B 03                    1881 	.db #0x03	; 3
    0000072C FD                    1882 	.db #0xfd	; 253
    0000072D 06                    1883 	.db #0x06	; 6
    0000072E F9                    1884 	.db #0xf9	; 249
    0000072F 1E                    1885 	.db #0x1e	; 30
    00000730 FF                    1886 	.db #0xff	; 255
    00000731 83                    1887 	.db #0x83	; 131
    00000732 FF                    1888 	.db #0xff	; 255
    00000733 83                    1889 	.db #0x83	; 131
    00000734 7F                    1890 	.db #0x7f	; 127
    00000735 87                    1891 	.db #0x87	; 135
    00000736 7F                    1892 	.db #0x7f	; 127
    00000737 8F                    1893 	.db #0x8f	; 143
    00000738 FF                    1894 	.db #0xff	; 255
    00000739 1E                    1895 	.db #0x1e	; 30
    0000073A FF                    1896 	.db #0xff	; 255
    0000073B 1C                    1897 	.db #0x1c	; 28
    0000073C FF                    1898 	.db #0xff	; 255
    0000073D 3C                    1899 	.db #0x3c	; 60
    0000073E FF                    1900 	.db #0xff	; 255
    0000073F 3C                    1901 	.db #0x3c	; 60
    00000740 FF                    1902 	.db #0xff	; 255
    00000741 18                    1903 	.db #0x18	; 24
    00000742 FF                    1904 	.db #0xff	; 255
    00000743 20                    1905 	.db #0x20	; 32
    00000744 FF                    1906 	.db #0xff	; 255
    00000745 20                    1907 	.db #0x20	; 32
    00000746 FF                    1908 	.db #0xff	; 255
    00000747 40                    1909 	.db #0x40	; 64
    00000748 FF                    1910 	.db #0xff	; 255
    00000749 40                    1911 	.db #0x40	; 64
    0000074A FF                    1912 	.db #0xff	; 255
    0000074B 40                    1913 	.db #0x40	; 64
    0000074C FF                    1914 	.db #0xff	; 255
    0000074D 40                    1915 	.db #0x40	; 64
    0000074E FF                    1916 	.db #0xff	; 255
    0000074F 40                    1917 	.db #0x40	; 64
    00000750 F8                    1918 	.db #0xf8	; 248
    00000751 17                    1919 	.db #0x17	; 23
    00000752 F8                    1920 	.db #0xf8	; 248
    00000753 17                    1921 	.db #0x17	; 23
    00000754 F0                    1922 	.db #0xf0	; 240
    00000755 1F                    1923 	.db #0x1f	; 31
    00000756 F0                    1924 	.db #0xf0	; 240
    00000757 2F                    1925 	.db #0x2f	; 47
    00000758 E0                    1926 	.db #0xe0	; 224
    00000759 3F                    1927 	.db #0x3f	; 63
    0000075A E1                    1928 	.db #0xe1	; 225
    0000075B 5F                    1929 	.db #0x5f	; 95
    0000075C E1                    1930 	.db #0xe1	; 225
    0000075D 5F                    1931 	.db #0x5f	; 95
    0000075E C1                    1932 	.db #0xc1	; 193
    0000075F BF                    1933 	.db #0xbf	; 191
    00000760 3F                    1934 	.db #0x3f	; 63
    00000761 F0                    1935 	.db #0xf0	; 240
    00000762 7F                    1936 	.db #0x7f	; 127
    00000763 F8                    1937 	.db #0xf8	; 248
    00000764 7F                    1938 	.db #0x7f	; 127
    00000765 FC                    1939 	.db #0xfc	; 252
    00000766 FF                    1940 	.db #0xff	; 255
    00000767 FE                    1941 	.db #0xfe	; 254
    00000768 FF                    1942 	.db #0xff	; 255
    00000769 FF                    1943 	.db #0xff	; 255
    0000076A FF                    1944 	.db #0xff	; 255
    0000076B FF                    1945 	.db #0xff	; 255
    0000076C FF                    1946 	.db #0xff	; 255
    0000076D FF                    1947 	.db #0xff	; 255
    0000076E FF                    1948 	.db #0xff	; 255
    0000076F FF                    1949 	.db #0xff	; 255
    00000770 FF                    1950 	.db #0xff	; 255
    00000771 00                    1951 	.db #0x00	; 0
    00000772 FF                    1952 	.db #0xff	; 255
    00000773 00                    1953 	.db #0x00	; 0
    00000774 FF                    1954 	.db #0xff	; 255
    00000775 00                    1955 	.db #0x00	; 0
    00000776 FF                    1956 	.db #0xff	; 255
    00000777 00                    1957 	.db #0x00	; 0
    00000778 FF                    1958 	.db #0xff	; 255
    00000779 00                    1959 	.db #0x00	; 0
    0000077A FF                    1960 	.db #0xff	; 255
    0000077B 00                    1961 	.db #0x00	; 0
    0000077C FF                    1962 	.db #0xff	; 255
    0000077D 80                    1963 	.db #0x80	; 128
    0000077E FF                    1964 	.db #0xff	; 255
    0000077F C0                    1965 	.db #0xc0	; 192
    00000780 C0                    1966 	.db #0xc0	; 192
    00000781 40                    1967 	.db #0x40	; 64
    00000782 C0                    1968 	.db #0xc0	; 192
    00000783 40                    1969 	.db #0x40	; 64
    00000784 C0                    1970 	.db #0xc0	; 192
    00000785 40                    1971 	.db #0x40	; 64
    00000786 E0                    1972 	.db #0xe0	; 224
    00000787 20                    1973 	.db #0x20	; 32
    00000788 E0                    1974 	.db #0xe0	; 224
    00000789 20                    1975 	.db #0x20	; 32
    0000078A E0                    1976 	.db #0xe0	; 224
    0000078B 20                    1977 	.db #0x20	; 32
    0000078C F0                    1978 	.db #0xf0	; 240
    0000078D 10                    1979 	.db #0x10	; 16
    0000078E F0                    1980 	.db #0xf0	; 240
    0000078F 10                    1981 	.db #0x10	; 16
    00000790 FF                    1982 	.db #0xff	; 255
    00000791 C0                    1983 	.db #0xc0	; 192
    00000792 3F                    1984 	.db #0x3f	; 63
    00000793 20                    1985 	.db #0x20	; 32
    00000794 1F                    1986 	.db #0x1f	; 31
    00000795 10                    1987 	.db #0x10	; 16
    00000796 0F                    1988 	.db #0x0f	; 15
    00000797 0C                    1989 	.db #0x0c	; 12
    00000798 03                    1990 	.db #0x03	; 3
    00000799 02                    1991 	.db #0x02	; 2
    0000079A 01                    1992 	.db #0x01	; 1
    0000079B 01                    1993 	.db #0x01	; 1
    0000079C 00                    1994 	.db #0x00	; 0
    0000079D 00                    1995 	.db #0x00	; 0
    0000079E 00                    1996 	.db #0x00	; 0
    0000079F 00                    1997 	.db #0x00	; 0
    000007A0 F8                    1998 	.db #0xf8	; 248
    000007A1 47                    1999 	.db #0x47	; 71	'G'
    000007A2 FC                    2000 	.db #0xfc	; 252
    000007A3 23                    2001 	.db #0x23	; 35
    000007A4 FC                    2002 	.db #0xfc	; 252
    000007A5 23                    2003 	.db #0x23	; 35
    000007A6 FC                    2004 	.db #0xfc	; 252
    000007A7 13                    2005 	.db #0x13	; 19
    000007A8 FE                    2006 	.db #0xfe	; 254
    000007A9 11                    2007 	.db #0x11	; 17
    000007AA FE                    2008 	.db #0xfe	; 254
    000007AB 09                    2009 	.db #0x09	; 9
    000007AC FF                    2010 	.db #0xff	; 255
    000007AD 88                    2011 	.db #0x88	; 136
    000007AE 7F                    2012 	.db #0x7f	; 127
    000007AF 44                    2013 	.db #0x44	; 68	'D'
    000007B0 10                    2014 	.db #0x10	; 16
    000007B1 FF                    2015 	.db #0xff	; 255
    000007B2 08                    2016 	.db #0x08	; 8
    000007B3 FF                    2017 	.db #0xff	; 255
    000007B4 08                    2018 	.db #0x08	; 8
    000007B5 FF                    2019 	.db #0xff	; 255
    000007B6 04                    2020 	.db #0x04	; 4
    000007B7 FF                    2021 	.db #0xff	; 255
    000007B8 04                    2022 	.db #0x04	; 4
    000007B9 FF                    2023 	.db #0xff	; 255
    000007BA 02                    2024 	.db #0x02	; 2
    000007BB FF                    2025 	.db #0xff	; 255
    000007BC 02                    2026 	.db #0x02	; 2
    000007BD FF                    2027 	.db #0xff	; 255
    000007BE 02                    2028 	.db #0x02	; 2
    000007BF FF                    2029 	.db #0xff	; 255
    000007C0 3F                    2030 	.db #0x3f	; 63
    000007C1 C7                    2031 	.db #0xc7	; 199
    000007C2 3F                    2032 	.db #0x3f	; 63
    000007C3 C7                    2033 	.db #0xc7	; 199
    000007C4 1F                    2034 	.db #0x1f	; 31
    000007C5 E7                    2035 	.db #0xe7	; 231
    000007C6 1F                    2036 	.db #0x1f	; 31
    000007C7 E7                    2037 	.db #0xe7	; 231
    000007C8 0F                    2038 	.db #0x0f	; 15
    000007C9 F3                    2039 	.db #0xf3	; 243
    000007CA 0F                    2040 	.db #0x0f	; 15
    000007CB F3                    2041 	.db #0xf3	; 243
    000007CC 0F                    2042 	.db #0x0f	; 15
    000007CD F3                    2043 	.db #0xf3	; 243
    000007CE 07                    2044 	.db #0x07	; 7
    000007CF F9                    2045 	.db #0xf9	; 249
    000007D0 FF                    2046 	.db #0xff	; 255
    000007D1 FF                    2047 	.db #0xff	; 255
    000007D2 FF                    2048 	.db #0xff	; 255
    000007D3 FF                    2049 	.db #0xff	; 255
    000007D4 FF                    2050 	.db #0xff	; 255
    000007D5 FF                    2051 	.db #0xff	; 255
    000007D6 FF                    2052 	.db #0xff	; 255
    000007D7 FF                    2053 	.db #0xff	; 255
    000007D8 FF                    2054 	.db #0xff	; 255
    000007D9 FF                    2055 	.db #0xff	; 255
    000007DA FF                    2056 	.db #0xff	; 255
    000007DB C7                    2057 	.db #0xc7	; 199
    000007DC FF                    2058 	.db #0xff	; 255
    000007DD F9                    2059 	.db #0xf9	; 249
    000007DE FF                    2060 	.db #0xff	; 255
    000007DF F8                    2061 	.db #0xf8	; 248
    000007E0 FF                    2062 	.db #0xff	; 255
    000007E1 F7                    2063 	.db #0xf7	; 247
    000007E2 FF                    2064 	.db #0xff	; 255
    000007E3 F9                    2065 	.db #0xf9	; 249
    000007E4 FF                    2066 	.db #0xff	; 255
    000007E5 F9                    2067 	.db #0xf9	; 249
    000007E6 FF                    2068 	.db #0xff	; 255
    000007E7 F8                    2069 	.db #0xf8	; 248
    000007E8 FF                    2070 	.db #0xff	; 255
    000007E9 F8                    2071 	.db #0xf8	; 248
    000007EA FF                    2072 	.db #0xff	; 255
    000007EB F0                    2073 	.db #0xf0	; 240
    000007EC FF                    2074 	.db #0xff	; 255
    000007ED F0                    2075 	.db #0xf0	; 240
    000007EE FF                    2076 	.db #0xff	; 255
    000007EF E0                    2077 	.db #0xe0	; 224
    000007F0 FC                    2078 	.db #0xfc	; 252
    000007F1 FF                    2079 	.db #0xff	; 255
    000007F2 F8                    2080 	.db #0xf8	; 248
    000007F3 FF                    2081 	.db #0xff	; 255
    000007F4 F8                    2082 	.db #0xf8	; 248
    000007F5 FF                    2083 	.db #0xff	; 255
    000007F6 F8                    2084 	.db #0xf8	; 248
    000007F7 FF                    2085 	.db #0xff	; 255
    000007F8 F8                    2086 	.db #0xf8	; 248
    000007F9 7F                    2087 	.db #0x7f	; 127
    000007FA F8                    2088 	.db #0xf8	; 248
    000007FB 3F                    2089 	.db #0x3f	; 63
    000007FC FC                    2090 	.db #0xfc	; 252
    000007FD 1F                    2091 	.db #0x1f	; 31
    000007FE FC                    2092 	.db #0xfc	; 252
    000007FF 0F                    2093 	.db #0x0f	; 15
    00000800 00                    2094 	.db #0x00	; 0
    00000801 FF                    2095 	.db #0xff	; 255
    00000802 00                    2096 	.db #0x00	; 0
    00000803 FF                    2097 	.db #0xff	; 255
    00000804 00                    2098 	.db #0x00	; 0
    00000805 FF                    2099 	.db #0xff	; 255
    00000806 00                    2100 	.db #0x00	; 0
    00000807 FF                    2101 	.db #0xff	; 255
    00000808 03                    2102 	.db #0x03	; 3
    00000809 FF                    2103 	.db #0xff	; 255
    0000080A 04                    2104 	.db #0x04	; 4
    0000080B FF                    2105 	.db #0xff	; 255
    0000080C 18                    2106 	.db #0x18	; 24
    0000080D FF                    2107 	.db #0xff	; 255
    0000080E 20                    2108 	.db #0x20	; 32
    0000080F FF                    2109 	.db #0xff	; 255
    00000810 E1                    2110 	.db #0xe1	; 225
    00000811 FE                    2111 	.db #0xfe	; 254
    00000812 03                    2112 	.db #0x03	; 3
    00000813 FC                    2113 	.db #0xfc	; 252
    00000814 03                    2114 	.db #0x03	; 3
    00000815 FC                    2115 	.db #0xfc	; 252
    00000816 03                    2116 	.db #0x03	; 3
    00000817 FC                    2117 	.db #0xfc	; 252
    00000818 07                    2118 	.db #0x07	; 7
    00000819 F8                    2119 	.db #0xf8	; 248
    0000081A 0F                    2120 	.db #0x0f	; 15
    0000081B F0                    2121 	.db #0xf0	; 240
    0000081C 0F                    2122 	.db #0x0f	; 15
    0000081D F0                    2123 	.db #0xf0	; 240
    0000081E 0F                    2124 	.db #0x0f	; 15
    0000081F F0                    2125 	.db #0xf0	; 240
    00000820 FF                    2126 	.db #0xff	; 255
    00000821 3C                    2127 	.db #0x3c	; 60
    00000822 FF                    2128 	.db #0xff	; 255
    00000823 3C                    2129 	.db #0x3c	; 60
    00000824 FF                    2130 	.db #0xff	; 255
    00000825 3C                    2131 	.db #0x3c	; 60
    00000826 FF                    2132 	.db #0xff	; 255
    00000827 3C                    2133 	.db #0x3c	; 60
    00000828 FF                    2134 	.db #0xff	; 255
    00000829 1E                    2135 	.db #0x1e	; 30
    0000082A FF                    2136 	.db #0xff	; 255
    0000082B 3E                    2137 	.db #0x3e	; 62
    0000082C FF                    2138 	.db #0xff	; 255
    0000082D 44                    2139 	.db #0x44	; 68	'D'
    0000082E FF                    2140 	.db #0xff	; 255
    0000082F 82                    2141 	.db #0x82	; 130
    00000830 FF                    2142 	.db #0xff	; 255
    00000831 40                    2143 	.db #0x40	; 64
    00000832 FF                    2144 	.db #0xff	; 255
    00000833 41                    2145 	.db #0x41	; 65	'A'
    00000834 FF                    2146 	.db #0xff	; 255
    00000835 41                    2147 	.db #0x41	; 65	'A'
    00000836 FF                    2148 	.db #0xff	; 255
    00000837 42                    2149 	.db #0x42	; 66	'B'
    00000838 FE                    2150 	.db #0xfe	; 254
    00000839 45                    2151 	.db #0x45	; 69	'E'
    0000083A FE                    2152 	.db #0xfe	; 254
    0000083B 45                    2153 	.db #0x45	; 69	'E'
    0000083C FC                    2154 	.db #0xfc	; 252
    0000083D 4B                    2155 	.db #0x4b	; 75	'K'
    0000083E FC                    2156 	.db #0xfc	; 252
    0000083F 4B                    2157 	.db #0x4b	; 75	'K'
    00000840 C3                    2158 	.db #0xc3	; 195
    00000841 BF                    2159 	.db #0xbf	; 191
    00000842 83                    2160 	.db #0x83	; 131
    00000843 7E                    2161 	.db #0x7e	; 126
    00000844 87                    2162 	.db #0x87	; 135
    00000845 7C                    2163 	.db #0x7c	; 124
    00000846 07                    2164 	.db #0x07	; 7
    00000847 FC                    2165 	.db #0xfc	; 252
    00000848 0F                    2166 	.db #0x0f	; 15
    00000849 F8                    2167 	.db #0xf8	; 248
    0000084A 0F                    2168 	.db #0x0f	; 15
    0000084B F8                    2169 	.db #0xf8	; 248
    0000084C 1F                    2170 	.db #0x1f	; 31
    0000084D F0                    2171 	.db #0xf0	; 240
    0000084E 3F                    2172 	.db #0x3f	; 63
    0000084F E0                    2173 	.db #0xe0	; 224
    00000850 FF                    2174 	.db #0xff	; 255
    00000851 FF                    2175 	.db #0xff	; 255
    00000852 FF                    2176 	.db #0xff	; 255
    00000853 FF                    2177 	.db #0xff	; 255
    00000854 FF                    2178 	.db #0xff	; 255
    00000855 7F                    2179 	.db #0x7f	; 127
    00000856 FF                    2180 	.db #0xff	; 255
    00000857 3F                    2181 	.db #0x3f	; 63
    00000858 FF                    2182 	.db #0xff	; 255
    00000859 1F                    2183 	.db #0x1f	; 31
    0000085A FF                    2184 	.db #0xff	; 255
    0000085B 1F                    2185 	.db #0x1f	; 31
    0000085C FF                    2186 	.db #0xff	; 255
    0000085D 0F                    2187 	.db #0x0f	; 15
    0000085E FF                    2188 	.db #0xff	; 255
    0000085F 07                    2189 	.db #0x07	; 7
    00000860 FF                    2190 	.db #0xff	; 255
    00000861 C0                    2191 	.db #0xc0	; 192
    00000862 FF                    2192 	.db #0xff	; 255
    00000863 E0                    2193 	.db #0xe0	; 224
    00000864 FF                    2194 	.db #0xff	; 255
    00000865 F0                    2195 	.db #0xf0	; 240
    00000866 FF                    2196 	.db #0xff	; 255
    00000867 F0                    2197 	.db #0xf0	; 240
    00000868 FF                    2198 	.db #0xff	; 255
    00000869 F8                    2199 	.db #0xf8	; 248
    0000086A FF                    2200 	.db #0xff	; 255
    0000086B FC                    2201 	.db #0xfc	; 252
    0000086C FF                    2202 	.db #0xff	; 255
    0000086D FC                    2203 	.db #0xfc	; 252
    0000086E FF                    2204 	.db #0xff	; 255
    0000086F FE                    2205 	.db #0xfe	; 254
    00000870 F0                    2206 	.db #0xf0	; 240
    00000871 10                    2207 	.db #0x10	; 16
    00000872 F8                    2208 	.db #0xf8	; 248
    00000873 08                    2209 	.db #0x08	; 8
    00000874 F8                    2210 	.db #0xf8	; 248
    00000875 08                    2211 	.db #0x08	; 8
    00000876 FC                    2212 	.db #0xfc	; 252
    00000877 04                    2213 	.db #0x04	; 4
    00000878 FC                    2214 	.db #0xfc	; 252
    00000879 04                    2215 	.db #0x04	; 4
    0000087A FE                    2216 	.db #0xfe	; 254
    0000087B 02                    2217 	.db #0x02	; 2
    0000087C FE                    2218 	.db #0xfe	; 254
    0000087D 02                    2219 	.db #0x02	; 2
    0000087E FE                    2220 	.db #0xfe	; 254
    0000087F 02                    2221 	.db #0x02	; 2
    00000880 3F                    2222 	.db #0x3f	; 63
    00000881 34                    2223 	.db #0x34	; 52	'4'
    00000882 0F                    2224 	.db #0x0f	; 15
    00000883 0A                    2225 	.db #0x0a	; 10
    00000884 07                    2226 	.db #0x07	; 7
    00000885 06                    2227 	.db #0x06	; 6
    00000886 07                    2228 	.db #0x07	; 7
    00000887 07                    2229 	.db #0x07	; 7
    00000888 0F                    2230 	.db #0x0f	; 15
    00000889 09                    2231 	.db #0x09	; 9
    0000088A 1F                    2232 	.db #0x1f	; 31
    0000088B 10                    2233 	.db #0x10	; 16
    0000088C 3F                    2234 	.db #0x3f	; 63
    0000088D 23                    2235 	.db #0x23	; 35
    0000088E 3F                    2236 	.db #0x3f	; 63
    0000088F 27                    2237 	.db #0x27	; 39
    00000890 81                    2238 	.db #0x81	; 129
    00000891 7F                    2239 	.db #0x7f	; 127
    00000892 81                    2240 	.db #0x81	; 129
    00000893 7F                    2241 	.db #0x7f	; 127
    00000894 80                    2242 	.db #0x80	; 128
    00000895 7F                    2243 	.db #0x7f	; 127
    00000896 C0                    2244 	.db #0xc0	; 192
    00000897 3F                    2245 	.db #0x3f	; 63
    00000898 E0                    2246 	.db #0xe0	; 224
    00000899 1F                    2247 	.db #0x1f	; 31
    0000089A E0                    2248 	.db #0xe0	; 224
    0000089B 9F                    2249 	.db #0x9f	; 159
    0000089C FF                    2250 	.db #0xff	; 255
    0000089D FF                    2251 	.db #0xff	; 255
    0000089E FF                    2252 	.db #0xff	; 255
    0000089F FF                    2253 	.db #0xff	; 255
    000008A0 03                    2254 	.db #0x03	; 3
    000008A1 FC                    2255 	.db #0xfc	; 252
    000008A2 03                    2256 	.db #0x03	; 3
    000008A3 FC                    2257 	.db #0xfc	; 252
    000008A4 83                    2258 	.db #0x83	; 131
    000008A5 FD                    2259 	.db #0xfd	; 253
    000008A6 83                    2260 	.db #0x83	; 131
    000008A7 FF                    2261 	.db #0xff	; 255
    000008A8 47                    2262 	.db #0x47	; 71	'G'
    000008A9 FF                    2263 	.db #0xff	; 255
    000008AA 7F                    2264 	.db #0x7f	; 127
    000008AB FF                    2265 	.db #0xff	; 255
    000008AC FF                    2266 	.db #0xff	; 255
    000008AD FF                    2267 	.db #0xff	; 255
    000008AE FF                    2268 	.db #0xff	; 255
    000008AF FF                    2269 	.db #0xff	; 255
    000008B0 FF                    2270 	.db #0xff	; 255
    000008B1 FC                    2271 	.db #0xfc	; 252
    000008B2 FF                    2272 	.db #0xff	; 255
    000008B3 FC                    2273 	.db #0xfc	; 252
    000008B4 FF                    2274 	.db #0xff	; 255
    000008B5 FC                    2275 	.db #0xfc	; 252
    000008B6 FF                    2276 	.db #0xff	; 255
    000008B7 FC                    2277 	.db #0xfc	; 252
    000008B8 FF                    2278 	.db #0xff	; 255
    000008B9 FC                    2279 	.db #0xfc	; 252
    000008BA FF                    2280 	.db #0xff	; 255
    000008BB F9                    2281 	.db #0xf9	; 249
    000008BC FF                    2282 	.db #0xff	; 255
    000008BD F7                    2283 	.db #0xf7	; 247
    000008BE FB                    2284 	.db #0xfb	; 251
    000008BF CF                    2285 	.db #0xcf	; 207
    000008C0 FF                    2286 	.db #0xff	; 255
    000008C1 60                    2287 	.db #0x60	; 96
    000008C2 FF                    2288 	.db #0xff	; 255
    000008C3 7C                    2289 	.db #0x7c	; 124
    000008C4 E3                    2290 	.db #0xe3	; 227
    000008C5 7F                    2291 	.db #0x7f	; 127
    000008C6 C0                    2292 	.db #0xc0	; 192
    000008C7 7F                    2293 	.db #0x7f	; 127
    000008C8 80                    2294 	.db #0x80	; 128
    000008C9 FF                    2295 	.db #0xff	; 255
    000008CA 80                    2296 	.db #0x80	; 128
    000008CB FF                    2297 	.db #0xff	; 255
    000008CC C0                    2298 	.db #0xc0	; 192
    000008CD FF                    2299 	.db #0xff	; 255
    000008CE E0                    2300 	.db #0xe0	; 224
    000008CF FF                    2301 	.db #0xff	; 255
    000008D0 FC                    2302 	.db #0xfc	; 252
    000008D1 07                    2303 	.db #0x07	; 7
    000008D2 FF                    2304 	.db #0xff	; 255
    000008D3 13                    2305 	.db #0x13	; 19
    000008D4 FF                    2306 	.db #0xff	; 255
    000008D5 10                    2307 	.db #0x10	; 16
    000008D6 FF                    2308 	.db #0xff	; 255
    000008D7 88                    2309 	.db #0x88	; 136
    000008D8 7F                    2310 	.db #0x7f	; 127
    000008D9 C7                    2311 	.db #0xc7	; 199
    000008DA 73                    2312 	.db #0x73	; 115	's'
    000008DB AF                    2313 	.db #0xaf	; 175
    000008DC 24                    2314 	.db #0x24	; 36
    000008DD FF                    2315 	.db #0xff	; 255
    000008DE 28                    2316 	.db #0x28	; 40
    000008DF FF                    2317 	.db #0xff	; 255
    000008E0 00                    2318 	.db #0x00	; 0
    000008E1 FF                    2319 	.db #0xff	; 255
    000008E2 00                    2320 	.db #0x00	; 0
    000008E3 FF                    2321 	.db #0xff	; 255
    000008E4 C0                    2322 	.db #0xc0	; 192
    000008E5 FF                    2323 	.db #0xff	; 255
    000008E6 F0                    2324 	.db #0xf0	; 240
    000008E7 3F                    2325 	.db #0x3f	; 63
    000008E8 FF                    2326 	.db #0xff	; 255
    000008E9 0F                    2327 	.db #0x0f	; 15
    000008EA F0                    2328 	.db #0xf0	; 240
    000008EB 8F                    2329 	.db #0x8f	; 143
    000008EC 70                    2330 	.db #0x70	; 112	'p'
    000008ED EF                    2331 	.db #0xef	; 239
    000008EE 1F                    2332 	.db #0x1f	; 31
    000008EF FF                    2333 	.db #0xff	; 255
    000008F0 17                    2334 	.db #0x17	; 23
    000008F1 FF                    2335 	.db #0xff	; 255
    000008F2 08                    2336 	.db #0x08	; 8
    000008F3 FF                    2337 	.db #0xff	; 255
    000008F4 00                    2338 	.db #0x00	; 0
    000008F5 FF                    2339 	.db #0xff	; 255
    000008F6 00                    2340 	.db #0x00	; 0
    000008F7 FF                    2341 	.db #0xff	; 255
    000008F8 00                    2342 	.db #0x00	; 0
    000008F9 FF                    2343 	.db #0xff	; 255
    000008FA FF                    2344 	.db #0xff	; 255
    000008FB FF                    2345 	.db #0xff	; 255
    000008FC 0F                    2346 	.db #0x0f	; 15
    000008FD F8                    2347 	.db #0xf8	; 248
    000008FE DC                    2348 	.db #0xdc	; 220
    000008FF F3                    2349 	.db #0xf3	; 243
    00000900 80                    2350 	.db #0x80	; 128
    00000901 FF                    2351 	.db #0xff	; 255
    00000902 00                    2352 	.db #0x00	; 0
    00000903 FF                    2353 	.db #0xff	; 255
    00000904 00                    2354 	.db #0x00	; 0
    00000905 FF                    2355 	.db #0xff	; 255
    00000906 00                    2356 	.db #0x00	; 0
    00000907 FF                    2357 	.db #0xff	; 255
    00000908 03                    2358 	.db #0x03	; 3
    00000909 FF                    2359 	.db #0xff	; 255
    0000090A FD                    2360 	.db #0xfd	; 253
    0000090B FF                    2361 	.db #0xff	; 255
    0000090C F8                    2362 	.db #0xf8	; 248
    0000090D 0F                    2363 	.db #0x0f	; 15
    0000090E 08                    2364 	.db #0x08	; 8
    0000090F FF                    2365 	.db #0xff	; 255
    00000910 0F                    2366 	.db #0x0f	; 15
    00000911 F1                    2367 	.db #0xf1	; 241
    00000912 1F                    2368 	.db #0x1f	; 31
    00000913 E2                    2369 	.db #0xe2	; 226
    00000914 1F                    2370 	.db #0x1f	; 31
    00000915 FC                    2371 	.db #0xfc	; 252
    00000916 E0                    2372 	.db #0xe0	; 224
    00000917 FF                    2373 	.db #0xff	; 255
    00000918 FF                    2374 	.db #0xff	; 255
    00000919 00                    2375 	.db #0x00	; 0
    0000091A FF                    2376 	.db #0xff	; 255
    0000091B FF                    2377 	.db #0xff	; 255
    0000091C 00                    2378 	.db #0x00	; 0
    0000091D FF                    2379 	.db #0xff	; 255
    0000091E 01                    2380 	.db #0x01	; 1
    0000091F FE                    2381 	.db #0xfe	; 254
    00000920 FF                    2382 	.db #0xff	; 255
    00000921 01                    2383 	.db #0x01	; 1
    00000922 FF                    2384 	.db #0xff	; 255
    00000923 00                    2385 	.db #0x00	; 0
    00000924 FF                    2386 	.db #0xff	; 255
    00000925 00                    2387 	.db #0x00	; 0
    00000926 00                    2388 	.db #0x00	; 0
    00000927 FF                    2389 	.db #0xff	; 255
    00000928 00                    2390 	.db #0x00	; 0
    00000929 FF                    2391 	.db #0xff	; 255
    0000092A 87                    2392 	.db #0x87	; 135
    0000092B F9                    2393 	.db #0xf9	; 249
    0000092C 3F                    2394 	.db #0x3f	; 63
    0000092D C6                    2395 	.db #0xc6	; 198
    0000092E FF                    2396 	.db #0xff	; 255
    0000092F 18                    2397 	.db #0x18	; 24
    00000930 F8                    2398 	.db #0xf8	; 248
    00000931 57                    2399 	.db #0x57	; 87	'W'
    00000932 F8                    2400 	.db #0xf8	; 248
    00000933 D7                    2401 	.db #0xd7	; 215
    00000934 F0                    2402 	.db #0xf0	; 240
    00000935 3F                    2403 	.db #0x3f	; 63
    00000936 7F                    2404 	.db #0x7f	; 127
    00000937 E1                    2405 	.db #0xe1	; 225
    00000938 7F                    2406 	.db #0x7f	; 127
    00000939 FE                    2407 	.db #0xfe	; 254
    0000093A E3                    2408 	.db #0xe3	; 227
    0000093B DE                    2409 	.db #0xde	; 222
    0000093C E3                    2410 	.db #0xe3	; 227
    0000093D 5E                    2411 	.db #0x5e	; 94
    0000093E F1                    2412 	.db #0xf1	; 241
    0000093F 2F                    2413 	.db #0x2f	; 47
    00000940 3F                    2414 	.db #0x3f	; 63
    00000941 E0                    2415 	.db #0xe0	; 224
    00000942 7F                    2416 	.db #0x7f	; 127
    00000943 C0                    2417 	.db #0xc0	; 192
    00000944 FF                    2418 	.db #0xff	; 255
    00000945 80                    2419 	.db #0x80	; 128
    00000946 FF                    2420 	.db #0xff	; 255
    00000947 00                    2421 	.db #0x00	; 0
    00000948 FF                    2422 	.db #0xff	; 255
    00000949 00                    2423 	.db #0x00	; 0
    0000094A FF                    2424 	.db #0xff	; 255
    0000094B 00                    2425 	.db #0x00	; 0
    0000094C FF                    2426 	.db #0xff	; 255
    0000094D 00                    2427 	.db #0x00	; 0
    0000094E FF                    2428 	.db #0xff	; 255
    0000094F 00                    2429 	.db #0x00	; 0
    00000950 FF                    2430 	.db #0xff	; 255
    00000951 07                    2431 	.db #0x07	; 7
    00000952 FF                    2432 	.db #0xff	; 255
    00000953 03                    2433 	.db #0x03	; 3
    00000954 FF                    2434 	.db #0xff	; 255
    00000955 01                    2435 	.db #0x01	; 1
    00000956 FF                    2436 	.db #0xff	; 255
    00000957 01                    2437 	.db #0x01	; 1
    00000958 FF                    2438 	.db #0xff	; 255
    00000959 00                    2439 	.db #0x00	; 0
    0000095A FF                    2440 	.db #0xff	; 255
    0000095B 00                    2441 	.db #0x00	; 0
    0000095C FF                    2442 	.db #0xff	; 255
    0000095D 00                    2443 	.db #0x00	; 0
    0000095E FF                    2444 	.db #0xff	; 255
    0000095F 00                    2445 	.db #0x00	; 0
    00000960 FF                    2446 	.db #0xff	; 255
    00000961 FE                    2447 	.db #0xfe	; 254
    00000962 FF                    2448 	.db #0xff	; 255
    00000963 FF                    2449 	.db #0xff	; 255
    00000964 FF                    2450 	.db #0xff	; 255
    00000965 FF                    2451 	.db #0xff	; 255
    00000966 FF                    2452 	.db #0xff	; 255
    00000967 FF                    2453 	.db #0xff	; 255
    00000968 FF                    2454 	.db #0xff	; 255
    00000969 FF                    2455 	.db #0xff	; 255
    0000096A FF                    2456 	.db #0xff	; 255
    0000096B 7F                    2457 	.db #0x7f	; 127
    0000096C FF                    2458 	.db #0xff	; 255
    0000096D 7F                    2459 	.db #0x7f	; 127
    0000096E FF                    2460 	.db #0xff	; 255
    0000096F 3F                    2461 	.db #0x3f	; 63
    00000970 FE                    2462 	.db #0xfe	; 254
    00000971 02                    2463 	.db #0x02	; 2
    00000972 FE                    2464 	.db #0xfe	; 254
    00000973 02                    2465 	.db #0x02	; 2
    00000974 FE                    2466 	.db #0xfe	; 254
    00000975 02                    2467 	.db #0x02	; 2
    00000976 FE                    2468 	.db #0xfe	; 254
    00000977 82                    2469 	.db #0x82	; 130
    00000978 FE                    2470 	.db #0xfe	; 254
    00000979 82                    2471 	.db #0x82	; 130
    0000097A FE                    2472 	.db #0xfe	; 254
    0000097B C2                    2473 	.db #0xc2	; 194
    0000097C FE                    2474 	.db #0xfe	; 254
    0000097D C2                    2475 	.db #0xc2	; 194
    0000097E FE                    2476 	.db #0xfe	; 254
    0000097F E2                    2477 	.db #0xe2	; 226
    00000980 7F                    2478 	.db #0x7f	; 127
    00000981 47                    2479 	.db #0x47	; 71	'G'
    00000982 7F                    2480 	.db #0x7f	; 127
    00000983 47                    2481 	.db #0x47	; 71	'G'
    00000984 7F                    2482 	.db #0x7f	; 127
    00000985 47                    2483 	.db #0x47	; 71	'G'
    00000986 7F                    2484 	.db #0x7f	; 127
    00000987 47                    2485 	.db #0x47	; 71	'G'
    00000988 7F                    2486 	.db #0x7f	; 127
    00000989 47                    2487 	.db #0x47	; 71	'G'
    0000098A 7F                    2488 	.db #0x7f	; 127
    0000098B 43                    2489 	.db #0x43	; 67	'C'
    0000098C 3F                    2490 	.db #0x3f	; 63
    0000098D 30                    2491 	.db #0x30	; 48	'0'
    0000098E 0F                    2492 	.db #0x0f	; 15
    0000098F 0F                    2493 	.db #0x0f	; 15
    00000990 FF                    2494 	.db #0xff	; 255
    00000991 FF                    2495 	.db #0xff	; 255
    00000992 FF                    2496 	.db #0xff	; 255
    00000993 FF                    2497 	.db #0xff	; 255
    00000994 FF                    2498 	.db #0xff	; 255
    00000995 FF                    2499 	.db #0xff	; 255
    00000996 FF                    2500 	.db #0xff	; 255
    00000997 FF                    2501 	.db #0xff	; 255
    00000998 FF                    2502 	.db #0xff	; 255
    00000999 F0                    2503 	.db #0xf0	; 240
    0000099A FF                    2504 	.db #0xff	; 255
    0000099B E3                    2505 	.db #0xe3	; 227
    0000099C FF                    2506 	.db #0xff	; 255
    0000099D 7D                    2507 	.db #0x7d	; 125
    0000099E 9F                    2508 	.db #0x9f	; 159
    0000099F 91                    2509 	.db #0x91	; 145
    000009A0 FF                    2510 	.db #0xff	; 255
    000009A1 FF                    2511 	.db #0xff	; 255
    000009A2 FF                    2512 	.db #0xff	; 255
    000009A3 FC                    2513 	.db #0xfc	; 252
    000009A4 FF                    2514 	.db #0xff	; 255
    000009A5 F3                    2515 	.db #0xf3	; 243
    000009A6 FF                    2516 	.db #0xff	; 255
    000009A7 8F                    2517 	.db #0x8f	; 143
    000009A8 FF                    2518 	.db #0xff	; 255
    000009A9 7F                    2519 	.db #0x7f	; 127
    000009AA FF                    2520 	.db #0xff	; 255
    000009AB FF                    2521 	.db #0xff	; 255
    000009AC FF                    2522 	.db #0xff	; 255
    000009AD FF                    2523 	.db #0xff	; 255
    000009AE FF                    2524 	.db #0xff	; 255
    000009AF FF                    2525 	.db #0xff	; 255
    000009B0 F7                    2526 	.db #0xf7	; 247
    000009B1 BF                    2527 	.db #0xbf	; 191
    000009B2 FB                    2528 	.db #0xfb	; 251
    000009B3 FF                    2529 	.db #0xff	; 255
    000009B4 F5                    2530 	.db #0xf5	; 245
    000009B5 FF                    2531 	.db #0xff	; 255
    000009B6 F3                    2532 	.db #0xf3	; 243
    000009B7 FF                    2533 	.db #0xff	; 255
    000009B8 FB                    2534 	.db #0xfb	; 251
    000009B9 FF                    2535 	.db #0xff	; 255
    000009BA F9                    2536 	.db #0xf9	; 249
    000009BB FF                    2537 	.db #0xff	; 255
    000009BC F9                    2538 	.db #0xf9	; 249
    000009BD FF                    2539 	.db #0xff	; 255
    000009BE FF                    2540 	.db #0xff	; 255
    000009BF FF                    2541 	.db #0xff	; 255
    000009C0 E0                    2542 	.db #0xe0	; 224
    000009C1 FF                    2543 	.db #0xff	; 255
    000009C2 F0                    2544 	.db #0xf0	; 240
    000009C3 FF                    2545 	.db #0xff	; 255
    000009C4 F0                    2546 	.db #0xf0	; 240
    000009C5 FF                    2547 	.db #0xff	; 255
    000009C6 F8                    2548 	.db #0xf8	; 248
    000009C7 FF                    2549 	.db #0xff	; 255
    000009C8 F8                    2550 	.db #0xf8	; 248
    000009C9 FF                    2551 	.db #0xff	; 255
    000009CA F8                    2552 	.db #0xf8	; 248
    000009CB FF                    2553 	.db #0xff	; 255
    000009CC F0                    2554 	.db #0xf0	; 240
    000009CD FF                    2555 	.db #0xff	; 255
    000009CE 00                    2556 	.db #0x00	; 0
    000009CF FF                    2557 	.db #0xff	; 255
    000009D0 30                    2558 	.db #0x30	; 48	'0'
    000009D1 FF                    2559 	.db #0xff	; 255
    000009D2 20                    2560 	.db #0x20	; 32
    000009D3 FF                    2561 	.db #0xff	; 255
    000009D4 10                    2562 	.db #0x10	; 16
    000009D5 FF                    2563 	.db #0xff	; 255
    000009D6 10                    2564 	.db #0x10	; 16
    000009D7 FF                    2565 	.db #0xff	; 255
    000009D8 10                    2566 	.db #0x10	; 16
    000009D9 FF                    2567 	.db #0xff	; 255
    000009DA 10                    2568 	.db #0x10	; 16
    000009DB FF                    2569 	.db #0xff	; 255
    000009DC 10                    2570 	.db #0x10	; 16
    000009DD FF                    2571 	.db #0xff	; 255
    000009DE 10                    2572 	.db #0x10	; 16
    000009DF FF                    2573 	.db #0xff	; 255
    000009E0 1F                    2574 	.db #0x1f	; 31
    000009E1 F0                    2575 	.db #0xf0	; 240
    000009E2 10                    2576 	.db #0x10	; 16
    000009E3 FF                    2577 	.db #0xff	; 255
    000009E4 08                    2578 	.db #0x08	; 8
    000009E5 FF                    2579 	.db #0xff	; 255
    000009E6 08                    2580 	.db #0x08	; 8
    000009E7 FF                    2581 	.db #0xff	; 255
    000009E8 08                    2582 	.db #0x08	; 8
    000009E9 FF                    2583 	.db #0xff	; 255
    000009EA 08                    2584 	.db #0x08	; 8
    000009EB FF                    2585 	.db #0xff	; 255
    000009EC 0F                    2586 	.db #0x0f	; 15
    000009ED FF                    2587 	.db #0xff	; 255
    000009EE 04                    2588 	.db #0x04	; 4
    000009EF FF                    2589 	.db #0xff	; 255
    000009F0 B8                    2590 	.db #0xb8	; 184
    000009F1 67                    2591 	.db #0x67	; 103	'g'
    000009F2 30                    2592 	.db #0x30	; 48	'0'
    000009F3 EF                    2593 	.db #0xef	; 239
    000009F4 31                    2594 	.db #0x31	; 49	'1'
    000009F5 EF                    2595 	.db #0xef	; 239
    000009F6 37                    2596 	.db #0x37	; 55	'7'
    000009F7 EF                    2597 	.db #0xef	; 239
    000009F8 17                    2598 	.db #0x17	; 23
    000009F9 FF                    2599 	.db #0xff	; 255
    000009FA 3F                    2600 	.db #0x3f	; 63
    000009FB FF                    2601 	.db #0xff	; 255
    000009FC CF                    2602 	.db #0xcf	; 207
    000009FD FF                    2603 	.db #0xff	; 255
    000009FE 30                    2604 	.db #0x30	; 48	'0'
    000009FF FF                    2605 	.db #0xff	; 255
    00000A00 1F                    2606 	.db #0x1f	; 31
    00000A01 FF                    2607 	.db #0xff	; 255
    00000A02 3E                    2608 	.db #0x3e	; 62
    00000A03 FF                    2609 	.db #0xff	; 255
    00000A04 F0                    2610 	.db #0xf0	; 240
    00000A05 FF                    2611 	.db #0xff	; 255
    00000A06 E0                    2612 	.db #0xe0	; 224
    00000A07 FF                    2613 	.db #0xff	; 255
    00000A08 C0                    2614 	.db #0xc0	; 192
    00000A09 FF                    2615 	.db #0xff	; 255
    00000A0A 80                    2616 	.db #0x80	; 128
    00000A0B FF                    2617 	.db #0xff	; 255
    00000A0C 05                    2618 	.db #0x05	; 5
    00000A0D FF                    2619 	.db #0xff	; 255
    00000A0E 02                    2620 	.db #0x02	; 2
    00000A0F FF                    2621 	.db #0xff	; 255
    00000A10 FF                    2622 	.db #0xff	; 255
    00000A11 00                    2623 	.db #0x00	; 0
    00000A12 FF                    2624 	.db #0xff	; 255
    00000A13 FF                    2625 	.db #0xff	; 255
    00000A14 00                    2626 	.db #0x00	; 0
    00000A15 FF                    2627 	.db #0xff	; 255
    00000A16 00                    2628 	.db #0x00	; 0
    00000A17 FF                    2629 	.db #0xff	; 255
    00000A18 00                    2630 	.db #0x00	; 0
    00000A19 FF                    2631 	.db #0xff	; 255
    00000A1A 00                    2632 	.db #0x00	; 0
    00000A1B FF                    2633 	.db #0xff	; 255
    00000A1C FF                    2634 	.db #0xff	; 255
    00000A1D FF                    2635 	.db #0xff	; 255
    00000A1E 3F                    2636 	.db #0x3f	; 63
    00000A1F FF                    2637 	.db #0xff	; 255
    00000A20 FF                    2638 	.db #0xff	; 255
    00000A21 E0                    2639 	.db #0xe0	; 224
    00000A22 FF                    2640 	.db #0xff	; 255
    00000A23 FF                    2641 	.db #0xff	; 255
    00000A24 00                    2642 	.db #0x00	; 0
    00000A25 FF                    2643 	.db #0xff	; 255
    00000A26 00                    2644 	.db #0x00	; 0
    00000A27 FF                    2645 	.db #0xff	; 255
    00000A28 00                    2646 	.db #0x00	; 0
    00000A29 FF                    2647 	.db #0xff	; 255
    00000A2A 00                    2648 	.db #0x00	; 0
    00000A2B FF                    2649 	.db #0xff	; 255
    00000A2C F8                    2650 	.db #0xf8	; 248
    00000A2D FF                    2651 	.db #0xff	; 255
    00000A2E FC                    2652 	.db #0xfc	; 252
    00000A2F FF                    2653 	.db #0xff	; 255
    00000A30 F9                    2654 	.db #0xf9	; 249
    00000A31 F7                    2655 	.db #0xf7	; 247
    00000A32 0C                    2656 	.db #0x0c	; 12
    00000A33 FB                    2657 	.db #0xfb	; 251
    00000A34 0C                    2658 	.db #0x0c	; 12
    00000A35 FB                    2659 	.db #0xfb	; 251
    00000A36 06                    2660 	.db #0x06	; 6
    00000A37 FD                    2661 	.db #0xfd	; 253
    00000A38 03                    2662 	.db #0x03	; 3
    00000A39 FE                    2663 	.db #0xfe	; 254
    00000A3A 03                    2664 	.db #0x03	; 3
    00000A3B FE                    2665 	.db #0xfe	; 254
    00000A3C 01                    2666 	.db #0x01	; 1
    00000A3D FF                    2667 	.db #0xff	; 255
    00000A3E 00                    2668 	.db #0x00	; 0
    00000A3F FF                    2669 	.db #0xff	; 255
    00000A40 FF                    2670 	.db #0xff	; 255
    00000A41 00                    2671 	.db #0x00	; 0
    00000A42 FF                    2672 	.db #0xff	; 255
    00000A43 80                    2673 	.db #0x80	; 128
    00000A44 7F                    2674 	.db #0x7f	; 127
    00000A45 C0                    2675 	.db #0xc0	; 192
    00000A46 7F                    2676 	.db #0x7f	; 127
    00000A47 C0                    2677 	.db #0xc0	; 192
    00000A48 3F                    2678 	.db #0x3f	; 63
    00000A49 E0                    2679 	.db #0xe0	; 224
    00000A4A 1F                    2680 	.db #0x1f	; 31
    00000A4B F0                    2681 	.db #0xf0	; 240
    00000A4C 9F                    2682 	.db #0x9f	; 159
    00000A4D 70                    2683 	.db #0x70	; 112	'p'
    00000A4E CF                    2684 	.db #0xcf	; 207
    00000A4F B8                    2685 	.db #0xb8	; 184
    00000A50 FF                    2686 	.db #0xff	; 255
    00000A51 3F                    2687 	.db #0x3f	; 63
    00000A52 FF                    2688 	.db #0xff	; 255
    00000A53 1F                    2689 	.db #0x1f	; 31
    00000A54 FF                    2690 	.db #0xff	; 255
    00000A55 0F                    2691 	.db #0x0f	; 15
    00000A56 FF                    2692 	.db #0xff	; 255
    00000A57 0F                    2693 	.db #0x0f	; 15
    00000A58 FF                    2694 	.db #0xff	; 255
    00000A59 07                    2695 	.db #0x07	; 7
    00000A5A FF                    2696 	.db #0xff	; 255
    00000A5B 07                    2697 	.db #0x07	; 7
    00000A5C FF                    2698 	.db #0xff	; 255
    00000A5D 03                    2699 	.db #0x03	; 3
    00000A5E FF                    2700 	.db #0xff	; 255
    00000A5F 03                    2701 	.db #0x03	; 3
    00000A60 FE                    2702 	.db #0xfe	; 254
    00000A61 E2                    2703 	.db #0xe2	; 226
    00000A62 FE                    2704 	.db #0xfe	; 254
    00000A63 F2                    2705 	.db #0xf2	; 242
    00000A64 FE                    2706 	.db #0xfe	; 254
    00000A65 FA                    2707 	.db #0xfa	; 250
    00000A66 FE                    2708 	.db #0xfe	; 254
    00000A67 FA                    2709 	.db #0xfa	; 250
    00000A68 FE                    2710 	.db #0xfe	; 254
    00000A69 FE                    2711 	.db #0xfe	; 254
    00000A6A FC                    2712 	.db #0xfc	; 252
    00000A6B FC                    2713 	.db #0xfc	; 252
    00000A6C FC                    2714 	.db #0xfc	; 252
    00000A6D FC                    2715 	.db #0xfc	; 252
    00000A6E FC                    2716 	.db #0xfc	; 252
    00000A6F FC                    2717 	.db #0xfc	; 252
    00000A70 1F                    2718 	.db #0x1f	; 31
    00000A71 10                    2719 	.db #0x10	; 16
    00000A72 0F                    2720 	.db #0x0f	; 15
    00000A73 08                    2721 	.db #0x08	; 8
    00000A74 0F                    2722 	.db #0x0f	; 15
    00000A75 08                    2723 	.db #0x08	; 8
    00000A76 07                    2724 	.db #0x07	; 7
    00000A77 04                    2725 	.db #0x04	; 4
    00000A78 07                    2726 	.db #0x07	; 7
    00000A79 04                    2727 	.db #0x04	; 4
    00000A7A 03                    2728 	.db #0x03	; 3
    00000A7B 02                    2729 	.db #0x02	; 2
    00000A7C 01                    2730 	.db #0x01	; 1
    00000A7D 01                    2731 	.db #0x01	; 1
    00000A7E 00                    2732 	.db #0x00	; 0
    00000A7F 00                    2733 	.db #0x00	; 0
    00000A80 FF                    2734 	.db #0xff	; 255
    00000A81 FF                    2735 	.db #0xff	; 255
    00000A82 FF                    2736 	.db #0xff	; 255
    00000A83 FF                    2737 	.db #0xff	; 255
    00000A84 FF                    2738 	.db #0xff	; 255
    00000A85 7F                    2739 	.db #0x7f	; 127
    00000A86 FF                    2740 	.db #0xff	; 255
    00000A87 7E                    2741 	.db #0x7e	; 126
    00000A88 FF                    2742 	.db #0xff	; 255
    00000A89 20                    2743 	.db #0x20	; 32
    00000A8A FF                    2744 	.db #0xff	; 255
    00000A8B 1F                    2745 	.db #0x1f	; 31
    00000A8C FF                    2746 	.db #0xff	; 255
    00000A8D 5F                    2747 	.db #0x5f	; 95
    00000A8E FF                    2748 	.db #0xff	; 255
    00000A8F 9F                    2749 	.db #0x9f	; 159
    00000A90 FF                    2750 	.db #0xff	; 255
    00000A91 FD                    2751 	.db #0xfd	; 253
    00000A92 FF                    2752 	.db #0xff	; 255
    00000A93 F3                    2753 	.db #0xf3	; 243
    00000A94 FF                    2754 	.db #0xff	; 255
    00000A95 C7                    2755 	.db #0xc7	; 199
    00000A96 FF                    2756 	.db #0xff	; 255
    00000A97 1F                    2757 	.db #0x1f	; 31
    00000A98 FF                    2758 	.db #0xff	; 255
    00000A99 FF                    2759 	.db #0xff	; 255
    00000A9A FF                    2760 	.db #0xff	; 255
    00000A9B FF                    2761 	.db #0xff	; 255
    00000A9C FF                    2762 	.db #0xff	; 255
    00000A9D FF                    2763 	.db #0xff	; 255
    00000A9E FF                    2764 	.db #0xff	; 255
    00000A9F FF                    2765 	.db #0xff	; 255
    00000AA0 80                    2766 	.db #0x80	; 128
    00000AA1 FF                    2767 	.db #0xff	; 255
    00000AA2 C0                    2768 	.db #0xc0	; 192
    00000AA3 FF                    2769 	.db #0xff	; 255
    00000AA4 E6                    2770 	.db #0xe6	; 230
    00000AA5 F9                    2771 	.db #0xf9	; 249
    00000AA6 E6                    2772 	.db #0xe6	; 230
    00000AA7 F9                    2773 	.db #0xf9	; 249
    00000AA8 FF                    2774 	.db #0xff	; 255
    00000AA9 E0                    2775 	.db #0xe0	; 224
    00000AAA FF                    2776 	.db #0xff	; 255
    00000AAB E0                    2777 	.db #0xe0	; 224
    00000AAC FF                    2778 	.db #0xff	; 255
    00000AAD F1                    2779 	.db #0xf1	; 241
    00000AAE FE                    2780 	.db #0xfe	; 254
    00000AAF FE                    2781 	.db #0xfe	; 254
    00000AB0 10                    2782 	.db #0x10	; 16
    00000AB1 FF                    2783 	.db #0xff	; 255
    00000AB2 10                    2784 	.db #0x10	; 16
    00000AB3 FF                    2785 	.db #0xff	; 255
    00000AB4 20                    2786 	.db #0x20	; 32
    00000AB5 FF                    2787 	.db #0xff	; 255
    00000AB6 21                    2788 	.db #0x21	; 33
    00000AB7 FF                    2789 	.db #0xff	; 255
    00000AB8 CE                    2790 	.db #0xce	; 206
    00000AB9 7F                    2791 	.db #0x7f	; 127
    00000ABA F0                    2792 	.db #0xf0	; 240
    00000ABB 7F                    2793 	.db #0x7f	; 127
    00000ABC C0                    2794 	.db #0xc0	; 192
    00000ABD BF                    2795 	.db #0xbf	; 191
    00000ABE C0                    2796 	.db #0xc0	; 192
    00000ABF 7F                    2797 	.db #0x7f	; 127
    00000AC0 04                    2798 	.db #0x04	; 4
    00000AC1 FF                    2799 	.db #0xff	; 255
    00000AC2 0F                    2800 	.db #0x0f	; 15
    00000AC3 FF                    2801 	.db #0xff	; 255
    00000AC4 74                    2802 	.db #0x74	; 116	't'
    00000AC5 FF                    2803 	.db #0xff	; 255
    00000AC6 80                    2804 	.db #0x80	; 128
    00000AC7 FF                    2805 	.db #0xff	; 255
    00000AC8 00                    2806 	.db #0x00	; 0
    00000AC9 FF                    2807 	.db #0xff	; 255
    00000ACA 00                    2808 	.db #0x00	; 0
    00000ACB FF                    2809 	.db #0xff	; 255
    00000ACC 00                    2810 	.db #0x00	; 0
    00000ACD FF                    2811 	.db #0xff	; 255
    00000ACE 00                    2812 	.db #0x00	; 0
    00000ACF FF                    2813 	.db #0xff	; 255
    00000AD0 C0                    2814 	.db #0xc0	; 192
    00000AD1 FF                    2815 	.db #0xff	; 255
    00000AD2 00                    2816 	.db #0x00	; 0
    00000AD3 FF                    2817 	.db #0xff	; 255
    00000AD4 00                    2818 	.db #0x00	; 0
    00000AD5 FF                    2819 	.db #0xff	; 255
    00000AD6 00                    2820 	.db #0x00	; 0
    00000AD7 FF                    2821 	.db #0xff	; 255
    00000AD8 00                    2822 	.db #0x00	; 0
    00000AD9 FF                    2823 	.db #0xff	; 255
    00000ADA 00                    2824 	.db #0x00	; 0
    00000ADB FF                    2825 	.db #0xff	; 255
    00000ADC 00                    2826 	.db #0x00	; 0
    00000ADD FF                    2827 	.db #0xff	; 255
    00000ADE 00                    2828 	.db #0x00	; 0
    00000ADF FF                    2829 	.db #0xff	; 255
    00000AE0 00                    2830 	.db #0x00	; 0
    00000AE1 FF                    2831 	.db #0xff	; 255
    00000AE2 00                    2832 	.db #0x00	; 0
    00000AE3 FF                    2833 	.db #0xff	; 255
    00000AE4 00                    2834 	.db #0x00	; 0
    00000AE5 FF                    2835 	.db #0xff	; 255
    00000AE6 00                    2836 	.db #0x00	; 0
    00000AE7 FF                    2837 	.db #0xff	; 255
    00000AE8 00                    2838 	.db #0x00	; 0
    00000AE9 FF                    2839 	.db #0xff	; 255
    00000AEA 00                    2840 	.db #0x00	; 0
    00000AEB FF                    2841 	.db #0xff	; 255
    00000AEC 00                    2842 	.db #0x00	; 0
    00000AED FF                    2843 	.db #0xff	; 255
    00000AEE 01                    2844 	.db #0x01	; 1
    00000AEF FF                    2845 	.db #0xff	; 255
    00000AF0 CF                    2846 	.db #0xcf	; 207
    00000AF1 B8                    2847 	.db #0xb8	; 184
    00000AF2 67                    2848 	.db #0x67	; 103	'g'
    00000AF3 DC                    2849 	.db #0xdc	; 220
    00000AF4 67                    2850 	.db #0x67	; 103	'g'
    00000AF5 DC                    2851 	.db #0xdc	; 220
    00000AF6 33                    2852 	.db #0x33	; 51	'3'
    00000AF7 EE                    2853 	.db #0xee	; 238
    00000AF8 13                    2854 	.db #0x13	; 19
    00000AF9 FE                    2855 	.db #0xfe	; 254
    00000AFA 19                    2856 	.db #0x19	; 25
    00000AFB F7                    2857 	.db #0xf7	; 247
    00000AFC 1D                    2858 	.db #0x1d	; 29
    00000AFD FB                    2859 	.db #0xfb	; 251
    00000AFE EC                    2860 	.db #0xec	; 236
    00000AFF FB                    2861 	.db #0xfb	; 251
    00000B00 FF                    2862 	.db #0xff	; 255
    00000B01 00                    2863 	.db #0x00	; 0
    00000B02 FF                    2864 	.db #0xff	; 255
    00000B03 00                    2865 	.db #0x00	; 0
    00000B04 FF                    2866 	.db #0xff	; 255
    00000B05 00                    2867 	.db #0x00	; 0
    00000B06 FF                    2868 	.db #0xff	; 255
    00000B07 00                    2869 	.db #0x00	; 0
    00000B08 FF                    2870 	.db #0xff	; 255
    00000B09 00                    2871 	.db #0x00	; 0
    00000B0A FF                    2872 	.db #0xff	; 255
    00000B0B 00                    2873 	.db #0x00	; 0
    00000B0C 7F                    2874 	.db #0x7f	; 127
    00000B0D 80                    2875 	.db #0x80	; 128
    00000B0E FF                    2876 	.db #0xff	; 255
    00000B0F 80                    2877 	.db #0x80	; 128
    00000B10 FC                    2878 	.db #0xfc	; 252
    00000B11 FC                    2879 	.db #0xfc	; 252
    00000B12 FC                    2880 	.db #0xfc	; 252
    00000B13 FC                    2881 	.db #0xfc	; 252
    00000B14 F8                    2882 	.db #0xf8	; 248
    00000B15 F8                    2883 	.db #0xf8	; 248
    00000B16 F8                    2884 	.db #0xf8	; 248
    00000B17 78                    2885 	.db #0x78	; 120	'x'
    00000B18 F0                    2886 	.db #0xf0	; 240
    00000B19 70                    2887 	.db #0x70	; 112	'p'
    00000B1A E0                    2888 	.db #0xe0	; 224
    00000B1B 20                    2889 	.db #0x20	; 32
    00000B1C C0                    2890 	.db #0xc0	; 192
    00000B1D 40                    2891 	.db #0x40	; 64
    00000B1E 80                    2892 	.db #0x80	; 128
    00000B1F 80                    2893 	.db #0x80	; 128
    00000B20 01                    2894 	.db #0x01	; 1
    00000B21 01                    2895 	.db #0x01	; 1
    00000B22 01                    2896 	.db #0x01	; 1
    00000B23 01                    2897 	.db #0x01	; 1
    00000B24 01                    2898 	.db #0x01	; 1
    00000B25 01                    2899 	.db #0x01	; 1
    00000B26 01                    2900 	.db #0x01	; 1
    00000B27 01                    2901 	.db #0x01	; 1
    00000B28 01                    2902 	.db #0x01	; 1
    00000B29 01                    2903 	.db #0x01	; 1
    00000B2A 01                    2904 	.db #0x01	; 1
    00000B2B 01                    2905 	.db #0x01	; 1
    00000B2C 00                    2906 	.db #0x00	; 0
    00000B2D 00                    2907 	.db #0x00	; 0
    00000B2E 00                    2908 	.db #0x00	; 0
    00000B2F 00                    2909 	.db #0x00	; 0
    00000B30 FF                    2910 	.db #0xff	; 255
    00000B31 1F                    2911 	.db #0x1f	; 31
    00000B32 FF                    2912 	.db #0xff	; 255
    00000B33 1F                    2913 	.db #0x1f	; 31
    00000B34 FF                    2914 	.db #0xff	; 255
    00000B35 0F                    2915 	.db #0x0f	; 15
    00000B36 FF                    2916 	.db #0xff	; 255
    00000B37 0F                    2917 	.db #0x0f	; 15
    00000B38 FF                    2918 	.db #0xff	; 255
    00000B39 07                    2919 	.db #0x07	; 7
    00000B3A FF                    2920 	.db #0xff	; 255
    00000B3B 07                    2921 	.db #0x07	; 7
    00000B3C FF                    2922 	.db #0xff	; 255
    00000B3D 9F                    2923 	.db #0x9f	; 159
    00000B3E E0                    2924 	.db #0xe0	; 224
    00000B3F E0                    2925 	.db #0xe0	; 224
    00000B40 FF                    2926 	.db #0xff	; 255
    00000B41 FF                    2927 	.db #0xff	; 255
    00000B42 FF                    2928 	.db #0xff	; 255
    00000B43 FF                    2929 	.db #0xff	; 255
    00000B44 FF                    2930 	.db #0xff	; 255
    00000B45 FF                    2931 	.db #0xff	; 255
    00000B46 FF                    2932 	.db #0xff	; 255
    00000B47 FF                    2933 	.db #0xff	; 255
    00000B48 FF                    2934 	.db #0xff	; 255
    00000B49 FF                    2935 	.db #0xff	; 255
    00000B4A FF                    2936 	.db #0xff	; 255
    00000B4B FF                    2937 	.db #0xff	; 255
    00000B4C FC                    2938 	.db #0xfc	; 252
    00000B4D FC                    2939 	.db #0xfc	; 252
    00000B4E 00                    2940 	.db #0x00	; 0
    00000B4F 00                    2941 	.db #0x00	; 0
    00000B50 F0                    2942 	.db #0xf0	; 240
    00000B51 F0                    2943 	.db #0xf0	; 240
    00000B52 F0                    2944 	.db #0xf0	; 240
    00000B53 F0                    2945 	.db #0xf0	; 240
    00000B54 F1                    2946 	.db #0xf1	; 241
    00000B55 F1                    2947 	.db #0xf1	; 241
    00000B56 E3                    2948 	.db #0xe3	; 227
    00000B57 E2                    2949 	.db #0xe2	; 226
    00000B58 C3                    2950 	.db #0xc3	; 195
    00000B59 C2                    2951 	.db #0xc2	; 194
    00000B5A 87                    2952 	.db #0x87	; 135
    00000B5B 84                    2953 	.db #0x84	; 132
    00000B5C 0E                    2954 	.db #0x0e	; 14
    00000B5D 09                    2955 	.db #0x09	; 9
    00000B5E 1C                    2956 	.db #0x1c	; 28
    00000B5F 13                    2957 	.db #0x13	; 19
    00000B60 C0                    2958 	.db #0xc0	; 192
    00000B61 BF                    2959 	.db #0xbf	; 191
    00000B62 C7                    2960 	.db #0xc7	; 199
    00000B63 BF                    2961 	.db #0xbf	; 191
    00000B64 C8                    2962 	.db #0xc8	; 200
    00000B65 3F                    2963 	.db #0x3f	; 63
    00000B66 80                    2964 	.db #0x80	; 128
    00000B67 7F                    2965 	.db #0x7f	; 127
    00000B68 00                    2966 	.db #0x00	; 0
    00000B69 FF                    2967 	.db #0xff	; 255
    00000B6A 00                    2968 	.db #0x00	; 0
    00000B6B FF                    2969 	.db #0xff	; 255
    00000B6C 00                    2970 	.db #0x00	; 0
    00000B6D FF                    2971 	.db #0xff	; 255
    00000B6E 00                    2972 	.db #0x00	; 0
    00000B6F FF                    2973 	.db #0xff	; 255
    00000B70 00                    2974 	.db #0x00	; 0
    00000B71 FF                    2975 	.db #0xff	; 255
    00000B72 E0                    2976 	.db #0xe0	; 224
    00000B73 FF                    2977 	.db #0xff	; 255
    00000B74 00                    2978 	.db #0x00	; 0
    00000B75 FF                    2979 	.db #0xff	; 255
    00000B76 00                    2980 	.db #0x00	; 0
    00000B77 FF                    2981 	.db #0xff	; 255
    00000B78 00                    2982 	.db #0x00	; 0
    00000B79 FF                    2983 	.db #0xff	; 255
    00000B7A 00                    2984 	.db #0x00	; 0
    00000B7B FF                    2985 	.db #0xff	; 255
    00000B7C 00                    2986 	.db #0x00	; 0
    00000B7D FF                    2987 	.db #0xff	; 255
    00000B7E 00                    2988 	.db #0x00	; 0
    00000B7F FF                    2989 	.db #0xff	; 255
    00000B80 00                    2990 	.db #0x00	; 0
    00000B81 FF                    2991 	.db #0xff	; 255
    00000B82 00                    2992 	.db #0x00	; 0
    00000B83 FF                    2993 	.db #0xff	; 255
    00000B84 7F                    2994 	.db #0x7f	; 127
    00000B85 FF                    2995 	.db #0xff	; 255
    00000B86 00                    2996 	.db #0x00	; 0
    00000B87 FF                    2997 	.db #0xff	; 255
    00000B88 00                    2998 	.db #0x00	; 0
    00000B89 FF                    2999 	.db #0xff	; 255
    00000B8A 00                    3000 	.db #0x00	; 0
    00000B8B FF                    3001 	.db #0xff	; 255
    00000B8C 00                    3002 	.db #0x00	; 0
    00000B8D FF                    3003 	.db #0xff	; 255
    00000B8E 00                    3004 	.db #0x00	; 0
    00000B8F FF                    3005 	.db #0xff	; 255
    00000B90 00                    3006 	.db #0x00	; 0
    00000B91 FF                    3007 	.db #0xff	; 255
    00000B92 00                    3008 	.db #0x00	; 0
    00000B93 FF                    3009 	.db #0xff	; 255
    00000B94 E0                    3010 	.db #0xe0	; 224
    00000B95 FF                    3011 	.db #0xff	; 255
    00000B96 00                    3012 	.db #0x00	; 0
    00000B97 FF                    3013 	.db #0xff	; 255
    00000B98 00                    3014 	.db #0x00	; 0
    00000B99 FF                    3015 	.db #0xff	; 255
    00000B9A 00                    3016 	.db #0x00	; 0
    00000B9B FF                    3017 	.db #0xff	; 255
    00000B9C 00                    3018 	.db #0x00	; 0
    00000B9D FF                    3019 	.db #0xff	; 255
    00000B9E 00                    3020 	.db #0x00	; 0
    00000B9F FF                    3021 	.db #0xff	; 255
    00000BA0 00                    3022 	.db #0x00	; 0
    00000BA1 FF                    3023 	.db #0xff	; 255
    00000BA2 00                    3024 	.db #0x00	; 0
    00000BA3 FF                    3025 	.db #0xff	; 255
    00000BA4 00                    3026 	.db #0x00	; 0
    00000BA5 FF                    3027 	.db #0xff	; 255
    00000BA6 00                    3028 	.db #0x00	; 0
    00000BA7 FF                    3029 	.db #0xff	; 255
    00000BA8 03                    3030 	.db #0x03	; 3
    00000BA9 FF                    3031 	.db #0xff	; 255
    00000BAA 0C                    3032 	.db #0x0c	; 12
    00000BAB FF                    3033 	.db #0xff	; 255
    00000BAC 30                    3034 	.db #0x30	; 48	'0'
    00000BAD FF                    3035 	.db #0xff	; 255
    00000BAE C0                    3036 	.db #0xc0	; 192
    00000BAF FF                    3037 	.db #0xff	; 255
    00000BB0 00                    3038 	.db #0x00	; 0
    00000BB1 FF                    3039 	.db #0xff	; 255
    00000BB2 07                    3040 	.db #0x07	; 7
    00000BB3 FF                    3041 	.db #0xff	; 255
    00000BB4 38                    3042 	.db #0x38	; 56	'8'
    00000BB5 FF                    3043 	.db #0xff	; 255
    00000BB6 C0                    3044 	.db #0xc0	; 192
    00000BB7 FF                    3045 	.db #0xff	; 255
    00000BB8 0C                    3046 	.db #0x0c	; 12
    00000BB9 FF                    3047 	.db #0xff	; 255
    00000BBA 03                    3048 	.db #0x03	; 3
    00000BBB FF                    3049 	.db #0xff	; 255
    00000BBC 00                    3050 	.db #0x00	; 0
    00000BBD FF                    3051 	.db #0xff	; 255
    00000BBE 00                    3052 	.db #0x00	; 0
    00000BBF FF                    3053 	.db #0xff	; 255
    00000BC0 7E                    3054 	.db #0x7e	; 126
    00000BC1 FF                    3055 	.db #0xff	; 255
    00000BC2 80                    3056 	.db #0x80	; 128
    00000BC3 FF                    3057 	.db #0xff	; 255
    00000BC4 00                    3058 	.db #0x00	; 0
    00000BC5 FF                    3059 	.db #0xff	; 255
    00000BC6 00                    3060 	.db #0x00	; 0
    00000BC7 FF                    3061 	.db #0xff	; 255
    00000BC8 00                    3062 	.db #0x00	; 0
    00000BC9 FF                    3063 	.db #0xff	; 255
    00000BCA FC                    3064 	.db #0xfc	; 252
    00000BCB FF                    3065 	.db #0xff	; 255
    00000BCC 03                    3066 	.db #0x03	; 3
    00000BCD FF                    3067 	.db #0xff	; 255
    00000BCE 00                    3068 	.db #0x00	; 0
    00000BCF FF                    3069 	.db #0xff	; 255
    00000BD0 06                    3070 	.db #0x06	; 6
    00000BD1 FD                    3071 	.db #0xfd	; 253
    00000BD2 03                    3072 	.db #0x03	; 3
    00000BD3 FE                    3073 	.db #0xfe	; 254
    00000BD4 01                    3074 	.db #0x01	; 1
    00000BD5 FF                    3075 	.db #0xff	; 255
    00000BD6 01                    3076 	.db #0x01	; 1
    00000BD7 FF                    3077 	.db #0xff	; 255
    00000BD8 00                    3078 	.db #0x00	; 0
    00000BD9 FF                    3079 	.db #0xff	; 255
    00000BDA 00                    3080 	.db #0x00	; 0
    00000BDB FF                    3081 	.db #0xff	; 255
    00000BDC 80                    3082 	.db #0x80	; 128
    00000BDD FF                    3083 	.db #0xff	; 255
    00000BDE 70                    3084 	.db #0x70	; 112	'p'
    00000BDF FF                    3085 	.db #0xff	; 255
    00000BE0 BF                    3086 	.db #0xbf	; 191
    00000BE1 C0                    3087 	.db #0xc0	; 192
    00000BE2 7F                    3088 	.db #0x7f	; 127
    00000BE3 C0                    3089 	.db #0xc0	; 192
    00000BE4 3F                    3090 	.db #0x3f	; 63
    00000BE5 E0                    3091 	.db #0xe0	; 224
    00000BE6 BF                    3092 	.db #0xbf	; 191
    00000BE7 6F                    3093 	.db #0x6f	; 111	'o'
    00000BE8 F0                    3094 	.db #0xf0	; 240
    00000BE9 F0                    3095 	.db #0xf0	; 240
    00000BEA 60                    3096 	.db #0x60	; 96
    00000BEB A0                    3097 	.db #0xa0	; 160
    00000BEC 60                    3098 	.db #0x60	; 96
    00000BED A0                    3099 	.db #0xa0	; 160
    00000BEE 30                    3100 	.db #0x30	; 48	'0'
    00000BEF D0                    3101 	.db #0xd0	; 208
    00000BF0 FF                    3102 	.db #0xff	; 255
    00000BF1 03                    3103 	.db #0x03	; 3
    00000BF2 FC                    3104 	.db #0xfc	; 252
    00000BF3 1C                    3105 	.db #0x1c	; 28
    00000BF4 E0                    3106 	.db #0xe0	; 224
    00000BF5 E0                    3107 	.db #0xe0	; 224
    00000BF6 00                    3108 	.db #0x00	; 0
    00000BF7 00                    3109 	.db #0x00	; 0
    00000BF8 00                    3110 	.db #0x00	; 0
    00000BF9 00                    3111 	.db #0x00	; 0
    00000BFA 00                    3112 	.db #0x00	; 0
    00000BFB 00                    3113 	.db #0x00	; 0
    00000BFC 00                    3114 	.db #0x00	; 0
    00000BFD 00                    3115 	.db #0x00	; 0
    00000BFE 00                    3116 	.db #0x00	; 0
    00000BFF 00                    3117 	.db #0x00	; 0
    00000C00 00                    3118 	.db #0x00	; 0
    00000C01 00                    3119 	.db #0x00	; 0
    00000C02 00                    3120 	.db #0x00	; 0
    00000C03 00                    3121 	.db #0x00	; 0
    00000C04 00                    3122 	.db #0x00	; 0
    00000C05 00                    3123 	.db #0x00	; 0
    00000C06 00                    3124 	.db #0x00	; 0
    00000C07 00                    3125 	.db #0x00	; 0
    00000C08 01                    3126 	.db #0x01	; 1
    00000C09 01                    3127 	.db #0x01	; 1
    00000C0A 03                    3128 	.db #0x03	; 3
    00000C0B 02                    3129 	.db #0x02	; 2
    00000C0C 03                    3130 	.db #0x03	; 3
    00000C0D 02                    3131 	.db #0x02	; 2
    00000C0E 07                    3132 	.db #0x07	; 7
    00000C0F 04                    3133 	.db #0x04	; 4
    00000C10 38                    3134 	.db #0x38	; 56	'8'
    00000C11 27                    3135 	.db #0x27	; 39
    00000C12 50                    3136 	.db #0x50	; 80	'P'
    00000C13 6F                    3137 	.db #0x6f	; 111	'o'
    00000C14 B0                    3138 	.db #0xb0	; 176
    00000C15 CF                    3139 	.db #0xcf	; 207
    00000C16 E0                    3140 	.db #0xe0	; 224
    00000C17 9F                    3141 	.db #0x9f	; 159
    00000C18 C0                    3142 	.db #0xc0	; 192
    00000C19 3F                    3143 	.db #0x3f	; 63
    00000C1A C0                    3144 	.db #0xc0	; 192
    00000C1B 3F                    3145 	.db #0x3f	; 63
    00000C1C C0                    3146 	.db #0xc0	; 192
    00000C1D 3F                    3147 	.db #0x3f	; 63
    00000C1E C0                    3148 	.db #0xc0	; 192
    00000C1F 3F                    3149 	.db #0x3f	; 63
    00000C20 00                    3150 	.db #0x00	; 0
    00000C21 FF                    3151 	.db #0xff	; 255
    00000C22 00                    3152 	.db #0x00	; 0
    00000C23 FF                    3153 	.db #0xff	; 255
    00000C24 00                    3154 	.db #0x00	; 0
    00000C25 FF                    3155 	.db #0xff	; 255
    00000C26 00                    3156 	.db #0x00	; 0
    00000C27 FF                    3157 	.db #0xff	; 255
    00000C28 00                    3158 	.db #0x00	; 0
    00000C29 FF                    3159 	.db #0xff	; 255
    00000C2A 00                    3160 	.db #0x00	; 0
    00000C2B FF                    3161 	.db #0xff	; 255
    00000C2C 00                    3162 	.db #0x00	; 0
    00000C2D FF                    3163 	.db #0xff	; 255
    00000C2E 0F                    3164 	.db #0x0f	; 15
    00000C2F FF                    3165 	.db #0xff	; 255
    00000C30 00                    3166 	.db #0x00	; 0
    00000C31 FF                    3167 	.db #0xff	; 255
    00000C32 00                    3168 	.db #0x00	; 0
    00000C33 FF                    3169 	.db #0xff	; 255
    00000C34 00                    3170 	.db #0x00	; 0
    00000C35 FF                    3171 	.db #0xff	; 255
    00000C36 03                    3172 	.db #0x03	; 3
    00000C37 FF                    3173 	.db #0xff	; 255
    00000C38 0C                    3174 	.db #0x0c	; 12
    00000C39 FF                    3175 	.db #0xff	; 255
    00000C3A 30                    3176 	.db #0x30	; 48	'0'
    00000C3B FF                    3177 	.db #0xff	; 255
    00000C3C C0                    3178 	.db #0xc0	; 192
    00000C3D FF                    3179 	.db #0xff	; 255
    00000C3E 00                    3180 	.db #0x00	; 0
    00000C3F FF                    3181 	.db #0xff	; 255
    00000C40 00                    3182 	.db #0x00	; 0
    00000C41 FF                    3183 	.db #0xff	; 255
    00000C42 00                    3184 	.db #0x00	; 0
    00000C43 FF                    3185 	.db #0xff	; 255
    00000C44 FF                    3186 	.db #0xff	; 255
    00000C45 FF                    3187 	.db #0xff	; 255
    00000C46 01                    3188 	.db #0x01	; 1
    00000C47 FF                    3189 	.db #0xff	; 255
    00000C48 06                    3190 	.db #0x06	; 6
    00000C49 FF                    3191 	.db #0xff	; 255
    00000C4A 18                    3192 	.db #0x18	; 24
    00000C4B FF                    3193 	.db #0xff	; 255
    00000C4C 60                    3194 	.db #0x60	; 96
    00000C4D FF                    3195 	.db #0xff	; 255
    00000C4E 80                    3196 	.db #0x80	; 128
    00000C4F FF                    3197 	.db #0xff	; 255
    00000C50 03                    3198 	.db #0x03	; 3
    00000C51 FF                    3199 	.db #0xff	; 255
    00000C52 FC                    3200 	.db #0xfc	; 252
    00000C53 FF                    3201 	.db #0xff	; 255
    00000C54 40                    3202 	.db #0x40	; 64
    00000C55 FF                    3203 	.db #0xff	; 255
    00000C56 80                    3204 	.db #0x80	; 128
    00000C57 FF                    3205 	.db #0xff	; 255
    00000C58 00                    3206 	.db #0x00	; 0
    00000C59 FF                    3207 	.db #0xff	; 255
    00000C5A 00                    3208 	.db #0x00	; 0
    00000C5B FF                    3209 	.db #0xff	; 255
    00000C5C 01                    3210 	.db #0x01	; 1
    00000C5D FF                    3211 	.db #0xff	; 255
    00000C5E 02                    3212 	.db #0x02	; 2
    00000C5F FF                    3213 	.db #0xff	; 255
    00000C60 20                    3214 	.db #0x20	; 32
    00000C61 FF                    3215 	.db #0xff	; 255
    00000C62 10                    3216 	.db #0x10	; 16
    00000C63 FF                    3217 	.db #0xff	; 255
    00000C64 1C                    3218 	.db #0x1c	; 28
    00000C65 FF                    3219 	.db #0xff	; 255
    00000C66 22                    3220 	.db #0x22	; 34
    00000C67 FF                    3221 	.db #0xff	; 255
    00000C68 41                    3222 	.db #0x41	; 65	'A'
    00000C69 FF                    3223 	.db #0xff	; 255
    00000C6A 80                    3224 	.db #0x80	; 128
    00000C6B FF                    3225 	.db #0xff	; 255
    00000C6C 00                    3226 	.db #0x00	; 0
    00000C6D FF                    3227 	.db #0xff	; 255
    00000C6E 3F                    3228 	.db #0x3f	; 63
    00000C6F C0                    3229 	.db #0xc0	; 192
    00000C70 00                    3230 	.db #0x00	; 0
    00000C71 FF                    3231 	.db #0xff	; 255
    00000C72 00                    3232 	.db #0x00	; 0
    00000C73 FF                    3233 	.db #0xff	; 255
    00000C74 00                    3234 	.db #0x00	; 0
    00000C75 FF                    3235 	.db #0xff	; 255
    00000C76 00                    3236 	.db #0x00	; 0
    00000C77 FF                    3237 	.db #0xff	; 255
    00000C78 00                    3238 	.db #0x00	; 0
    00000C79 FF                    3239 	.db #0xff	; 255
    00000C7A 80                    3240 	.db #0x80	; 128
    00000C7B FF                    3241 	.db #0xff	; 255
    00000C7C C0                    3242 	.db #0xc0	; 192
    00000C7D FF                    3243 	.db #0xff	; 255
    00000C7E F0                    3244 	.db #0xf0	; 240
    00000C7F 7F                    3245 	.db #0x7f	; 127
    00000C80 0E                    3246 	.db #0x0e	; 14
    00000C81 FF                    3247 	.db #0xff	; 255
    00000C82 01                    3248 	.db #0x01	; 1
    00000C83 FF                    3249 	.db #0xff	; 255
    00000C84 00                    3250 	.db #0x00	; 0
    00000C85 FF                    3251 	.db #0xff	; 255
    00000C86 00                    3252 	.db #0x00	; 0
    00000C87 FF                    3253 	.db #0xff	; 255
    00000C88 00                    3254 	.db #0x00	; 0
    00000C89 FF                    3255 	.db #0xff	; 255
    00000C8A 00                    3256 	.db #0x00	; 0
    00000C8B FF                    3257 	.db #0xff	; 255
    00000C8C 00                    3258 	.db #0x00	; 0
    00000C8D FF                    3259 	.db #0xff	; 255
    00000C8E 00                    3260 	.db #0x00	; 0
    00000C8F FF                    3261 	.db #0xff	; 255
    00000C90 F8                    3262 	.db #0xf8	; 248
    00000C91 F8                    3263 	.db #0xf8	; 248
    00000C92 0C                    3264 	.db #0x0c	; 12
    00000C93 F4                    3265 	.db #0xf4	; 244
    00000C94 0E                    3266 	.db #0x0e	; 14
    00000C95 F2                    3267 	.db #0xf2	; 242
    00000C96 06                    3268 	.db #0x06	; 6
    00000C97 FA                    3269 	.db #0xfa	; 250
    00000C98 03                    3270 	.db #0x03	; 3
    00000C99 FF                    3271 	.db #0xff	; 255
    00000C9A 07                    3272 	.db #0x07	; 7
    00000C9B FD                    3273 	.db #0xfd	; 253
    00000C9C 03                    3274 	.db #0x03	; 3
    00000C9D FE                    3275 	.db #0xfe	; 254
    00000C9E 02                    3276 	.db #0x02	; 2
    00000C9F FF                    3277 	.db #0xff	; 255
    00000CA0 00                    3278 	.db #0x00	; 0
    00000CA1 00                    3279 	.db #0x00	; 0
    00000CA2 00                    3280 	.db #0x00	; 0
    00000CA3 00                    3281 	.db #0x00	; 0
    00000CA4 00                    3282 	.db #0x00	; 0
    00000CA5 00                    3283 	.db #0x00	; 0
    00000CA6 00                    3284 	.db #0x00	; 0
    00000CA7 00                    3285 	.db #0x00	; 0
    00000CA8 00                    3286 	.db #0x00	; 0
    00000CA9 00                    3287 	.db #0x00	; 0
    00000CAA C0                    3288 	.db #0xc0	; 192
    00000CAB C0                    3289 	.db #0xc0	; 192
    00000CAC FF                    3290 	.db #0xff	; 255
    00000CAD 3F                    3291 	.db #0x3f	; 63
    00000CAE 7F                    3292 	.db #0x7f	; 127
    00000CAF 80                    3293 	.db #0x80	; 128
    00000CB0 00                    3294 	.db #0x00	; 0
    00000CB1 00                    3295 	.db #0x00	; 0
    00000CB2 00                    3296 	.db #0x00	; 0
    00000CB3 00                    3297 	.db #0x00	; 0
    00000CB4 00                    3298 	.db #0x00	; 0
    00000CB5 00                    3299 	.db #0x00	; 0
    00000CB6 00                    3300 	.db #0x00	; 0
    00000CB7 00                    3301 	.db #0x00	; 0
    00000CB8 00                    3302 	.db #0x00	; 0
    00000CB9 00                    3303 	.db #0x00	; 0
    00000CBA 00                    3304 	.db #0x00	; 0
    00000CBB 00                    3305 	.db #0x00	; 0
    00000CBC C0                    3306 	.db #0xc0	; 192
    00000CBD C0                    3307 	.db #0xc0	; 192
    00000CBE E0                    3308 	.db #0xe0	; 224
    00000CBF 20                    3309 	.db #0x20	; 32
    00000CC0 00                    3310 	.db #0x00	; 0
    00000CC1 00                    3311 	.db #0x00	; 0
    00000CC2 00                    3312 	.db #0x00	; 0
    00000CC3 00                    3313 	.db #0x00	; 0
    00000CC4 00                    3314 	.db #0x00	; 0
    00000CC5 00                    3315 	.db #0x00	; 0
    00000CC6 00                    3316 	.db #0x00	; 0
    00000CC7 00                    3317 	.db #0x00	; 0
    00000CC8 00                    3318 	.db #0x00	; 0
    00000CC9 00                    3319 	.db #0x00	; 0
    00000CCA 00                    3320 	.db #0x00	; 0
    00000CCB 01                    3321 	.db #0x01	; 1
    00000CCC 00                    3322 	.db #0x00	; 0
    00000CCD 00                    3323 	.db #0x00	; 0
    00000CCE 00                    3324 	.db #0x00	; 0
    00000CCF 00                    3325 	.db #0x00	; 0
    00000CD0 00                    3326 	.db #0x00	; 0
    00000CD1 00                    3327 	.db #0x00	; 0
    00000CD2 00                    3328 	.db #0x00	; 0
    00000CD3 00                    3329 	.db #0x00	; 0
    00000CD4 00                    3330 	.db #0x00	; 0
    00000CD5 00                    3331 	.db #0x00	; 0
    00000CD6 00                    3332 	.db #0x00	; 0
    00000CD7 00                    3333 	.db #0x00	; 0
    00000CD8 00                    3334 	.db #0x00	; 0
    00000CD9 C0                    3335 	.db #0xc0	; 192
    00000CDA 00                    3336 	.db #0x00	; 0
    00000CDB E1                    3337 	.db #0xe1	; 225
    00000CDC 00                    3338 	.db #0x00	; 0
    00000CDD F3                    3339 	.db #0xf3	; 243
    00000CDE 00                    3340 	.db #0x00	; 0
    00000CDF 76                    3341 	.db #0x76	; 118	'v'
    00000CE0 00                    3342 	.db #0x00	; 0
    00000CE1 00                    3343 	.db #0x00	; 0
    00000CE2 00                    3344 	.db #0x00	; 0
    00000CE3 00                    3345 	.db #0x00	; 0
    00000CE4 00                    3346 	.db #0x00	; 0
    00000CE5 00                    3347 	.db #0x00	; 0
    00000CE6 00                    3348 	.db #0x00	; 0
    00000CE7 00                    3349 	.db #0x00	; 0
    00000CE8 00                    3350 	.db #0x00	; 0
    00000CE9 00                    3351 	.db #0x00	; 0
    00000CEA 00                    3352 	.db #0x00	; 0
    00000CEB 00                    3353 	.db #0x00	; 0
    00000CEC 00                    3354 	.db #0x00	; 0
    00000CED C0                    3355 	.db #0xc0	; 192
    00000CEE 00                    3356 	.db #0x00	; 0
    00000CEF 78                    3357 	.db #0x78	; 120	'x'
    00000CF0 00                    3358 	.db #0x00	; 0
    00000CF1 00                    3359 	.db #0x00	; 0
    00000CF2 00                    3360 	.db #0x00	; 0
    00000CF3 00                    3361 	.db #0x00	; 0
    00000CF4 00                    3362 	.db #0x00	; 0
    00000CF5 00                    3363 	.db #0x00	; 0
    00000CF6 00                    3364 	.db #0x00	; 0
    00000CF7 00                    3365 	.db #0x00	; 0
    00000CF8 00                    3366 	.db #0x00	; 0
    00000CF9 00                    3367 	.db #0x00	; 0
    00000CFA 00                    3368 	.db #0x00	; 0
    00000CFB 00                    3369 	.db #0x00	; 0
    00000CFC 00                    3370 	.db #0x00	; 0
    00000CFD 00                    3371 	.db #0x00	; 0
    00000CFE 00                    3372 	.db #0x00	; 0
    00000CFF 01                    3373 	.db #0x01	; 1
    00000D00 0F                    3374 	.db #0x0f	; 15
    00000D01 08                    3375 	.db #0x08	; 8
    00000D02 1F                    3376 	.db #0x1f	; 31
    00000D03 13                    3377 	.db #0x13	; 19
    00000D04 1C                    3378 	.db #0x1c	; 28
    00000D05 1F                    3379 	.db #0x1f	; 31
    00000D06 3C                    3380 	.db #0x3c	; 60
    00000D07 27                    3381 	.db #0x27	; 39
    00000D08 3A                    3382 	.db #0x3a	; 58
    00000D09 27                    3383 	.db #0x27	; 39
    00000D0A 7E                    3384 	.db #0x7e	; 126
    00000D0B 43                    3385 	.db #0x43	; 67	'C'
    00000D0C 7E                    3386 	.db #0x7e	; 126
    00000D0D 43                    3387 	.db #0x43	; 67	'C'
    00000D0E 7F                    3388 	.db #0x7f	; 127
    00000D0F C1                    3389 	.db #0xc1	; 193
    00000D10 07                    3390 	.db #0x07	; 7
    00000D11 FF                    3391 	.db #0xff	; 255
    00000D12 FE                    3392 	.db #0xfe	; 254
    00000D13 FF                    3393 	.db #0xff	; 255
    00000D14 01                    3394 	.db #0x01	; 1
    00000D15 FF                    3395 	.db #0xff	; 255
    00000D16 00                    3396 	.db #0x00	; 0
    00000D17 FF                    3397 	.db #0xff	; 255
    00000D18 00                    3398 	.db #0x00	; 0
    00000D19 FF                    3399 	.db #0xff	; 255
    00000D1A 00                    3400 	.db #0x00	; 0
    00000D1B FF                    3401 	.db #0xff	; 255
    00000D1C 00                    3402 	.db #0x00	; 0
    00000D1D FF                    3403 	.db #0xff	; 255
    00000D1E 00                    3404 	.db #0x00	; 0
    00000D1F FF                    3405 	.db #0xff	; 255
    00000D20 F0                    3406 	.db #0xf0	; 240
    00000D21 FF                    3407 	.db #0xff	; 255
    00000D22 00                    3408 	.db #0x00	; 0
    00000D23 FF                    3409 	.db #0xff	; 255
    00000D24 FF                    3410 	.db #0xff	; 255
    00000D25 FF                    3411 	.db #0xff	; 255
    00000D26 00                    3412 	.db #0x00	; 0
    00000D27 FF                    3413 	.db #0xff	; 255
    00000D28 00                    3414 	.db #0x00	; 0
    00000D29 FF                    3415 	.db #0xff	; 255
    00000D2A 00                    3416 	.db #0x00	; 0
    00000D2B FF                    3417 	.db #0xff	; 255
    00000D2C 00                    3418 	.db #0x00	; 0
    00000D2D FF                    3419 	.db #0xff	; 255
    00000D2E 00                    3420 	.db #0x00	; 0
    00000D2F FF                    3421 	.db #0xff	; 255
    00000D30 03                    3422 	.db #0x03	; 3
    00000D31 FF                    3423 	.db #0xff	; 255
    00000D32 0C                    3424 	.db #0x0c	; 12
    00000D33 FF                    3425 	.db #0xff	; 255
    00000D34 F0                    3426 	.db #0xf0	; 240
    00000D35 FF                    3427 	.db #0xff	; 255
    00000D36 00                    3428 	.db #0x00	; 0
    00000D37 FF                    3429 	.db #0xff	; 255
    00000D38 00                    3430 	.db #0x00	; 0
    00000D39 FF                    3431 	.db #0xff	; 255
    00000D3A 00                    3432 	.db #0x00	; 0
    00000D3B FF                    3433 	.db #0xff	; 255
    00000D3C 00                    3434 	.db #0x00	; 0
    00000D3D FF                    3435 	.db #0xff	; 255
    00000D3E 00                    3436 	.db #0x00	; 0
    00000D3F FF                    3437 	.db #0xff	; 255
    00000D40 00                    3438 	.db #0x00	; 0
    00000D41 FF                    3439 	.db #0xff	; 255
    00000D42 00                    3440 	.db #0x00	; 0
    00000D43 FF                    3441 	.db #0xff	; 255
    00000D44 00                    3442 	.db #0x00	; 0
    00000D45 FF                    3443 	.db #0xff	; 255
    00000D46 00                    3444 	.db #0x00	; 0
    00000D47 FF                    3445 	.db #0xff	; 255
    00000D48 00                    3446 	.db #0x00	; 0
    00000D49 FF                    3447 	.db #0xff	; 255
    00000D4A 01                    3448 	.db #0x01	; 1
    00000D4B FF                    3449 	.db #0xff	; 255
    00000D4C 06                    3450 	.db #0x06	; 6
    00000D4D FE                    3451 	.db #0xfe	; 254
    00000D4E 08                    3452 	.db #0x08	; 8
    00000D4F FB                    3453 	.db #0xfb	; 251
    00000D50 0F                    3454 	.db #0x0f	; 15
    00000D51 FC                    3455 	.db #0xfc	; 252
    00000D52 1F                    3456 	.db #0x1f	; 31
    00000D53 FF                    3457 	.db #0xff	; 255
    00000D54 20                    3458 	.db #0x20	; 32
    00000D55 E0                    3459 	.db #0xe0	; 224
    00000D56 40                    3460 	.db #0x40	; 64
    00000D57 C0                    3461 	.db #0xc0	; 192
    00000D58 80                    3462 	.db #0x80	; 128
    00000D59 80                    3463 	.db #0x80	; 128
    00000D5A 00                    3464 	.db #0x00	; 0
    00000D5B 00                    3465 	.db #0x00	; 0
    00000D5C 00                    3466 	.db #0x00	; 0
    00000D5D 70                    3467 	.db #0x70	; 112	'p'
    00000D5E 00                    3468 	.db #0x00	; 0
    00000D5F E0                    3469 	.db #0xe0	; 224
    00000D60 FF                    3470 	.db #0xff	; 255
    00000D61 0F                    3471 	.db #0x0f	; 15
    00000D62 F0                    3472 	.db #0xf0	; 240
    00000D63 F0                    3473 	.db #0xf0	; 240
    00000D64 00                    3474 	.db #0x00	; 0
    00000D65 00                    3475 	.db #0x00	; 0
    00000D66 00                    3476 	.db #0x00	; 0
    00000D67 00                    3477 	.db #0x00	; 0
    00000D68 00                    3478 	.db #0x00	; 0
    00000D69 00                    3479 	.db #0x00	; 0
    00000D6A 00                    3480 	.db #0x00	; 0
    00000D6B 00                    3481 	.db #0x00	; 0
    00000D6C 00                    3482 	.db #0x00	; 0
    00000D6D 03                    3483 	.db #0x03	; 3
    00000D6E 00                    3484 	.db #0x00	; 0
    00000D6F 01                    3485 	.db #0x01	; 1
    00000D70 F8                    3486 	.db #0xf8	; 248
    00000D71 CF                    3487 	.db #0xcf	; 207
    00000D72 36                    3488 	.db #0x36	; 54	'6'
    00000D73 2F                    3489 	.db #0x2f	; 47
    00000D74 39                    3490 	.db #0x39	; 57	'9'
    00000D75 27                    3491 	.db #0x27	; 39
    00000D76 1C                    3492 	.db #0x1c	; 28
    00000D77 1F                    3493 	.db #0x1f	; 31
    00000D78 0E                    3494 	.db #0x0e	; 14
    00000D79 0B                    3495 	.db #0x0b	; 11
    00000D7A 07                    3496 	.db #0x07	; 7
    00000D7B 05                    3497 	.db #0x05	; 5
    00000D7C 03                    3498 	.db #0x03	; 3
    00000D7D 1A                    3499 	.db #0x1a	; 26
    00000D7E 01                    3500 	.db #0x01	; 1
    00000D7F D9                    3501 	.db #0xd9	; 217
    00000D80 00                    3502 	.db #0x00	; 0
    00000D81 FF                    3503 	.db #0xff	; 255
    00000D82 00                    3504 	.db #0x00	; 0
    00000D83 FF                    3505 	.db #0xff	; 255
    00000D84 80                    3506 	.db #0x80	; 128
    00000D85 FF                    3507 	.db #0xff	; 255
    00000D86 40                    3508 	.db #0x40	; 64
    00000D87 FF                    3509 	.db #0xff	; 255
    00000D88 20                    3510 	.db #0x20	; 32
    00000D89 FF                    3511 	.db #0xff	; 255
    00000D8A 90                    3512 	.db #0x90	; 144
    00000D8B FF                    3513 	.db #0xff	; 255
    00000D8C E8                    3514 	.db #0xe8	; 232
    00000D8D 7F                    3515 	.db #0x7f	; 127
    00000D8E DC                    3516 	.db #0xdc	; 220
    00000D8F 3F                    3517 	.db #0x3f	; 63
    00000D90 02                    3518 	.db #0x02	; 2
    00000D91 FF                    3519 	.db #0xff	; 255
    00000D92 02                    3520 	.db #0x02	; 2
    00000D93 FF                    3521 	.db #0xff	; 255
    00000D94 02                    3522 	.db #0x02	; 2
    00000D95 FF                    3523 	.db #0xff	; 255
    00000D96 02                    3524 	.db #0x02	; 2
    00000D97 FF                    3525 	.db #0xff	; 255
    00000D98 02                    3526 	.db #0x02	; 2
    00000D99 FF                    3527 	.db #0xff	; 255
    00000D9A 04                    3528 	.db #0x04	; 4
    00000D9B FF                    3529 	.db #0xff	; 255
    00000D9C 04                    3530 	.db #0x04	; 4
    00000D9D FF                    3531 	.db #0xff	; 255
    00000D9E 08                    3532 	.db #0x08	; 8
    00000D9F FF                    3533 	.db #0xff	; 255
    00000DA0 60                    3534 	.db #0x60	; 96
    00000DA1 9F                    3535 	.db #0x9f	; 159
    00000DA2 00                    3536 	.db #0x00	; 0
    00000DA3 FF                    3537 	.db #0xff	; 255
    00000DA4 00                    3538 	.db #0x00	; 0
    00000DA5 FF                    3539 	.db #0xff	; 255
    00000DA6 00                    3540 	.db #0x00	; 0
    00000DA7 FF                    3541 	.db #0xff	; 255
    00000DA8 00                    3542 	.db #0x00	; 0
    00000DA9 FF                    3543 	.db #0xff	; 255
    00000DAA 00                    3544 	.db #0x00	; 0
    00000DAB FF                    3545 	.db #0xff	; 255
    00000DAC 00                    3546 	.db #0x00	; 0
    00000DAD FF                    3547 	.db #0xff	; 255
    00000DAE 00                    3548 	.db #0x00	; 0
    00000DAF FF                    3549 	.db #0xff	; 255
    00000DB0 70                    3550 	.db #0x70	; 112	'p'
    00000DB1 90                    3551 	.db #0x90	; 144
    00000DB2 30                    3552 	.db #0x30	; 48	'0'
    00000DB3 D0                    3553 	.db #0xd0	; 208
    00000DB4 38                    3554 	.db #0x38	; 56	'8'
    00000DB5 C8                    3555 	.db #0xc8	; 200
    00000DB6 38                    3556 	.db #0x38	; 56	'8'
    00000DB7 C8                    3557 	.db #0xc8	; 200
    00000DB8 1C                    3558 	.db #0x1c	; 28
    00000DB9 E4                    3559 	.db #0xe4	; 228
    00000DBA 1E                    3560 	.db #0x1e	; 30
    00000DBB E2                    3561 	.db #0xe2	; 226
    00000DBC 1E                    3562 	.db #0x1e	; 30
    00000DBD E2                    3563 	.db #0xe2	; 226
    00000DBE 0E                    3564 	.db #0x0e	; 14
    00000DBF F2                    3565 	.db #0xf2	; 242
    00000DC0 00                    3566 	.db #0x00	; 0
    00000DC1 00                    3567 	.db #0x00	; 0
    00000DC2 00                    3568 	.db #0x00	; 0
    00000DC3 00                    3569 	.db #0x00	; 0
    00000DC4 00                    3570 	.db #0x00	; 0
    00000DC5 00                    3571 	.db #0x00	; 0
    00000DC6 00                    3572 	.db #0x00	; 0
    00000DC7 00                    3573 	.db #0x00	; 0
    00000DC8 00                    3574 	.db #0x00	; 0
    00000DC9 80                    3575 	.db #0x80	; 128
    00000DCA 00                    3576 	.db #0x00	; 0
    00000DCB C6                    3577 	.db #0xc6	; 198
    00000DCC 00                    3578 	.db #0x00	; 0
    00000DCD 6C                    3579 	.db #0x6c	; 108	'l'
    00000DCE 00                    3580 	.db #0x00	; 0
    00000DCF 6C                    3581 	.db #0x6c	; 108	'l'
    00000DD0 00                    3582 	.db #0x00	; 0
    00000DD1 00                    3583 	.db #0x00	; 0
    00000DD2 00                    3584 	.db #0x00	; 0
    00000DD3 00                    3585 	.db #0x00	; 0
    00000DD4 00                    3586 	.db #0x00	; 0
    00000DD5 00                    3587 	.db #0x00	; 0
    00000DD6 00                    3588 	.db #0x00	; 0
    00000DD7 00                    3589 	.db #0x00	; 0
    00000DD8 00                    3590 	.db #0x00	; 0
    00000DD9 00                    3591 	.db #0x00	; 0
    00000DDA 00                    3592 	.db #0x00	; 0
    00000DDB 01                    3593 	.db #0x01	; 1
    00000DDC 00                    3594 	.db #0x00	; 0
    00000DDD 13                    3595 	.db #0x13	; 19
    00000DDE 00                    3596 	.db #0x00	; 0
    00000DDF 1F                    3597 	.db #0x1f	; 31
    00000DE0 00                    3598 	.db #0x00	; 0
    00000DE1 00                    3599 	.db #0x00	; 0
    00000DE2 00                    3600 	.db #0x00	; 0
    00000DE3 FF                    3601 	.db #0xff	; 255
    00000DE4 00                    3602 	.db #0x00	; 0
    00000DE5 FF                    3603 	.db #0xff	; 255
    00000DE6 00                    3604 	.db #0x00	; 0
    00000DE7 FF                    3605 	.db #0xff	; 255
    00000DE8 00                    3606 	.db #0x00	; 0
    00000DE9 FF                    3607 	.db #0xff	; 255
    00000DEA 00                    3608 	.db #0x00	; 0
    00000DEB FF                    3609 	.db #0xff	; 255
    00000DEC 00                    3610 	.db #0x00	; 0
    00000DED FF                    3611 	.db #0xff	; 255
    00000DEE 00                    3612 	.db #0x00	; 0
    00000DEF FF                    3613 	.db #0xff	; 255
    00000DF0 00                    3614 	.db #0x00	; 0
    00000DF1 7E                    3615 	.db #0x7e	; 126
    00000DF2 00                    3616 	.db #0x00	; 0
    00000DF3 FF                    3617 	.db #0xff	; 255
    00000DF4 00                    3618 	.db #0x00	; 0
    00000DF5 FF                    3619 	.db #0xff	; 255
    00000DF6 00                    3620 	.db #0x00	; 0
    00000DF7 FF                    3621 	.db #0xff	; 255
    00000DF8 00                    3622 	.db #0x00	; 0
    00000DF9 FF                    3623 	.db #0xff	; 255
    00000DFA 00                    3624 	.db #0x00	; 0
    00000DFB FF                    3625 	.db #0xff	; 255
    00000DFC 00                    3626 	.db #0x00	; 0
    00000DFD FF                    3627 	.db #0xff	; 255
    00000DFE 00                    3628 	.db #0x00	; 0
    00000DFF FF                    3629 	.db #0xff	; 255
    00000E00 00                    3630 	.db #0x00	; 0
    00000E01 38                    3631 	.db #0x38	; 56	'8'
    00000E02 00                    3632 	.db #0x00	; 0
    00000E03 FF                    3633 	.db #0xff	; 255
    00000E04 00                    3634 	.db #0x00	; 0
    00000E05 FF                    3635 	.db #0xff	; 255
    00000E06 00                    3636 	.db #0x00	; 0
    00000E07 FF                    3637 	.db #0xff	; 255
    00000E08 00                    3638 	.db #0x00	; 0
    00000E09 FF                    3639 	.db #0xff	; 255
    00000E0A 00                    3640 	.db #0x00	; 0
    00000E0B FF                    3641 	.db #0xff	; 255
    00000E0C 00                    3642 	.db #0x00	; 0
    00000E0D FF                    3643 	.db #0xff	; 255
    00000E0E 00                    3644 	.db #0x00	; 0
    00000E0F FF                    3645 	.db #0xff	; 255
    00000E10 7F                    3646 	.db #0x7f	; 127
    00000E11 C1                    3647 	.db #0xc1	; 193
    00000E12 3F                    3648 	.db #0x3f	; 63
    00000E13 E0                    3649 	.db #0xe0	; 224
    00000E14 1F                    3650 	.db #0x1f	; 31
    00000E15 F0                    3651 	.db #0xf0	; 240
    00000E16 1F                    3652 	.db #0x1f	; 31
    00000E17 F0                    3653 	.db #0xf0	; 240
    00000E18 0F                    3654 	.db #0x0f	; 15
    00000E19 F8                    3655 	.db #0xf8	; 248
    00000E1A 07                    3656 	.db #0x07	; 7
    00000E1B FC                    3657 	.db #0xfc	; 252
    00000E1C 03                    3658 	.db #0x03	; 3
    00000E1D FE                    3659 	.db #0xfe	; 254
    00000E1E 01                    3660 	.db #0x01	; 1
    00000E1F FF                    3661 	.db #0xff	; 255
    00000E20 00                    3662 	.db #0x00	; 0
    00000E21 FF                    3663 	.db #0xff	; 255
    00000E22 80                    3664 	.db #0x80	; 128
    00000E23 FF                    3665 	.db #0xff	; 255
    00000E24 C0                    3666 	.db #0xc0	; 192
    00000E25 7F                    3667 	.db #0x7f	; 127
    00000E26 C0                    3668 	.db #0xc0	; 192
    00000E27 7F                    3669 	.db #0x7f	; 127
    00000E28 E0                    3670 	.db #0xe0	; 224
    00000E29 3F                    3671 	.db #0x3f	; 63
    00000E2A E0                    3672 	.db #0xe0	; 224
    00000E2B 1F                    3673 	.db #0x1f	; 31
    00000E2C F0                    3674 	.db #0xf0	; 240
    00000E2D 0F                    3675 	.db #0x0f	; 15
    00000E2E FF                    3676 	.db #0xff	; 255
    00000E2F 00                    3677 	.db #0x00	; 0
    00000E30 00                    3678 	.db #0x00	; 0
    00000E31 FF                    3679 	.db #0xff	; 255
    00000E32 00                    3680 	.db #0x00	; 0
    00000E33 FF                    3681 	.db #0xff	; 255
    00000E34 00                    3682 	.db #0x00	; 0
    00000E35 FF                    3683 	.db #0xff	; 255
    00000E36 00                    3684 	.db #0x00	; 0
    00000E37 FF                    3685 	.db #0xff	; 255
    00000E38 01                    3686 	.db #0x01	; 1
    00000E39 FF                    3687 	.db #0xff	; 255
    00000E3A 1F                    3688 	.db #0x1f	; 31
    00000E3B FE                    3689 	.db #0xfe	; 254
    00000E3C FF                    3690 	.db #0xff	; 255
    00000E3D 01                    3691 	.db #0x01	; 1
    00000E3E FE                    3692 	.db #0xfe	; 254
    00000E3F 0F                    3693 	.db #0x0f	; 15
    00000E40 00                    3694 	.db #0x00	; 0
    00000E41 FF                    3695 	.db #0xff	; 255
    00000E42 00                    3696 	.db #0x00	; 0
    00000E43 FF                    3697 	.db #0xff	; 255
    00000E44 07                    3698 	.db #0x07	; 7
    00000E45 FF                    3699 	.db #0xff	; 255
    00000E46 7E                    3700 	.db #0x7e	; 126
    00000E47 FF                    3701 	.db #0xff	; 255
    00000E48 F8                    3702 	.db #0xf8	; 248
    00000E49 9F                    3703 	.db #0x9f	; 159
    00000E4A E0                    3704 	.db #0xe0	; 224
    00000E4B 7F                    3705 	.db #0x7f	; 127
    00000E4C 80                    3706 	.db #0x80	; 128
    00000E4D FF                    3707 	.db #0xff	; 255
    00000E4E 00                    3708 	.db #0x00	; 0
    00000E4F FF                    3709 	.db #0xff	; 255
    00000E50 30                    3710 	.db #0x30	; 48	'0'
    00000E51 F3                    3711 	.db #0xf3	; 243
    00000E52 40                    3712 	.db #0x40	; 64
    00000E53 FF                    3713 	.db #0xff	; 255
    00000E54 80                    3714 	.db #0x80	; 128
    00000E55 FF                    3715 	.db #0xff	; 255
    00000E56 00                    3716 	.db #0x00	; 0
    00000E57 FF                    3717 	.db #0xff	; 255
    00000E58 00                    3718 	.db #0x00	; 0
    00000E59 FF                    3719 	.db #0xff	; 255
    00000E5A 00                    3720 	.db #0x00	; 0
    00000E5B FF                    3721 	.db #0xff	; 255
    00000E5C 00                    3722 	.db #0x00	; 0
    00000E5D FF                    3723 	.db #0xff	; 255
    00000E5E 00                    3724 	.db #0x00	; 0
    00000E5F FF                    3725 	.db #0xff	; 255
    00000E60 00                    3726 	.db #0x00	; 0
    00000E61 C0                    3727 	.db #0xc0	; 192
    00000E62 00                    3728 	.db #0x00	; 0
    00000E63 FF                    3729 	.db #0xff	; 255
    00000E64 00                    3730 	.db #0x00	; 0
    00000E65 FF                    3731 	.db #0xff	; 255
    00000E66 00                    3732 	.db #0x00	; 0
    00000E67 FF                    3733 	.db #0xff	; 255
    00000E68 00                    3734 	.db #0x00	; 0
    00000E69 FF                    3735 	.db #0xff	; 255
    00000E6A 00                    3736 	.db #0x00	; 0
    00000E6B FF                    3737 	.db #0xff	; 255
    00000E6C 00                    3738 	.db #0x00	; 0
    00000E6D FF                    3739 	.db #0xff	; 255
    00000E6E 00                    3740 	.db #0x00	; 0
    00000E6F FF                    3741 	.db #0xff	; 255
    00000E70 00                    3742 	.db #0x00	; 0
    00000E71 F8                    3743 	.db #0xf8	; 248
    00000E72 00                    3744 	.db #0x00	; 0
    00000E73 FF                    3745 	.db #0xff	; 255
    00000E74 00                    3746 	.db #0x00	; 0
    00000E75 FF                    3747 	.db #0xff	; 255
    00000E76 00                    3748 	.db #0x00	; 0
    00000E77 FF                    3749 	.db #0xff	; 255
    00000E78 00                    3750 	.db #0x00	; 0
    00000E79 FF                    3751 	.db #0xff	; 255
    00000E7A 00                    3752 	.db #0x00	; 0
    00000E7B FF                    3753 	.db #0xff	; 255
    00000E7C 00                    3754 	.db #0x00	; 0
    00000E7D FF                    3755 	.db #0xff	; 255
    00000E7E 00                    3756 	.db #0x00	; 0
    00000E7F FF                    3757 	.db #0xff	; 255
    00000E80 FE                    3758 	.db #0xfe	; 254
    00000E81 87                    3759 	.db #0x87	; 135
    00000E82 7F                    3760 	.db #0x7f	; 127
    00000E83 C1                    3761 	.db #0xc1	; 193
    00000E84 3F                    3762 	.db #0x3f	; 63
    00000E85 F0                    3763 	.db #0xf0	; 240
    00000E86 0F                    3764 	.db #0x0f	; 15
    00000E87 FC                    3765 	.db #0xfc	; 252
    00000E88 03                    3766 	.db #0x03	; 3
    00000E89 FF                    3767 	.db #0xff	; 255
    00000E8A 00                    3768 	.db #0x00	; 0
    00000E8B FF                    3769 	.db #0xff	; 255
    00000E8C 00                    3770 	.db #0x00	; 0
    00000E8D FF                    3771 	.db #0xff	; 255
    00000E8E 00                    3772 	.db #0x00	; 0
    00000E8F FF                    3773 	.db #0xff	; 255
    00000E90 00                    3774 	.db #0x00	; 0
    00000E91 FF                    3775 	.db #0xff	; 255
    00000E92 00                    3776 	.db #0x00	; 0
    00000E93 FF                    3777 	.db #0xff	; 255
    00000E94 00                    3778 	.db #0x00	; 0
    00000E95 FF                    3779 	.db #0xff	; 255
    00000E96 F0                    3780 	.db #0xf0	; 240
    00000E97 0F                    3781 	.db #0x0f	; 15
    00000E98 FF                    3782 	.db #0xff	; 255
    00000E99 FF                    3783 	.db #0xff	; 255
    00000E9A 1C                    3784 	.db #0x1c	; 28
    00000E9B F3                    3785 	.db #0xf3	; 243
    00000E9C 0F                    3786 	.db #0x0f	; 15
    00000E9D FC                    3787 	.db #0xfc	; 252
    00000E9E 03                    3788 	.db #0x03	; 3
    00000E9F FF                    3789 	.db #0xff	; 255
    00000EA0 10                    3790 	.db #0x10	; 16
    00000EA1 FF                    3791 	.db #0xff	; 255
    00000EA2 20                    3792 	.db #0x20	; 32
    00000EA3 FF                    3793 	.db #0xff	; 255
    00000EA4 40                    3794 	.db #0x40	; 64
    00000EA5 FF                    3795 	.db #0xff	; 255
    00000EA6 80                    3796 	.db #0x80	; 128
    00000EA7 FF                    3797 	.db #0xff	; 255
    00000EA8 00                    3798 	.db #0x00	; 0
    00000EA9 FF                    3799 	.db #0xff	; 255
    00000EAA 03                    3800 	.db #0x03	; 3
    00000EAB FF                    3801 	.db #0xff	; 255
    00000EAC BC                    3802 	.db #0xbc	; 188
    00000EAD 7F                    3803 	.db #0x7f	; 127
    00000EAE D0                    3804 	.db #0xd0	; 208
    00000EAF FF                    3805 	.db #0xff	; 255
    00000EB0 10                    3806 	.db #0x10	; 16
    00000EB1 FF                    3807 	.db #0xff	; 255
    00000EB2 10                    3808 	.db #0x10	; 16
    00000EB3 FF                    3809 	.db #0xff	; 255
    00000EB4 10                    3810 	.db #0x10	; 16
    00000EB5 FF                    3811 	.db #0xff	; 255
    00000EB6 20                    3812 	.db #0x20	; 32
    00000EB7 FF                    3813 	.db #0xff	; 255
    00000EB8 C0                    3814 	.db #0xc0	; 192
    00000EB9 FF                    3815 	.db #0xff	; 255
    00000EBA 00                    3816 	.db #0x00	; 0
    00000EBB FF                    3817 	.db #0xff	; 255
    00000EBC 00                    3818 	.db #0x00	; 0
    00000EBD FF                    3819 	.db #0xff	; 255
    00000EBE 00                    3820 	.db #0x00	; 0
    00000EBF FF                    3821 	.db #0xff	; 255
    00000EC0 0E                    3822 	.db #0x0e	; 14
    00000EC1 F2                    3823 	.db #0xf2	; 242
    00000EC2 0E                    3824 	.db #0x0e	; 14
    00000EC3 F3                    3825 	.db #0xf3	; 243
    00000EC4 0E                    3826 	.db #0x0e	; 14
    00000EC5 F3                    3827 	.db #0xf3	; 243
    00000EC6 0E                    3828 	.db #0x0e	; 14
    00000EC7 F3                    3829 	.db #0xf3	; 243
    00000EC8 0E                    3830 	.db #0x0e	; 14
    00000EC9 F3                    3831 	.db #0xf3	; 243
    00000ECA 0E                    3832 	.db #0x0e	; 14
    00000ECB F3                    3833 	.db #0xf3	; 243
    00000ECC 0E                    3834 	.db #0x0e	; 14
    00000ECD F3                    3835 	.db #0xf3	; 243
    00000ECE 0E                    3836 	.db #0x0e	; 14
    00000ECF F3                    3837 	.db #0xf3	; 243
    00000ED0 00                    3838 	.db #0x00	; 0
    00000ED1 7C                    3839 	.db #0x7c	; 124
    00000ED2 00                    3840 	.db #0x00	; 0
    00000ED3 FF                    3841 	.db #0xff	; 255
    00000ED4 00                    3842 	.db #0x00	; 0
    00000ED5 FF                    3843 	.db #0xff	; 255
    00000ED6 00                    3844 	.db #0x00	; 0
    00000ED7 FF                    3845 	.db #0xff	; 255
    00000ED8 00                    3846 	.db #0x00	; 0
    00000ED9 FF                    3847 	.db #0xff	; 255
    00000EDA 00                    3848 	.db #0x00	; 0
    00000EDB FF                    3849 	.db #0xff	; 255
    00000EDC 00                    3850 	.db #0x00	; 0
    00000EDD FF                    3851 	.db #0xff	; 255
    00000EDE 00                    3852 	.db #0x00	; 0
    00000EDF FF                    3853 	.db #0xff	; 255
    00000EE0 00                    3854 	.db #0x00	; 0
    00000EE1 0F                    3855 	.db #0x0f	; 15
    00000EE2 00                    3856 	.db #0x00	; 0
    00000EE3 FF                    3857 	.db #0xff	; 255
    00000EE4 00                    3858 	.db #0x00	; 0
    00000EE5 FF                    3859 	.db #0xff	; 255
    00000EE6 00                    3860 	.db #0x00	; 0
    00000EE7 FF                    3861 	.db #0xff	; 255
    00000EE8 00                    3862 	.db #0x00	; 0
    00000EE9 FF                    3863 	.db #0xff	; 255
    00000EEA 00                    3864 	.db #0x00	; 0
    00000EEB FF                    3865 	.db #0xff	; 255
    00000EEC 00                    3866 	.db #0x00	; 0
    00000EED FF                    3867 	.db #0xff	; 255
    00000EEE 00                    3868 	.db #0x00	; 0
    00000EEF FF                    3869 	.db #0xff	; 255
    00000EF0 FF                    3870 	.db #0xff	; 255
    00000EF1 81                    3871 	.db #0x81	; 129
    00000EF2 7E                    3872 	.db #0x7e	; 126
    00000EF3 FF                    3873 	.db #0xff	; 255
    00000EF4 00                    3874 	.db #0x00	; 0
    00000EF5 FF                    3875 	.db #0xff	; 255
    00000EF6 00                    3876 	.db #0x00	; 0
    00000EF7 FF                    3877 	.db #0xff	; 255
    00000EF8 00                    3878 	.db #0x00	; 0
    00000EF9 FF                    3879 	.db #0xff	; 255
    00000EFA 00                    3880 	.db #0x00	; 0
    00000EFB FF                    3881 	.db #0xff	; 255
    00000EFC 00                    3882 	.db #0x00	; 0
    00000EFD FF                    3883 	.db #0xff	; 255
    00000EFE 00                    3884 	.db #0x00	; 0
    00000EFF FF                    3885 	.db #0xff	; 255
    00000F00 F0                    3886 	.db #0xf0	; 240
    00000F01 FF                    3887 	.db #0xff	; 255
    00000F02 00                    3888 	.db #0x00	; 0
    00000F03 FF                    3889 	.db #0xff	; 255
    00000F04 00                    3890 	.db #0x00	; 0
    00000F05 FF                    3891 	.db #0xff	; 255
    00000F06 00                    3892 	.db #0x00	; 0
    00000F07 FF                    3893 	.db #0xff	; 255
    00000F08 00                    3894 	.db #0x00	; 0
    00000F09 FF                    3895 	.db #0xff	; 255
    00000F0A 00                    3896 	.db #0x00	; 0
    00000F0B FF                    3897 	.db #0xff	; 255
    00000F0C 00                    3898 	.db #0x00	; 0
    00000F0D FF                    3899 	.db #0xff	; 255
    00000F0E 00                    3900 	.db #0x00	; 0
    00000F0F FF                    3901 	.db #0xff	; 255
    00000F10 08                    3902 	.db #0x08	; 8
    00000F11 FF                    3903 	.db #0xff	; 255
    00000F12 04                    3904 	.db #0x04	; 4
    00000F13 FF                    3905 	.db #0xff	; 255
    00000F14 02                    3906 	.db #0x02	; 2
    00000F15 FF                    3907 	.db #0xff	; 255
    00000F16 02                    3908 	.db #0x02	; 2
    00000F17 FF                    3909 	.db #0xff	; 255
    00000F18 02                    3910 	.db #0x02	; 2
    00000F19 FF                    3911 	.db #0xff	; 255
    00000F1A 03                    3912 	.db #0x03	; 3
    00000F1B FF                    3913 	.db #0xff	; 255
    00000F1C 06                    3914 	.db #0x06	; 6
    00000F1D FF                    3915 	.db #0xff	; 255
    00000F1E 0F                    3916 	.db #0x0f	; 15
    00000F1F FF                    3917 	.db #0xff	; 255
    00000F20 00                    3918 	.db #0x00	; 0
    00000F21 FF                    3919 	.db #0xff	; 255
    00000F22 00                    3920 	.db #0x00	; 0
    00000F23 FF                    3921 	.db #0xff	; 255
    00000F24 20                    3922 	.db #0x20	; 32
    00000F25 FF                    3923 	.db #0xff	; 255
    00000F26 40                    3924 	.db #0x40	; 64
    00000F27 FF                    3925 	.db #0xff	; 255
    00000F28 80                    3926 	.db #0x80	; 128
    00000F29 FF                    3927 	.db #0xff	; 255
    00000F2A 06                    3928 	.db #0x06	; 6
    00000F2B FF                    3929 	.db #0xff	; 255
    00000F2C F8                    3930 	.db #0xf8	; 248
    00000F2D FF                    3931 	.db #0xff	; 255
    00000F2E 00                    3932 	.db #0x00	; 0
    00000F2F FF                    3933 	.db #0xff	; 255
    00000F30 0F                    3934 	.db #0x0f	; 15
    00000F31 F1                    3935 	.db #0xf1	; 241
    00000F32 0F                    3936 	.db #0x0f	; 15
    00000F33 F1                    3937 	.db #0xf1	; 241
    00000F34 07                    3938 	.db #0x07	; 7
    00000F35 F8                    3939 	.db #0xf8	; 248
    00000F36 07                    3940 	.db #0x07	; 7
    00000F37 F8                    3941 	.db #0xf8	; 248
    00000F38 03                    3942 	.db #0x03	; 3
    00000F39 FC                    3943 	.db #0xfc	; 252
    00000F3A 03                    3944 	.db #0x03	; 3
    00000F3B FC                    3945 	.db #0xfc	; 252
    00000F3C 01                    3946 	.db #0x01	; 1
    00000F3D FE                    3947 	.db #0xfe	; 254
    00000F3E 01                    3948 	.db #0x01	; 1
    00000F3F FE                    3949 	.db #0xfe	; 254
    00000F40 00                    3950 	.db #0x00	; 0
    00000F41 FF                    3951 	.db #0xff	; 255
    00000F42 00                    3952 	.db #0x00	; 0
    00000F43 FF                    3953 	.db #0xff	; 255
    00000F44 80                    3954 	.db #0x80	; 128
    00000F45 FF                    3955 	.db #0xff	; 255
    00000F46 80                    3956 	.db #0x80	; 128
    00000F47 FF                    3957 	.db #0xff	; 255
    00000F48 C0                    3958 	.db #0xc0	; 192
    00000F49 7F                    3959 	.db #0x7f	; 127
    00000F4A C0                    3960 	.db #0xc0	; 192
    00000F4B 7F                    3961 	.db #0x7f	; 127
    00000F4C C0                    3962 	.db #0xc0	; 192
    00000F4D 7F                    3963 	.db #0x7f	; 127
    00000F4E C0                    3964 	.db #0xc0	; 192
    00000F4F 7F                    3965 	.db #0x7f	; 127
    00000F50 00                    3966 	.db #0x00	; 0
    00000F51 FF                    3967 	.db #0xff	; 255
    00000F52 00                    3968 	.db #0x00	; 0
    00000F53 FF                    3969 	.db #0xff	; 255
    00000F54 00                    3970 	.db #0x00	; 0
    00000F55 FF                    3971 	.db #0xff	; 255
    00000F56 01                    3972 	.db #0x01	; 1
    00000F57 FF                    3973 	.db #0xff	; 255
    00000F58 03                    3974 	.db #0x03	; 3
    00000F59 FE                    3975 	.db #0xfe	; 254
    00000F5A 01                    3976 	.db #0x01	; 1
    00000F5B FF                    3977 	.db #0xff	; 255
    00000F5C 00                    3978 	.db #0x00	; 0
    00000F5D FF                    3979 	.db #0xff	; 255
    00000F5E 00                    3980 	.db #0x00	; 0
    00000F5F FF                    3981 	.db #0xff	; 255
    00000F60 18                    3982 	.db #0x18	; 24
    00000F61 FF                    3983 	.db #0xff	; 255
    00000F62 60                    3984 	.db #0x60	; 96
    00000F63 FF                    3985 	.db #0xff	; 255
    00000F64 80                    3986 	.db #0x80	; 128
    00000F65 FF                    3987 	.db #0xff	; 255
    00000F66 00                    3988 	.db #0x00	; 0
    00000F67 FF                    3989 	.db #0xff	; 255
    00000F68 00                    3990 	.db #0x00	; 0
    00000F69 FF                    3991 	.db #0xff	; 255
    00000F6A F8                    3992 	.db #0xf8	; 248
    00000F6B FF                    3993 	.db #0xff	; 255
    00000F6C FF                    3994 	.db #0xff	; 255
    00000F6D FF                    3995 	.db #0xff	; 255
    00000F6E 0F                    3996 	.db #0x0f	; 15
    00000F6F FF                    3997 	.db #0xff	; 255
    00000F70 00                    3998 	.db #0x00	; 0
    00000F71 FF                    3999 	.db #0xff	; 255
    00000F72 00                    4000 	.db #0x00	; 0
    00000F73 FF                    4001 	.db #0xff	; 255
    00000F74 00                    4002 	.db #0x00	; 0
    00000F75 FF                    4003 	.db #0xff	; 255
    00000F76 00                    4004 	.db #0x00	; 0
    00000F77 FF                    4005 	.db #0xff	; 255
    00000F78 00                    4006 	.db #0x00	; 0
    00000F79 FF                    4007 	.db #0xff	; 255
    00000F7A 0F                    4008 	.db #0x0f	; 15
    00000F7B FF                    4009 	.db #0xff	; 255
    00000F7C FF                    4010 	.db #0xff	; 255
    00000F7D FF                    4011 	.db #0xff	; 255
    00000F7E F8                    4012 	.db #0xf8	; 248
    00000F7F FF                    4013 	.db #0xff	; 255
    00000F80 01                    4014 	.db #0x01	; 1
    00000F81 FE                    4015 	.db #0xfe	; 254
    00000F82 01                    4016 	.db #0x01	; 1
    00000F83 FE                    4017 	.db #0xfe	; 254
    00000F84 01                    4018 	.db #0x01	; 1
    00000F85 FE                    4019 	.db #0xfe	; 254
    00000F86 01                    4020 	.db #0x01	; 1
    00000F87 FE                    4021 	.db #0xfe	; 254
    00000F88 3F                    4022 	.db #0x3f	; 63
    00000F89 FF                    4023 	.db #0xff	; 255
    00000F8A FE                    4024 	.db #0xfe	; 254
    00000F8B FF                    4025 	.db #0xff	; 255
    00000F8C E0                    4026 	.db #0xe0	; 224
    00000F8D FF                    4027 	.db #0xff	; 255
    00000F8E 00                    4028 	.db #0x00	; 0
    00000F8F FF                    4029 	.db #0xff	; 255
    00000F90 C0                    4030 	.db #0xc0	; 192
    00000F91 7F                    4031 	.db #0x7f	; 127
    00000F92 C0                    4032 	.db #0xc0	; 192
    00000F93 7F                    4033 	.db #0x7f	; 127
    00000F94 C0                    4034 	.db #0xc0	; 192
    00000F95 7F                    4035 	.db #0x7f	; 127
    00000F96 80                    4036 	.db #0x80	; 128
    00000F97 FF                    4037 	.db #0xff	; 255
    00000F98 80                    4038 	.db #0x80	; 128
    00000F99 FF                    4039 	.db #0xff	; 255
    00000F9A 00                    4040 	.db #0x00	; 0
    00000F9B FF                    4041 	.db #0xff	; 255
    00000F9C 00                    4042 	.db #0x00	; 0
    00000F9D FF                    4043 	.db #0xff	; 255
    00000F9E 00                    4044 	.db #0x00	; 0
    00000F9F FF                    4045 	.db #0xff	; 255
    00000FA0                       4046 _titlescreen_map:
    00000FA0 00                    4047 	.db #0x00	; 0
    00000FA1 00                    4048 	.db #0x00	; 0
    00000FA2 00                    4049 	.db #0x00	; 0
    00000FA3 01                    4050 	.db #0x01	; 1
    00000FA4 02                    4051 	.db #0x02	; 2
    00000FA5 03                    4052 	.db #0x03	; 3
    00000FA6 04                    4053 	.db #0x04	; 4
    00000FA7 04                    4054 	.db #0x04	; 4
    00000FA8 05                    4055 	.db #0x05	; 5
    00000FA9 06                    4056 	.db #0x06	; 6
    00000FAA 07                    4057 	.db #0x07	; 7
    00000FAB 08                    4058 	.db #0x08	; 8
    00000FAC 09                    4059 	.db #0x09	; 9
    00000FAD 0A                    4060 	.db #0x0a	; 10
    00000FAE 0B                    4061 	.db #0x0b	; 11
    00000FAF 0C                    4062 	.db #0x0c	; 12
    00000FB0 0D                    4063 	.db #0x0d	; 13
    00000FB1 0E                    4064 	.db #0x0e	; 14
    00000FB2 0E                    4065 	.db #0x0e	; 14
    00000FB3 0E                    4066 	.db #0x0e	; 14
    00000FB4 0F                    4067 	.db #0x0f	; 15
    00000FB5 10                    4068 	.db #0x10	; 16
    00000FB6 00                    4069 	.db #0x00	; 0
    00000FB7 11                    4070 	.db #0x11	; 17
    00000FB8 00                    4071 	.db #0x00	; 0
    00000FB9 12                    4072 	.db #0x12	; 18
    00000FBA 13                    4073 	.db #0x13	; 19
    00000FBB 14                    4074 	.db #0x14	; 20
    00000FBC 15                    4075 	.db #0x15	; 21
    00000FBD 16                    4076 	.db #0x16	; 22
    00000FBE 17                    4077 	.db #0x17	; 23
    00000FBF 18                    4078 	.db #0x18	; 24
    00000FC0 19                    4079 	.db #0x19	; 25
    00000FC1 1A                    4080 	.db #0x1a	; 26
    00000FC2 1B                    4081 	.db #0x1b	; 27
    00000FC3 00                    4082 	.db #0x00	; 0
    00000FC4 1C                    4083 	.db #0x1c	; 28
    00000FC5 0E                    4084 	.db #0x0e	; 14
    00000FC6 0E                    4085 	.db #0x0e	; 14
    00000FC7 0E                    4086 	.db #0x0e	; 14
    00000FC8 1D                    4087 	.db #0x1d	; 29
    00000FC9 1E                    4088 	.db #0x1e	; 30
    00000FCA 1F                    4089 	.db #0x1f	; 31
    00000FCB 20                    4090 	.db #0x20	; 32
    00000FCC 21                    4091 	.db #0x21	; 33
    00000FCD 22                    4092 	.db #0x22	; 34
    00000FCE 23                    4093 	.db #0x23	; 35
    00000FCF 24                    4094 	.db #0x24	; 36
    00000FD0 25                    4095 	.db #0x25	; 37
    00000FD1 26                    4096 	.db #0x26	; 38
    00000FD2 27                    4097 	.db #0x27	; 39
    00000FD3 28                    4098 	.db #0x28	; 40
    00000FD4 29                    4099 	.db #0x29	; 41
    00000FD5 2A                    4100 	.db #0x2a	; 42
    00000FD6 2B                    4101 	.db #0x2b	; 43
    00000FD7 2C                    4102 	.db #0x2c	; 44
    00000FD8 2D                    4103 	.db #0x2d	; 45
    00000FD9 2E                    4104 	.db #0x2e	; 46
    00000FDA 0E                    4105 	.db #0x0e	; 14
    00000FDB 0E                    4106 	.db #0x0e	; 14
    00000FDC 2F                    4107 	.db #0x2f	; 47
    00000FDD 04                    4108 	.db #0x04	; 4
    00000FDE 30                    4109 	.db #0x30	; 48	'0'
    00000FDF 31                    4110 	.db #0x31	; 49	'1'
    00000FE0 32                    4111 	.db #0x32	; 50	'2'
    00000FE1 33                    4112 	.db #0x33	; 51	'3'
    00000FE2 34                    4113 	.db #0x34	; 52	'4'
    00000FE3 35                    4114 	.db #0x35	; 53	'5'
    00000FE4 36                    4115 	.db #0x36	; 54	'6'
    00000FE5 36                    4116 	.db #0x36	; 54	'6'
    00000FE6 36                    4117 	.db #0x36	; 54	'6'
    00000FE7 37                    4118 	.db #0x37	; 55	'7'
    00000FE8 2C                    4119 	.db #0x2c	; 44
    00000FE9 38                    4120 	.db #0x38	; 56	'8'
    00000FEA 39                    4121 	.db #0x39	; 57	'9'
    00000FEB 3A                    4122 	.db #0x3a	; 58
    00000FEC 3B                    4123 	.db #0x3b	; 59
    00000FED 3C                    4124 	.db #0x3c	; 60
    00000FEE 0E                    4125 	.db #0x0e	; 14
    00000FEF 0E                    4126 	.db #0x0e	; 14
    00000FF0 3D                    4127 	.db #0x3d	; 61
    00000FF1 3E                    4128 	.db #0x3e	; 62
    00000FF2 3F                    4129 	.db #0x3f	; 63
    00000FF3 40                    4130 	.db #0x40	; 64
    00000FF4 36                    4131 	.db #0x36	; 54	'6'
    00000FF5 36                    4132 	.db #0x36	; 54	'6'
    00000FF6 36                    4133 	.db #0x36	; 54	'6'
    00000FF7 36                    4134 	.db #0x36	; 54	'6'
    00000FF8 36                    4135 	.db #0x36	; 54	'6'
    00000FF9 41                    4136 	.db #0x41	; 65	'A'
    00000FFA 42                    4137 	.db #0x42	; 66	'B'
    00000FFB 43                    4138 	.db #0x43	; 67	'C'
    00000FFC 44                    4139 	.db #0x44	; 68	'D'
    00000FFD 00                    4140 	.db #0x00	; 0
    00000FFE 45                    4141 	.db #0x45	; 69	'E'
    00000FFF 46                    4142 	.db #0x46	; 70	'F'
    00001000 47                    4143 	.db #0x47	; 71	'G'
    00001001 48                    4144 	.db #0x48	; 72	'H'
    00001002 0E                    4145 	.db #0x0e	; 14
    00001003 0E                    4146 	.db #0x0e	; 14
    00001004 49                    4147 	.db #0x49	; 73	'I'
    00001005 4A                    4148 	.db #0x4a	; 74	'J'
    00001006 4B                    4149 	.db #0x4b	; 75	'K'
    00001007 4C                    4150 	.db #0x4c	; 76	'L'
    00001008 36                    4151 	.db #0x36	; 54	'6'
    00001009 36                    4152 	.db #0x36	; 54	'6'
    0000100A 36                    4153 	.db #0x36	; 54	'6'
    0000100B 36                    4154 	.db #0x36	; 54	'6'
    0000100C 36                    4155 	.db #0x36	; 54	'6'
    0000100D 4D                    4156 	.db #0x4d	; 77	'M'
    0000100E 4E                    4157 	.db #0x4e	; 78	'N'
    0000100F 4F                    4158 	.db #0x4f	; 79	'O'
    00001010 50                    4159 	.db #0x50	; 80	'P'
    00001011 51                    4160 	.db #0x51	; 81	'Q'
    00001012 52                    4161 	.db #0x52	; 82	'R'
    00001013 53                    4162 	.db #0x53	; 83	'S'
    00001014 54                    4163 	.db #0x54	; 84	'T'
    00001015 55                    4164 	.db #0x55	; 85	'U'
    00001016 0E                    4165 	.db #0x0e	; 14
    00001017 0E                    4166 	.db #0x0e	; 14
    00001018 00                    4167 	.db #0x00	; 0
    00001019 56                    4168 	.db #0x56	; 86	'V'
    0000101A 57                    4169 	.db #0x57	; 87	'W'
    0000101B 58                    4170 	.db #0x58	; 88	'X'
    0000101C 59                    4171 	.db #0x59	; 89	'Y'
    0000101D 36                    4172 	.db #0x36	; 54	'6'
    0000101E 36                    4173 	.db #0x36	; 54	'6'
    0000101F 36                    4174 	.db #0x36	; 54	'6'
    00001020 5A                    4175 	.db #0x5a	; 90	'Z'
    00001021 5B                    4176 	.db #0x5b	; 91
    00001022 5C                    4177 	.db #0x5c	; 92
    00001023 5D                    4178 	.db #0x5d	; 93
    00001024 5E                    4179 	.db #0x5e	; 94
    00001025 5F                    4180 	.db #0x5f	; 95
    00001026 60                    4181 	.db #0x60	; 96
    00001027 61                    4182 	.db #0x61	; 97	'a'
    00001028 62                    4183 	.db #0x62	; 98	'b'
    00001029 2E                    4184 	.db #0x2e	; 46
    0000102A 0E                    4185 	.db #0x0e	; 14
    0000102B 0E                    4186 	.db #0x0e	; 14
    0000102C 63                    4187 	.db #0x63	; 99	'c'
    0000102D 64                    4188 	.db #0x64	; 100	'd'
    0000102E 65                    4189 	.db #0x65	; 101	'e'
    0000102F 66                    4190 	.db #0x66	; 102	'f'
    00001030 67                    4191 	.db #0x67	; 103	'g'
    00001031 36                    4192 	.db #0x36	; 54	'6'
    00001032 36                    4193 	.db #0x36	; 54	'6'
    00001033 68                    4194 	.db #0x68	; 104	'h'
    00001034 69                    4195 	.db #0x69	; 105	'i'
    00001035 04                    4196 	.db #0x04	; 4
    00001036 6A                    4197 	.db #0x6a	; 106	'j'
    00001037 6B                    4198 	.db #0x6b	; 107	'k'
    00001038 6C                    4199 	.db #0x6c	; 108	'l'
    00001039 6D                    4200 	.db #0x6d	; 109	'm'
    0000103A 6E                    4201 	.db #0x6e	; 110	'n'
    0000103B 6F                    4202 	.db #0x6f	; 111	'o'
    0000103C 70                    4203 	.db #0x70	; 112	'p'
    0000103D 71                    4204 	.db #0x71	; 113	'q'
    0000103E 0E                    4205 	.db #0x0e	; 14
    0000103F 0E                    4206 	.db #0x0e	; 14
    00001040 0E                    4207 	.db #0x0e	; 14
    00001041 72                    4208 	.db #0x72	; 114	'r'
    00001042 73                    4209 	.db #0x73	; 115	's'
    00001043 74                    4210 	.db #0x74	; 116	't'
    00001044 75                    4211 	.db #0x75	; 117	'u'
    00001045 76                    4212 	.db #0x76	; 118	'v'
    00001046 77                    4213 	.db #0x77	; 119	'w'
    00001047 78                    4214 	.db #0x78	; 120	'x'
    00001048 04                    4215 	.db #0x04	; 4
    00001049 04                    4216 	.db #0x04	; 4
    0000104A 79                    4217 	.db #0x79	; 121	'y'
    0000104B 7A                    4218 	.db #0x7a	; 122	'z'
    0000104C 7B                    4219 	.db #0x7b	; 123
    0000104D 7C                    4220 	.db #0x7c	; 124
    0000104E 7D                    4221 	.db #0x7d	; 125
    0000104F 7E                    4222 	.db #0x7e	; 126
    00001050 7F                    4223 	.db #0x7f	; 127
    00001051 80                    4224 	.db #0x80	; 128
    00001052 0E                    4225 	.db #0x0e	; 14
    00001053 0E                    4226 	.db #0x0e	; 14
    00001054 0E                    4227 	.db #0x0e	; 14
    00001055 0E                    4228 	.db #0x0e	; 14
    00001056 81                    4229 	.db #0x81	; 129
    00001057 82                    4230 	.db #0x82	; 130
    00001058 83                    4231 	.db #0x83	; 131
    00001059 84                    4232 	.db #0x84	; 132
    0000105A 85                    4233 	.db #0x85	; 133
    0000105B 86                    4234 	.db #0x86	; 134
    0000105C 87                    4235 	.db #0x87	; 135
    0000105D 88                    4236 	.db #0x88	; 136
    0000105E 89                    4237 	.db #0x89	; 137
    0000105F 8A                    4238 	.db #0x8a	; 138
    00001060 8B                    4239 	.db #0x8b	; 139
    00001061 8C                    4240 	.db #0x8c	; 140
    00001062 8D                    4241 	.db #0x8d	; 141
    00001063 8E                    4242 	.db #0x8e	; 142
    00001064 8F                    4243 	.db #0x8f	; 143
    00001065 90                    4244 	.db #0x90	; 144
    00001066 0E                    4245 	.db #0x0e	; 14
    00001067 0E                    4246 	.db #0x0e	; 14
    00001068 0E                    4247 	.db #0x0e	; 14
    00001069 0E                    4248 	.db #0x0e	; 14
    0000106A 91                    4249 	.db #0x91	; 145
    0000106B 92                    4250 	.db #0x92	; 146
    0000106C 93                    4251 	.db #0x93	; 147
    0000106D 94                    4252 	.db #0x94	; 148
    0000106E 95                    4253 	.db #0x95	; 149
    0000106F 96                    4254 	.db #0x96	; 150
    00001070 97                    4255 	.db #0x97	; 151
    00001071 98                    4256 	.db #0x98	; 152
    00001072 99                    4257 	.db #0x99	; 153
    00001073 9A                    4258 	.db #0x9a	; 154
    00001074 9B                    4259 	.db #0x9b	; 155
    00001075 9C                    4260 	.db #0x9c	; 156
    00001076 9D                    4261 	.db #0x9d	; 157
    00001077 00                    4262 	.db #0x00	; 0
    00001078 9E                    4263 	.db #0x9e	; 158
    00001079 9F                    4264 	.db #0x9f	; 159
    0000107A 0E                    4265 	.db #0x0e	; 14
    0000107B 0E                    4266 	.db #0x0e	; 14
    0000107C 0E                    4267 	.db #0x0e	; 14
    0000107D 0E                    4268 	.db #0x0e	; 14
    0000107E 0E                    4269 	.db #0x0e	; 14
    0000107F A0                    4270 	.db #0xa0	; 160
    00001080 A1                    4271 	.db #0xa1	; 161
    00001081 A2                    4272 	.db #0xa2	; 162
    00001082 A3                    4273 	.db #0xa3	; 163
    00001083 A4                    4274 	.db #0xa4	; 164
    00001084 A5                    4275 	.db #0xa5	; 165
    00001085 A6                    4276 	.db #0xa6	; 166
    00001086 04                    4277 	.db #0x04	; 4
    00001087 04                    4278 	.db #0x04	; 4
    00001088 04                    4279 	.db #0x04	; 4
    00001089 A7                    4280 	.db #0xa7	; 167
    0000108A A8                    4281 	.db #0xa8	; 168
    0000108B A9                    4282 	.db #0xa9	; 169
    0000108C 29                    4283 	.db #0x29	; 41
    0000108D AA                    4284 	.db #0xaa	; 170
    0000108E 0E                    4285 	.db #0x0e	; 14
    0000108F 0E                    4286 	.db #0x0e	; 14
    00001090 0E                    4287 	.db #0x0e	; 14
    00001091 0E                    4288 	.db #0x0e	; 14
    00001092 0E                    4289 	.db #0x0e	; 14
    00001093 AB                    4290 	.db #0xab	; 171
    00001094 AC                    4291 	.db #0xac	; 172
    00001095 AD                    4292 	.db #0xad	; 173
    00001096 AE                    4293 	.db #0xae	; 174
    00001097 AF                    4294 	.db #0xaf	; 175
    00001098 B0                    4295 	.db #0xb0	; 176
    00001099 B1                    4296 	.db #0xb1	; 177
    0000109A B2                    4297 	.db #0xb2	; 178
    0000109B B3                    4298 	.db #0xb3	; 179
    0000109C B4                    4299 	.db #0xb4	; 180
    0000109D B5                    4300 	.db #0xb5	; 181
    0000109E B6                    4301 	.db #0xb6	; 182
    0000109F B7                    4302 	.db #0xb7	; 183
    000010A0 B8                    4303 	.db #0xb8	; 184
    000010A1 0E                    4304 	.db #0x0e	; 14
    000010A2 0E                    4305 	.db #0x0e	; 14
    000010A3 0E                    4306 	.db #0x0e	; 14
    000010A4 0E                    4307 	.db #0x0e	; 14
    000010A5 0E                    4308 	.db #0x0e	; 14
    000010A6 0E                    4309 	.db #0x0e	; 14
    000010A7 0E                    4310 	.db #0x0e	; 14
    000010A8 0E                    4311 	.db #0x0e	; 14
    000010A9 B9                    4312 	.db #0xb9	; 185
    000010AA BA                    4313 	.db #0xba	; 186
    000010AB BB                    4314 	.db #0xbb	; 187
    000010AC BC                    4315 	.db #0xbc	; 188
    000010AD BD                    4316 	.db #0xbd	; 189
    000010AE BE                    4317 	.db #0xbe	; 190
    000010AF BF                    4318 	.db #0xbf	; 191
    000010B0 C0                    4319 	.db #0xc0	; 192
    000010B1 04                    4320 	.db #0x04	; 4
    000010B2 C1                    4321 	.db #0xc1	; 193
    000010B3 C2                    4322 	.db #0xc2	; 194
    000010B4 C3                    4323 	.db #0xc3	; 195
    000010B5 C4                    4324 	.db #0xc4	; 196
    000010B6 0E                    4325 	.db #0x0e	; 14
    000010B7 0E                    4326 	.db #0x0e	; 14
    000010B8 C5                    4327 	.db #0xc5	; 197
    000010B9 C6                    4328 	.db #0xc6	; 198
    000010BA 0E                    4329 	.db #0x0e	; 14
    000010BB C7                    4330 	.db #0xc7	; 199
    000010BC C8                    4331 	.db #0xc8	; 200
    000010BD C9                    4332 	.db #0xc9	; 201
    000010BE CA                    4333 	.db #0xca	; 202
    000010BF CB                    4334 	.db #0xcb	; 203
    000010C0 CC                    4335 	.db #0xcc	; 204
    000010C1 CD                    4336 	.db #0xcd	; 205
    000010C2 CE                    4337 	.db #0xce	; 206
    000010C3 CF                    4338 	.db #0xcf	; 207
    000010C4 D0                    4339 	.db #0xd0	; 208
    000010C5 D1                    4340 	.db #0xd1	; 209
    000010C6 04                    4341 	.db #0x04	; 4
    000010C7 D2                    4342 	.db #0xd2	; 210
    000010C8 D3                    4343 	.db #0xd3	; 211
    000010C9 D4                    4344 	.db #0xd4	; 212
    000010CA D5                    4345 	.db #0xd5	; 213
    000010CB D6                    4346 	.db #0xd6	; 214
    000010CC D7                    4347 	.db #0xd7	; 215
    000010CD D8                    4348 	.db #0xd8	; 216
    000010CE D7                    4349 	.db #0xd7	; 215
    000010CF D9                    4350 	.db #0xd9	; 217
    000010D0 D7                    4351 	.db #0xd7	; 215
    000010D1 DA                    4352 	.db #0xda	; 218
    000010D2 DB                    4353 	.db #0xdb	; 219
    000010D3 DC                    4354 	.db #0xdc	; 220
    000010D4 DD                    4355 	.db #0xdd	; 221
    000010D5 DE                    4356 	.db #0xde	; 222
    000010D6 DF                    4357 	.db #0xdf	; 223
    000010D7 D7                    4358 	.db #0xd7	; 215
    000010D8 E0                    4359 	.db #0xe0	; 224
    000010D9 E1                    4360 	.db #0xe1	; 225
    000010DA E2                    4361 	.db #0xe2	; 226
    000010DB E3                    4362 	.db #0xe3	; 227
    000010DC E4                    4363 	.db #0xe4	; 228
    000010DD E5                    4364 	.db #0xe5	; 229
    000010DE E6                    4365 	.db #0xe6	; 230
    000010DF E7                    4366 	.db #0xe7	; 231
    000010E0 04                    4367 	.db #0x04	; 4
    000010E1 04                    4368 	.db #0x04	; 4
    000010E2 04                    4369 	.db #0x04	; 4
    000010E3 04                    4370 	.db #0x04	; 4
    000010E4 04                    4371 	.db #0x04	; 4
    000010E5 04                    4372 	.db #0x04	; 4
    000010E6 E8                    4373 	.db #0xe8	; 232
    000010E7 E9                    4374 	.db #0xe9	; 233
    000010E8 04                    4375 	.db #0x04	; 4
    000010E9 04                    4376 	.db #0x04	; 4
    000010EA 04                    4377 	.db #0x04	; 4
    000010EB 04                    4378 	.db #0x04	; 4
    000010EC 04                    4379 	.db #0x04	; 4
    000010ED 04                    4380 	.db #0x04	; 4
    000010EE 04                    4381 	.db #0x04	; 4
    000010EF EA                    4382 	.db #0xea	; 234
    000010F0 EB                    4383 	.db #0xeb	; 235
    000010F1 EC                    4384 	.db #0xec	; 236
    000010F2 ED                    4385 	.db #0xed	; 237
    000010F3 04                    4386 	.db #0x04	; 4
    000010F4 04                    4387 	.db #0x04	; 4
    000010F5 04                    4388 	.db #0x04	; 4
    000010F6 04                    4389 	.db #0x04	; 4
    000010F7 04                    4390 	.db #0x04	; 4
    000010F8 04                    4391 	.db #0x04	; 4
    000010F9 04                    4392 	.db #0x04	; 4
    000010FA 04                    4393 	.db #0x04	; 4
    000010FB 04                    4394 	.db #0x04	; 4
    000010FC 04                    4395 	.db #0x04	; 4
    000010FD 04                    4396 	.db #0x04	; 4
    000010FE 04                    4397 	.db #0x04	; 4
    000010FF 04                    4398 	.db #0x04	; 4
    00001100 04                    4399 	.db #0x04	; 4
    00001101 04                    4400 	.db #0x04	; 4
    00001102 EE                    4401 	.db #0xee	; 238
    00001103 EF                    4402 	.db #0xef	; 239
    00001104 F0                    4403 	.db #0xf0	; 240
    00001105 F1                    4404 	.db #0xf1	; 241
    00001106 F2                    4405 	.db #0xf2	; 242
    00001107 04                    4406 	.db #0x04	; 4
    00001108                       4407 _title_font:
    00001108 70                    4408 	.db #0x70	; 112	'p'
    00001109 70                    4409 	.db #0x70	; 112	'p'
    0000110A 88                    4410 	.db #0x88	; 136
    0000110B 88                    4411 	.db #0x88	; 136
    0000110C 80                    4412 	.db #0x80	; 128
    0000110D 80                    4413 	.db #0x80	; 128
    0000110E 70                    4414 	.db #0x70	; 112	'p'
    0000110F 70                    4415 	.db #0x70	; 112	'p'
    00001110 08                    4416 	.db #0x08	; 8
    00001111 08                    4417 	.db #0x08	; 8
    00001112 88                    4418 	.db #0x88	; 136
    00001113 88                    4419 	.db #0x88	; 136
    00001114 70                    4420 	.db #0x70	; 112	'p'
    00001115 70                    4421 	.db #0x70	; 112	'p'
    00001116 00                    4422 	.db #0x00	; 0
    00001117 00                    4423 	.db #0x00	; 0
    00001118 F8                    4424 	.db #0xf8	; 248
    00001119 F8                    4425 	.db #0xf8	; 248
    0000111A 20                    4426 	.db #0x20	; 32
    0000111B 20                    4427 	.db #0x20	; 32
    0000111C 20                    4428 	.db #0x20	; 32
    0000111D 20                    4429 	.db #0x20	; 32
    0000111E 20                    4430 	.db #0x20	; 32
    0000111F 20                    4431 	.db #0x20	; 32
    00001120 20                    4432 	.db #0x20	; 32
    00001121 20                    4433 	.db #0x20	; 32
    00001122 20                    4434 	.db #0x20	; 32
    00001123 20                    4435 	.db #0x20	; 32
    00001124 20                    4436 	.db #0x20	; 32
    00001125 20                    4437 	.db #0x20	; 32
    00001126 00                    4438 	.db #0x00	; 0
    00001127 00                    4439 	.db #0x00	; 0
    00001128 70                    4440 	.db #0x70	; 112	'p'
    00001129 70                    4441 	.db #0x70	; 112	'p'
    0000112A 88                    4442 	.db #0x88	; 136
    0000112B 88                    4443 	.db #0x88	; 136
    0000112C 88                    4444 	.db #0x88	; 136
    0000112D 88                    4445 	.db #0x88	; 136
    0000112E F8                    4446 	.db #0xf8	; 248
    0000112F F8                    4447 	.db #0xf8	; 248
    00001130 88                    4448 	.db #0x88	; 136
    00001131 88                    4449 	.db #0x88	; 136
    00001132 88                    4450 	.db #0x88	; 136
    00001133 88                    4451 	.db #0x88	; 136
    00001134 88                    4452 	.db #0x88	; 136
    00001135 88                    4453 	.db #0x88	; 136
    00001136 00                    4454 	.db #0x00	; 0
    00001137 00                    4455 	.db #0x00	; 0
    00001138 F0                    4456 	.db #0xf0	; 240
    00001139 F0                    4457 	.db #0xf0	; 240
    0000113A 88                    4458 	.db #0x88	; 136
    0000113B 88                    4459 	.db #0x88	; 136
    0000113C 88                    4460 	.db #0x88	; 136
    0000113D 88                    4461 	.db #0x88	; 136
    0000113E F0                    4462 	.db #0xf0	; 240
    0000113F F0                    4463 	.db #0xf0	; 240
    00001140 A0                    4464 	.db #0xa0	; 160
    00001141 A0                    4465 	.db #0xa0	; 160
    00001142 90                    4466 	.db #0x90	; 144
    00001143 90                    4467 	.db #0x90	; 144
    00001144 88                    4468 	.db #0x88	; 136
    00001145 88                    4469 	.db #0x88	; 136
    00001146 00                    4470 	.db #0x00	; 0
    00001147 00                    4471 	.db #0x00	; 0
    00001148 70                    4472 	.db #0x70	; 112	'p'
    00001149 70                    4473 	.db #0x70	; 112	'p'
    0000114A 88                    4474 	.db #0x88	; 136
    0000114B 88                    4475 	.db #0x88	; 136
    0000114C 80                    4476 	.db #0x80	; 128
    0000114D 80                    4477 	.db #0x80	; 128
    0000114E 80                    4478 	.db #0x80	; 128
    0000114F 80                    4479 	.db #0x80	; 128
    00001150 80                    4480 	.db #0x80	; 128
    00001151 80                    4481 	.db #0x80	; 128
    00001152 88                    4482 	.db #0x88	; 136
    00001153 88                    4483 	.db #0x88	; 136
    00001154 70                    4484 	.db #0x70	; 112	'p'
    00001155 70                    4485 	.db #0x70	; 112	'p'
    00001156 00                    4486 	.db #0x00	; 0
    00001157 00                    4487 	.db #0x00	; 0
    00001158 70                    4488 	.db #0x70	; 112	'p'
    00001159 70                    4489 	.db #0x70	; 112	'p'
    0000115A 88                    4490 	.db #0x88	; 136
    0000115B 88                    4491 	.db #0x88	; 136
    0000115C 88                    4492 	.db #0x88	; 136
    0000115D 88                    4493 	.db #0x88	; 136
    0000115E 88                    4494 	.db #0x88	; 136
    0000115F 88                    4495 	.db #0x88	; 136
    00001160 88                    4496 	.db #0x88	; 136
    00001161 88                    4497 	.db #0x88	; 136
    00001162 88                    4498 	.db #0x88	; 136
    00001163 88                    4499 	.db #0x88	; 136
    00001164 70                    4500 	.db #0x70	; 112	'p'
    00001165 70                    4501 	.db #0x70	; 112	'p'
    00001166 00                    4502 	.db #0x00	; 0
    00001167 00                    4503 	.db #0x00	; 0
    00001168 88                    4504 	.db #0x88	; 136
    00001169 88                    4505 	.db #0x88	; 136
    0000116A C8                    4506 	.db #0xc8	; 200
    0000116B C8                    4507 	.db #0xc8	; 200
    0000116C A8                    4508 	.db #0xa8	; 168
    0000116D A8                    4509 	.db #0xa8	; 168
    0000116E 98                    4510 	.db #0x98	; 152
    0000116F 98                    4511 	.db #0x98	; 152
    00001170 88                    4512 	.db #0x88	; 136
    00001171 88                    4513 	.db #0x88	; 136
    00001172 88                    4514 	.db #0x88	; 136
    00001173 88                    4515 	.db #0x88	; 136
    00001174 88                    4516 	.db #0x88	; 136
    00001175 88                    4517 	.db #0x88	; 136
    00001176 00                    4518 	.db #0x00	; 0
    00001177 00                    4519 	.db #0x00	; 0
    00001178 F8                    4520 	.db #0xf8	; 248
    00001179 F8                    4521 	.db #0xf8	; 248
    0000117A 20                    4522 	.db #0x20	; 32
    0000117B 20                    4523 	.db #0x20	; 32
    0000117C 20                    4524 	.db #0x20	; 32
    0000117D 20                    4525 	.db #0x20	; 32
    0000117E 20                    4526 	.db #0x20	; 32
    0000117F 20                    4527 	.db #0x20	; 32
    00001180 20                    4528 	.db #0x20	; 32
    00001181 20                    4529 	.db #0x20	; 32
    00001182 20                    4530 	.db #0x20	; 32
    00001183 20                    4531 	.db #0x20	; 32
    00001184 F8                    4532 	.db #0xf8	; 248
    00001185 F8                    4533 	.db #0xf8	; 248
    00001186 00                    4534 	.db #0x00	; 0
    00001187 00                    4535 	.db #0x00	; 0
    00001188 88                    4536 	.db #0x88	; 136
    00001189 88                    4537 	.db #0x88	; 136
    0000118A 88                    4538 	.db #0x88	; 136
    0000118B 88                    4539 	.db #0x88	; 136
    0000118C 88                    4540 	.db #0x88	; 136
    0000118D 88                    4541 	.db #0x88	; 136
    0000118E 88                    4542 	.db #0x88	; 136
    0000118F 88                    4543 	.db #0x88	; 136
    00001190 88                    4544 	.db #0x88	; 136
    00001191 88                    4545 	.db #0x88	; 136
    00001192 88                    4546 	.db #0x88	; 136
    00001193 88                    4547 	.db #0x88	; 136
    00001194 70                    4548 	.db #0x70	; 112	'p'
    00001195 70                    4549 	.db #0x70	; 112	'p'
    00001196 00                    4550 	.db #0x00	; 0
    00001197 00                    4551 	.db #0x00	; 0
    00001198 F8                    4552 	.db #0xf8	; 248
    00001199 F8                    4553 	.db #0xf8	; 248
    0000119A 80                    4554 	.db #0x80	; 128
    0000119B 80                    4555 	.db #0x80	; 128
    0000119C 80                    4556 	.db #0x80	; 128
    0000119D 80                    4557 	.db #0x80	; 128
    0000119E F0                    4558 	.db #0xf0	; 240
    0000119F F0                    4559 	.db #0xf0	; 240
    000011A0 80                    4560 	.db #0x80	; 128
    000011A1 80                    4561 	.db #0x80	; 128
    000011A2 80                    4562 	.db #0x80	; 128
    000011A3 80                    4563 	.db #0x80	; 128
    000011A4 F8                    4564 	.db #0xf8	; 248
    000011A5 F8                    4565 	.db #0xf8	; 248
    000011A6 00                    4566 	.db #0x00	; 0
    000011A7 00                    4567 	.db #0x00	; 0
    000011A8 88                    4568 	.db #0x88	; 136
    000011A9 88                    4569 	.db #0x88	; 136
    000011AA D8                    4570 	.db #0xd8	; 216
    000011AB D8                    4571 	.db #0xd8	; 216
    000011AC A8                    4572 	.db #0xa8	; 168
    000011AD A8                    4573 	.db #0xa8	; 168
    000011AE 88                    4574 	.db #0x88	; 136
    000011AF 88                    4575 	.db #0x88	; 136
    000011B0 88                    4576 	.db #0x88	; 136
    000011B1 88                    4577 	.db #0x88	; 136
    000011B2 88                    4578 	.db #0x88	; 136
    000011B3 88                    4579 	.db #0x88	; 136
    000011B4 88                    4580 	.db #0x88	; 136
    000011B5 88                    4581 	.db #0x88	; 136
    000011B6 00                    4582 	.db #0x00	; 0
    000011B7 00                    4583 	.db #0x00	; 0
    000011B8 80                    4584 	.db #0x80	; 128
    000011B9 80                    4585 	.db #0x80	; 128
    000011BA 80                    4586 	.db #0x80	; 128
    000011BB 80                    4587 	.db #0x80	; 128
    000011BC 80                    4588 	.db #0x80	; 128
    000011BD 80                    4589 	.db #0x80	; 128
    000011BE 80                    4590 	.db #0x80	; 128
    000011BF 80                    4591 	.db #0x80	; 128
    000011C0 80                    4592 	.db #0x80	; 128
    000011C1 80                    4593 	.db #0x80	; 128
    000011C2 80                    4594 	.db #0x80	; 128
    000011C3 80                    4595 	.db #0x80	; 128
    000011C4 F8                    4596 	.db #0xf8	; 248
    000011C5 F8                    4597 	.db #0xf8	; 248
    000011C6 00                    4598 	.db #0x00	; 0
    000011C7 00                    4599 	.db #0x00	; 0
    000011C8                       4600 _tiles_start:
    000011C8 08                    4601 	.db #0x08	; 8
    000011C9 09                    4602 	.db #0x09	; 9
    000011CA 0A                    4603 	.db #0x0a	; 10
    000011CB 0B                    4604 	.db #0x0b	; 11
    000011CC 09                    4605 	.db #0x09	; 9
    000011CD                       4606 _tiles_continue:
    000011CD 0C                    4607 	.db #0x0c	; 12
    000011CE 0D                    4608 	.db #0x0d	; 13
    000011CF 0E                    4609 	.db #0x0e	; 14
    000011D0 09                    4610 	.db #0x09	; 9
    000011D1 0F                    4611 	.db #0x0f	; 15
    000011D2 0E                    4612 	.db #0x0e	; 14
    000011D3 10                    4613 	.db #0x10	; 16
    000011D4 11                    4614 	.db #0x11	; 17
    000011D5                       4615 _tiles_multi:
    000011D5 12                    4616 	.db #0x12	; 18
    000011D6 10                    4617 	.db #0x10	; 16
    000011D7 13                    4618 	.db #0x13	; 19
    000011D8 09                    4619 	.db #0x09	; 9
    000011D9 0F                    4620 	.db #0x0f	; 15
                                   4621 ;src/titlescreen/titlescreen.c:83: TitleResult run_titlescreen(void)
                                   4622 ;	---------------------------------
                                   4623 ; Function run_titlescreen
                                   4624 ; ---------------------------------
    000011DA                       4625 _run_titlescreen::
    000011DA E8 FB            [16] 4626 	add	sp, #-5
                                   4627 ;src/titlescreen/titlescreen.c:86: uint8_t menu_idx  = 0u;
    000011DC F8 03            [12] 4628 	ldhl	sp,	#3
    000011DE 36 00            [12] 4629 	ld	(hl), #0x00
                                   4630 ;src/titlescreen/titlescreen.c:87: uint8_t prev_keys = 0u;
    000011E0 F8 00            [12] 4631 	ldhl	sp,	#0
    000011E2 36 00            [12] 4632 	ld	(hl), #0x00
                                   4633 ;src/titlescreen/titlescreen.c:90: set_bkg_data(0, (uint8_t)TITLESCREEN_TILE_COUNT, titlescreen_data);
    000011E4 11r70r00         [12] 4634 	ld	de, #_titlescreen_data
    000011E7 D5               [16] 4635 	push	de
    000011E8 21 00 F3         [12] 4636 	ld	hl, #0xf300
    000011EB E5               [16] 4637 	push	hl
    000011EC CDr00r00         [24] 4638 	call	_set_bkg_data
    000011EF E8 04            [16] 4639 	add	sp, #4
                                   4640 ;src/titlescreen/titlescreen.c:91: set_bkg_tiles(0, 0, 20, 18, titlescreen_map);
    000011F1 11rA0r0F         [12] 4641 	ld	de, #_titlescreen_map
    000011F4 D5               [16] 4642 	push	de
    000011F5 21 14 12         [12] 4643 	ld	hl, #0x1214
    000011F8 E5               [16] 4644 	push	hl
    000011F9 AF               [ 4] 4645 	xor	a, a
    000011FA 0F               [ 4] 4646 	rrca
    000011FB F5               [16] 4647 	push	af
    000011FC CDr00r00         [24] 4648 	call	_set_bkg_tiles
    000011FF E8 06            [16] 4649 	add	sp, #6
                                   4650 ;src/titlescreen/titlescreen.c:93: set_sprite_data(TITLE_FONT_VRAM, 12u, title_font);
    00001201 11r08r11         [12] 4651 	ld	de, #_title_font
    00001204 D5               [16] 4652 	push	de
    00001205 21 08 0C         [12] 4653 	ld	hl, #0xc08
    00001208 E5               [16] 4654 	push	hl
    00001209 CDr00r00         [24] 4655 	call	_set_sprite_data
    0000120C E8 04            [16] 4656 	add	sp, #4
                                   4657 ;src/titlescreen/titlescreen.c:95: place_text(TITLE_TEXT_OAM + 0u,  tiles_start,    5u, TITLE_MENU_TEXT_X[0u], TITLE_MENU_Y[0u]);
    0000120E 21r5Dr13         [12] 4658 	ld	hl, #_TITLE_MENU_Y
    00001211 46               [ 8] 4659 	ld	b, (hl)
    00001212 21r63r13         [12] 4660 	ld	hl, #_TITLE_MENU_TEXT_X
    00001215 4E               [ 8] 4661 	ld	c, (hl)
    00001216 C5               [16] 4662 	push	bc
    00001217 33               [ 8] 4663 	inc	sp
    00001218 61               [ 4] 4664 	ld	h, c
    00001219 2E 05            [ 8] 4665 	ld	l, #0x05
    0000121B E5               [16] 4666 	push	hl
    0000121C 11rC8r11         [12] 4667 	ld	de, #_tiles_start
    0000121F 3E 04            [ 8] 4668 	ld	a, #0x04
    00001221 CDr00r00         [24] 4669 	call	_place_text
                                   4670 ;src/titlescreen/titlescreen.c:96: place_text(TITLE_TEXT_OAM + 5u,  tiles_continue, 8u, TITLE_MENU_TEXT_X[1u], TITLE_MENU_Y[1u]);
    00001224 21r5Er13         [12] 4671 	ld	hl, #_TITLE_MENU_Y + 1
    00001227 46               [ 8] 4672 	ld	b, (hl)
    00001228 21r64r13         [12] 4673 	ld	hl, #_TITLE_MENU_TEXT_X + 1
    0000122B 4E               [ 8] 4674 	ld	c, (hl)
    0000122C C5               [16] 4675 	push	bc
    0000122D 33               [ 8] 4676 	inc	sp
    0000122E 61               [ 4] 4677 	ld	h, c
    0000122F 2E 08            [ 8] 4678 	ld	l, #0x08
    00001231 E5               [16] 4679 	push	hl
    00001232 11rCDr11         [12] 4680 	ld	de, #_tiles_continue
    00001235 3E 09            [ 8] 4681 	ld	a, #0x09
    00001237 CDr00r00         [24] 4682 	call	_place_text
                                   4683 ;src/titlescreen/titlescreen.c:97: place_text(TITLE_TEXT_OAM + 13u, tiles_multi,    5u, TITLE_MENU_TEXT_X[2u], TITLE_MENU_Y[2u]);
    0000123A 21r5Fr13         [12] 4684 	ld	hl, #_TITLE_MENU_Y + 2
    0000123D 46               [ 8] 4685 	ld	b, (hl)
    0000123E 21r65r13         [12] 4686 	ld	hl, #_TITLE_MENU_TEXT_X + 2
    00001241 4E               [ 8] 4687 	ld	c, (hl)
    00001242 C5               [16] 4688 	push	bc
    00001243 33               [ 8] 4689 	inc	sp
    00001244 61               [ 4] 4690 	ld	h, c
    00001245 2E 05            [ 8] 4691 	ld	l, #0x05
    00001247 E5               [16] 4692 	push	hl
    00001248 11rD5r11         [12] 4693 	ld	de, #_tiles_multi
    0000124B 3E 11            [ 8] 4694 	ld	a, #0x11
    0000124D CDr00r00         [24] 4695 	call	_place_text
                                   4696 ;src/titlescreen/titlescreen.c:99: OBP0_REG = 0xE4;   /* pointer palette: normal (color 3 = black) */
    00001250 3E E4            [ 8] 4697 	ld	a, #0xe4
    00001252 E0r00            [12] 4698 	ldh	(_OBP0_REG + 0), a
                                   4699 ;src/titlescreen/titlescreen.c:100: OBP1_REG = 0x00;   /* text palette: all shades → white           */
    00001254 AF               [ 4] 4700 	xor	a, a
    00001255 E0r00            [12] 4701 	ldh	(_OBP1_REG + 0), a
                                   4702 ;src/titlescreen/titlescreen.c:101: SHOW_BKG;
    00001257 F0r00            [12] 4703 	ldh	a, (_LCDC_REG + 0)
    00001259 F6 01            [ 8] 4704 	or	a, #0x01
    0000125B E0r00            [12] 4705 	ldh	(_LCDC_REG + 0), a
                                   4706 ;src/titlescreen/titlescreen.c:102: SHOW_SPRITES;
    0000125D F0r00            [12] 4707 	ldh	a, (_LCDC_REG + 0)
    0000125F F6 02            [ 8] 4708 	or	a, #0x02
    00001261 E0r00            [12] 4709 	ldh	(_LCDC_REG + 0), a
                                   4710 ;src/titlescreen/titlescreen.c:103: DISPLAY_ON;
    00001263 F0r00            [12] 4711 	ldh	a, (_LCDC_REG + 0)
    00001265 F6 80            [ 8] 4712 	or	a, #0x80
    00001267 E0r00            [12] 4713 	ldh	(_LCDC_REG + 0), a
                                   4714 ;src/titlescreen/titlescreen.c:105: pointer_init(&ptr, TITLE_PTR_VRAM, TITLE_PTR_OAM);
    00001269 AF               [ 4] 4715 	xor	a, a
    0000126A F5               [16] 4716 	push	af
    0000126B 33               [ 8] 4717 	inc	sp
    0000126C AF               [ 4] 4718 	xor	a, a
    0000126D 21 02 00         [12] 4719 	ld	hl, #2
    00001270 39               [ 8] 4720 	add	hl, sp
    00001271 5D               [ 4] 4721 	ld	e, l
    00001272 54               [ 4] 4722 	ld	d, h
    00001273 CDr00r00         [24] 4723 	call	_pointer_init
                                   4724 ;src/titlescreen/titlescreen.c:106: pointer_move(&ptr, TITLE_MENU_PTR_X[0u], TITLE_MENU_Y[0u]);
    00001276 21r5Dr13         [12] 4725 	ld	hl, #_TITLE_MENU_Y
    00001279 46               [ 8] 4726 	ld	b, (hl)
    0000127A FAr60r13         [16] 4727 	ld	a, (#_TITLE_MENU_PTR_X + 0)
    0000127D C5               [16] 4728 	push	bc
    0000127E 33               [ 8] 4729 	inc	sp
    0000127F 21 02 00         [12] 4730 	ld	hl, #2
    00001282 39               [ 8] 4731 	add	hl, sp
    00001283 5D               [ 4] 4732 	ld	e, l
    00001284 54               [ 4] 4733 	ld	d, h
    00001285 CDr00r00         [24] 4734 	call	_pointer_move
                                   4735 ;src/titlescreen/titlescreen.c:108: while (1)
    00001288                       4736 00118$:
                                   4737 ;src/titlescreen/titlescreen.c:110: wait_vbl_done();
    00001288 CDr00r00         [24] 4738 	call	_wait_vbl_done
                                   4739 ;src/titlescreen/titlescreen.c:111: gbt_update();
    0000128B CDr00r00         [24] 4740 	call	_gbt_update
                                   4741 ;src/titlescreen/titlescreen.c:113: uint8_t keys = joypad();
    0000128E CDr00r00         [24] 4742 	call	_joypad
    00001291 4F               [ 4] 4743 	ld	c, a
                                   4744 ;src/titlescreen/titlescreen.c:115: if ((keys & J_UP) && !(prev_keys & J_UP) && menu_idx > 0u)
    00001292 CB 51            [ 8] 4745 	bit	2, c
    00001294 28 36            [12] 4746 	jr	Z, 00113$
    00001296 E5               [16] 4747 	push	hl
    00001297 F8 02            [12] 4748 	ldhl	sp,	#2
    00001299 CB 56            [12] 4749 	bit	2, (hl)
    0000129B E1               [12] 4750 	pop	hl
    0000129C 20 2E            [12] 4751 	jr	NZ, 00113$
    0000129E F8 03            [12] 4752 	ldhl	sp,	#3
    000012A0 7E               [ 8] 4753 	ld	a, (hl)
    000012A1 B7               [ 4] 4754 	or	a, a
    000012A2 28 28            [12] 4755 	jr	Z, 00113$
                                   4756 ;src/titlescreen/titlescreen.c:117: menu_idx--;
    000012A4 35               [12] 4757 	dec	(hl)
                                   4758 ;src/titlescreen/titlescreen.c:118: pointer_move(&ptr, TITLE_MENU_PTR_X[menu_idx], TITLE_MENU_Y[menu_idx]);
    000012A5 11r5Dr13         [12] 4759 	ld	de, #_TITLE_MENU_Y
    000012A8 6E               [ 8] 4760 	ld	l, (hl)
    000012A9 26 00            [ 8] 4761 	ld	h, #0x00
    000012AB 19               [ 8] 4762 	add	hl, de
    000012AC 5D               [ 4] 4763 	ld	e, l
    000012AD 54               [ 4] 4764 	ld	d, h
    000012AE 1A               [ 8] 4765 	ld	a, (de)
    000012AF 47               [ 4] 4766 	ld	b, a
    000012B0 11r60r13         [12] 4767 	ld	de, #_TITLE_MENU_PTR_X
    000012B3 F8 03            [12] 4768 	ldhl	sp,	#3
    000012B5 6E               [ 8] 4769 	ld	l, (hl)
    000012B6 26 00            [ 8] 4770 	ld	h, #0x00
    000012B8 19               [ 8] 4771 	add	hl, de
    000012B9 5D               [ 4] 4772 	ld	e, l
    000012BA 54               [ 4] 4773 	ld	d, h
    000012BB 1A               [ 8] 4774 	ld	a, (de)
    000012BC C5               [16] 4775 	push	bc
    000012BD C5               [16] 4776 	push	bc
    000012BE 33               [ 8] 4777 	inc	sp
    000012BF 21 04 00         [12] 4778 	ld	hl, #4
    000012C2 39               [ 8] 4779 	add	hl, sp
    000012C3 5D               [ 4] 4780 	ld	e, l
    000012C4 54               [ 4] 4781 	ld	d, h
    000012C5 CDr00r00         [24] 4782 	call	_pointer_move
    000012C8 C1               [12] 4783 	pop	bc
    000012C9 C3r54r13         [16] 4784 	jp	00114$
    000012CC                       4785 00113$:
                                   4786 ;src/titlescreen/titlescreen.c:121: menu_idx < TITLE_MENU_COUNT - 1u)
    000012CC F8 03            [12] 4787 	ldhl	sp,	#3
    000012CE 2A               [ 8] 4788 	ld	a, (hl+)
    000012CF D6 02            [ 8] 4789 	sub	a, #0x02
    000012D1 3E 00            [ 8] 4790 	ld	a, #0x00
    000012D3 17               [ 4] 4791 	rla
    000012D4 77               [ 8] 4792 	ld	(hl), a
                                   4793 ;src/titlescreen/titlescreen.c:120: else if ((keys & J_DOWN) && !(prev_keys & J_DOWN) &&
    000012D5 CB 59            [ 8] 4794 	bit	3, c
    000012D7 28 36            [12] 4795 	jr	Z, 00108$
    000012D9 E5               [16] 4796 	push	hl
    000012DA F8 02            [12] 4797 	ldhl	sp,	#2
    000012DC CB 5E            [12] 4798 	bit	3, (hl)
    000012DE E1               [12] 4799 	pop	hl
    000012DF 20 2E            [12] 4800 	jr	NZ, 00108$
                                   4801 ;src/titlescreen/titlescreen.c:121: menu_idx < TITLE_MENU_COUNT - 1u)
    000012E1 F8 04            [12] 4802 	ldhl	sp,	#4
    000012E3 7E               [ 8] 4803 	ld	a, (hl)
    000012E4 B7               [ 4] 4804 	or	a, a
    000012E5 28 28            [12] 4805 	jr	Z, 00108$
                                   4806 ;src/titlescreen/titlescreen.c:123: menu_idx++;
    000012E7 2B               [ 8] 4807 	dec	hl
    000012E8 34               [12] 4808 	inc	(hl)
                                   4809 ;src/titlescreen/titlescreen.c:124: pointer_move(&ptr, TITLE_MENU_PTR_X[menu_idx], TITLE_MENU_Y[menu_idx]);
    000012E9 11r5Dr13         [12] 4810 	ld	de, #_TITLE_MENU_Y
    000012EC 6E               [ 8] 4811 	ld	l, (hl)
    000012ED 26 00            [ 8] 4812 	ld	h, #0x00
    000012EF 19               [ 8] 4813 	add	hl, de
    000012F0 5D               [ 4] 4814 	ld	e, l
    000012F1 54               [ 4] 4815 	ld	d, h
    000012F2 1A               [ 8] 4816 	ld	a, (de)
    000012F3 47               [ 4] 4817 	ld	b, a
    000012F4 11r60r13         [12] 4818 	ld	de, #_TITLE_MENU_PTR_X
    000012F7 F8 03            [12] 4819 	ldhl	sp,	#3
    000012F9 6E               [ 8] 4820 	ld	l, (hl)
    000012FA 26 00            [ 8] 4821 	ld	h, #0x00
    000012FC 19               [ 8] 4822 	add	hl, de
    000012FD 5D               [ 4] 4823 	ld	e, l
    000012FE 54               [ 4] 4824 	ld	d, h
    000012FF 1A               [ 8] 4825 	ld	a, (de)
    00001300 C5               [16] 4826 	push	bc
    00001301 C5               [16] 4827 	push	bc
    00001302 33               [ 8] 4828 	inc	sp
    00001303 21 04 00         [12] 4829 	ld	hl, #4
    00001306 39               [ 8] 4830 	add	hl, sp
    00001307 5D               [ 4] 4831 	ld	e, l
    00001308 54               [ 4] 4832 	ld	d, h
    00001309 CDr00r00         [24] 4833 	call	_pointer_move
    0000130C C1               [12] 4834 	pop	bc
    0000130D 18 45            [12] 4835 	jr	00114$
    0000130F                       4836 00108$:
                                   4837 ;src/titlescreen/titlescreen.c:126: else if ((keys & J_A) && !(prev_keys & J_A))
    0000130F CB 61            [ 8] 4838 	bit	4, c
    00001311 28 41            [12] 4839 	jr	Z, 00114$
    00001313 E5               [16] 4840 	push	hl
    00001314 F8 02            [12] 4841 	ldhl	sp,	#2
    00001316 CB 66            [12] 4842 	bit	4, (hl)
    00001318 E1               [12] 4843 	pop	hl
    00001319 20 39            [12] 4844 	jr	NZ, 00114$
                                   4845 ;src/titlescreen/titlescreen.c:128: pointer_anim_select(&ptr);
    0000131B C5               [16] 4846 	push	bc
    0000131C 21 03 00         [12] 4847 	ld	hl, #3
    0000131F 39               [ 8] 4848 	add	hl, sp
    00001320 5D               [ 4] 4849 	ld	e, l
    00001321 54               [ 4] 4850 	ld	d, h
    00001322 CDr00r00         [24] 4851 	call	_pointer_anim_select
    00001325 C1               [12] 4852 	pop	bc
                                   4853 ;src/titlescreen/titlescreen.c:130: if (menu_idx < 2u)
    00001326 F8 04            [12] 4854 	ldhl	sp,	#4
    00001328 7E               [ 8] 4855 	ld	a, (hl)
    00001329 B7               [ 4] 4856 	or	a, a
    0000132A 28 28            [12] 4857 	jr	Z, 00114$
                                   4858 ;src/titlescreen/titlescreen.c:134: pointer_hide(&ptr);
    0000132C 21 01 00         [12] 4859 	ld	hl, #1
    0000132F 39               [ 8] 4860 	add	hl, sp
    00001330 5D               [ 4] 4861 	ld	e, l
    00001331 54               [ 4] 4862 	ld	d, h
    00001332 CDr00r00         [24] 4863 	call	_pointer_hide
                                   4864 ;src/titlescreen/titlescreen.c:135: for (j = TITLE_TEXT_OAM; j < TITLE_TEXT_OAM + 18u; j++)
    00001335 F8 04            [12] 4865 	ldhl	sp,	#4
    00001337 36 04            [12] 4866 	ld	(hl), #0x04
    00001339                       4867 00121$:
                                   4868 ;/opt/gbdk/include/gb/gb.h:1973: OAM_item_t * itm = &shadow_OAM[nb];
    00001339 01r00r00         [12] 4869 	ld	bc, #_shadow_OAM+0
    0000133C F8 04            [12] 4870 	ldhl	sp,	#4
    0000133E 5E               [ 8] 4871 	ld	e, (hl)
    0000133F AF               [ 4] 4872 	xor	a, a
    00001340 6B               [ 4] 4873 	ld	l, e
    00001341 67               [ 4] 4874 	ld	h, a
    00001342 29               [ 8] 4875 	add	hl, hl
    00001343 29               [ 8] 4876 	add	hl, hl
    00001344 09               [ 8] 4877 	add	hl, bc
                                   4878 ;/opt/gbdk/include/gb/gb.h:1974: itm->y=y, itm->x=x;
    00001345 AF               [ 4] 4879 	xor	a, a
    00001346 22               [ 8] 4880 	ld	(hl+), a
    00001347 77               [ 8] 4881 	ld	(hl), a
                                   4882 ;src/titlescreen/titlescreen.c:135: for (j = TITLE_TEXT_OAM; j < TITLE_TEXT_OAM + 18u; j++)
    00001348 F8 04            [12] 4883 	ldhl	sp,	#4
    0000134A 34               [12] 4884 	inc	(hl)
    0000134B 7E               [ 8] 4885 	ld	a, (hl)
    0000134C D6 16            [ 8] 4886 	sub	a, #0x16
    0000134E 38 E9            [12] 4887 	jr	C, 00121$
                                   4888 ;src/titlescreen/titlescreen.c:137: return (TitleResult)menu_idx;
    00001350 2B               [ 8] 4889 	dec	hl
    00001351 7E               [ 8] 4890 	ld	a, (hl)
    00001352 18 06            [12] 4891 	jr	00123$
    00001354                       4892 00114$:
                                   4893 ;src/titlescreen/titlescreen.c:142: prev_keys = keys;
    00001354 F8 00            [12] 4894 	ldhl	sp,	#0
    00001356 71               [ 8] 4895 	ld	(hl), c
    00001357 C3r88r12         [16] 4896 	jp	00118$
    0000135A                       4897 00123$:
                                   4898 ;src/titlescreen/titlescreen.c:144: }
    0000135A E8 05            [16] 4899 	add	sp, #5
    0000135C C9               [16] 4900 	ret
    0000135D                       4901 _TITLE_MENU_Y:
    0000135D 6A                    4902 	.db #0x6a	; 106	'j'
    0000135E 78                    4903 	.db #0x78	; 120	'x'
    0000135F 86                    4904 	.db #0x86	; 134
    00001360                       4905 _TITLE_MENU_PTR_X:
    00001360 2C                    4906 	.db #0x2c	; 44
    00001361 20                    4907 	.db #0x20	; 32
    00001362 2C                    4908 	.db #0x2c	; 44
    00001363                       4909 _TITLE_MENU_TEXT_X:
    00001363 3C                    4910 	.db #0x3c	; 60
    00001364 30                    4911 	.db #0x30	; 48	'0'
    00001365 3C                    4912 	.db #0x3c	; 60
                                   4913 	.area _CODE
                                   4914 	.area _INITIALIZER
                                   4915 	.area _CABS (ABS)
