                                      1 ;--------------------------------------------------------
                                      2 ; File Created by SDCC : free open source ISO C Compiler
                                      3 ; Version 4.5.1 #15267 (Mac OS X ppc)
                                      4 ;--------------------------------------------------------
                                      5 	.module main
                                      6 	
                                      7 ;--------------------------------------------------------
                                      8 ; Public variables in this module
                                      9 ;--------------------------------------------------------
                                     10 	.globl _main
                                     11 	.globl _performantdelay
                                     12 	.globl _run_titlescreen
                                     13 	.globl _astar_find
                                     14 	.globl _pointer_anim_select
                                     15 	.globl _pointer_hide
                                     16 	.globl _pointer_move
                                     17 	.globl _pointer_init
                                     18 	.globl _ui_print_uint8
                                     19 	.globl _ui_print
                                     20 	.globl _gbt_update
                                     21 	.globl _gbt_loop
                                     22 	.globl _gbt_play
                                     23 	.globl _font_load
                                     24 	.globl _font_init
                                     25 	.globl _set_sprite_data
                                     26 	.globl _set_win_tiles
                                     27 	.globl _set_bkg_tiles
                                     28 	.globl _set_bkg_data
                                     29 	.globl _display_off
                                     30 	.globl _wait_vbl_done
                                     31 	.globl _set_interrupts
                                     32 	.globl _joypad
                                     33 	.globl _player_grid_y
                                     34 	.globl _player_grid_x
                                     35 	.globl _move_timer
                                     36 	.globl _move_path_step
                                     37 	.globl _move_path_len
                                     38 	.globl _ui_menu_idx
                                     39 	.globl _ui_visible
                                     40 	.globl _prev_keys
                                     41 	.globl _input_timer
                                     42 	.globl _cursor_y
                                     43 	.globl _cursor_x
                                     44 	.globl _spritesize
                                     45 	.globl _Player
                                     46 	.globl _move_path
                                     47 	.globl _ui_ptr
                                     48 	.globl _grid
                                     49 	.globl _i
                                     50 	.globl _enemy
                                     51 	.globl _player
                                     52 	.globl _player_anim_init
                                     53 	.globl _player_anim_set_dir
                                     54 	.globl _player_anim_set_state
                                     55 	.globl _player_anim_apply
                                     56 	.globl _player_anim_tick
                                     57 	.globl _init_grid
                                     58 	.globl _init_overlay
                                     59 	.globl _clear_overlay
                                     60 	.globl _draw_grid
                                     61 	.globl _draw_cursor
                                     62 	.globl _handle_input
                                     63 	.globl _fadeout
                                     64 	.globl _fadein
                                     65 	.globl _setupPlayer
                                     66 	.globl _movegamecharacter
                                     67 ;--------------------------------------------------------
                                     68 ; special function registers
                                     69 ;--------------------------------------------------------
                                     70 	.area _HRAM
                                     71 ;--------------------------------------------------------
                                     72 ; ram data
                                     73 ;--------------------------------------------------------
                                     74 	.area _DATA
    00000000                         75 _player::
    00000000                         76 	.ds 8
    00000008                         77 _enemy::
    00000008                         78 	.ds 8
    00000010                         79 _i::
    00000010                         80 	.ds 1
    00000011                         81 _grid::
    00000011                         82 	.ds 225
    000000F2                         83 _ui_ptr::
    000000F2                         84 	.ds 2
    000000F4                         85 _player_anim:
    000000F4                         86 	.ds 4
    000000F8                         87 _move_path::
    000000F8                         88 	.ds 64
    00000138                         89 _win_row_buf:
    00000138                         90 	.ds 20
                                     91 ;--------------------------------------------------------
                                     92 ; ram data
                                     93 ;--------------------------------------------------------
                                     94 	.area _INITIALIZED
    00000000                         95 _Player::
    00000000                         96 	.ds 256
    00000100                         97 _spritesize::
    00000100                         98 	.ds 1
    00000101                         99 _cursor_x::
    00000101                        100 	.ds 1
    00000102                        101 _cursor_y::
    00000102                        102 	.ds 1
    00000103                        103 _input_timer::
    00000103                        104 	.ds 1
    00000104                        105 _prev_keys::
    00000104                        106 	.ds 1
    00000105                        107 _ui_visible::
    00000105                        108 	.ds 1
    00000106                        109 _ui_menu_idx::
    00000106                        110 	.ds 1
    00000107                        111 _ui_anim:
    00000107                        112 	.ds 1
    00000108                        113 _ui_anim_row:
    00000108                        114 	.ds 1
    00000109                        115 _move_path_len::
    00000109                        116 	.ds 1
    0000010A                        117 _move_path_step::
    0000010A                        118 	.ds 1
    0000010B                        119 _move_timer::
    0000010B                        120 	.ds 1
    0000010C                        121 _player_grid_x::
    0000010C                        122 	.ds 1
    0000010D                        123 _player_grid_y::
    0000010D                        124 	.ds 1
                                    125 ;--------------------------------------------------------
                                    126 ; absolute external ram data
                                    127 ;--------------------------------------------------------
                                    128 	.area _DABS (ABS)
                                    129 ;--------------------------------------------------------
                                    130 ; global & static initialisations
                                    131 ;--------------------------------------------------------
                                    132 	.area _HOME
                                    133 	.area _GSINIT
                                    134 	.area _GSFINAL
                                    135 	.area _GSINIT
                                    136 ;--------------------------------------------------------
                                    137 ; Home
                                    138 ;--------------------------------------------------------
                                    139 	.area _HOME
                                    140 	.area _HOME
                                    141 ;--------------------------------------------------------
                                    142 ; code
                                    143 ;--------------------------------------------------------
                                    144 	.area _CODE
                                    145 ;src/characters/player_anim.c:37: static uint8_t state_frame_count(PlayerAnimState state) {
                                    146 ;	---------------------------------
                                    147 ; Function state_frame_count
                                    148 ; ---------------------------------
    00000000                        149 _state_frame_count:
                                    150 ;src/characters/player_anim.c:38: switch (state) {
    00000000 FE 01            [ 8]  151 	cp	a, #0x01
    00000002 28 06            [12]  152 	jr	Z, 00101$
    00000004 D6 02            [ 8]  153 	sub	a, #0x02
    00000006 28 05            [12]  154 	jr	Z, 00102$
    00000008 18 06            [12]  155 	jr	00103$
                                    156 ;src/characters/player_anim.c:39: case ANIM_WALK:   return WALK_FRAME_COUNT;
    0000000A                        157 00101$:
    0000000A 3E 01            [ 8]  158 	ld	a, #0x01
    0000000C C9               [16]  159 	ret
                                    160 ;src/characters/player_anim.c:40: case ANIM_ATTACK: return ATTACK_FRAME_COUNT;
    0000000D                        161 00102$:
    0000000D 3E 01            [ 8]  162 	ld	a, #0x01
    0000000F C9               [16]  163 	ret
                                    164 ;src/characters/player_anim.c:41: default:          return IDLE_FRAME_COUNT;
    00000010                        165 00103$:
    00000010 3E 01            [ 8]  166 	ld	a, #0x01
                                    167 ;src/characters/player_anim.c:42: }
                                    168 ;src/characters/player_anim.c:43: }
    00000012 C9               [16]  169 	ret
    00000013                        170 _idle_frames_down:
    00000013 00                     171 	.db #0x00	; 0
    00000014                        172 _idle_frames_left:
    00000014 01                     173 	.db #0x01	; 1
    00000015                        174 _idle_frames_right:
    00000015 02                     175 	.db #0x02	; 2
    00000016                        176 _idle_frames_up:
    00000016 03                     177 	.db #0x03	; 3
    00000017                        178 _walk_frames_down:
    00000017 00                     179 	.db #0x00	; 0
    00000018                        180 _walk_frames_left:
    00000018 01                     181 	.db #0x01	; 1
    00000019                        182 _walk_frames_right:
    00000019 02                     183 	.db #0x02	; 2
    0000001A                        184 _walk_frames_up:
    0000001A 03                     185 	.db #0x03	; 3
    0000001B                        186 _attack_frames_down:
    0000001B 00                     187 	.db #0x00	; 0
    0000001C                        188 _attack_frames_left:
    0000001C 01                     189 	.db #0x01	; 1
    0000001D                        190 _attack_frames_right:
    0000001D 02                     191 	.db #0x02	; 2
    0000001E                        192 _attack_frames_up:
    0000001E 03                     193 	.db #0x03	; 3
                                    194 ;src/characters/player_anim.c:45: static uint8_t state_speed(PlayerAnimState state) {
                                    195 ;	---------------------------------
                                    196 ; Function state_speed
                                    197 ; ---------------------------------
    0000001F                        198 _state_speed:
                                    199 ;src/characters/player_anim.c:46: switch (state) {
    0000001F FE 01            [ 8]  200 	cp	a, #0x01
    00000021 28 06            [12]  201 	jr	Z, 00101$
    00000023 D6 02            [ 8]  202 	sub	a, #0x02
    00000025 28 05            [12]  203 	jr	Z, 00102$
    00000027 18 06            [12]  204 	jr	00103$
                                    205 ;src/characters/player_anim.c:47: case ANIM_WALK:   return WALK_SPEED;
    00000029                        206 00101$:
    00000029 3E 0A            [ 8]  207 	ld	a, #0x0a
    0000002B C9               [16]  208 	ret
                                    209 ;src/characters/player_anim.c:48: case ANIM_ATTACK: return ATTACK_SPEED;
    0000002C                        210 00102$:
    0000002C 3E 06            [ 8]  211 	ld	a, #0x06
    0000002E C9               [16]  212 	ret
                                    213 ;src/characters/player_anim.c:49: default:          return 0u;
    0000002F                        214 00103$:
    0000002F AF               [ 4]  215 	xor	a, a
                                    216 ;src/characters/player_anim.c:50: }
                                    217 ;src/characters/player_anim.c:51: }
    00000030 C9               [16]  218 	ret
                                    219 ;src/characters/player_anim.c:54: static uint8_t gbtd_tile(PlayerAnimState state, PlayerDir dir, uint8_t frame) {
                                    220 ;	---------------------------------
                                    221 ; Function gbtd_tile
                                    222 ; ---------------------------------
    00000031                        223 _gbtd_tile:
    00000031 3B               [ 8]  224 	dec	sp
    00000032 4F               [ 4]  225 	ld	c, a
                                    226 ;src/characters/player_anim.c:57: switch (dir) {
    00000033 7B               [ 4]  227 	ld	a, e
    00000034 3D               [ 4]  228 	dec	a
    00000035 3E 01            [ 8]  229 	ld	a, #0x01
    00000037 28 01            [12]  230 	jr	Z, 00200$
    00000039 AF               [ 4]  231 	xor	a, a
    0000003A                        232 00200$:
    0000003A 6F               [ 4]  233 	ld	l, a
    0000003B 7B               [ 4]  234 	ld	a, e
    0000003C D6 02            [ 8]  235 	sub	a, #0x02
    0000003E 3E 01            [ 8]  236 	ld	a, #0x01
    00000040 28 01            [12]  237 	jr	Z, 00202$
    00000042 AF               [ 4]  238 	xor	a, a
    00000043                        239 00202$:
    00000043 E5               [16]  240 	push	hl
    00000044 F8 02            [12]  241 	ldhl	sp,	#2
    00000046 77               [ 8]  242 	ld	(hl), a
    00000047 E1               [12]  243 	pop	hl
    00000048 7B               [ 4]  244 	ld	a, e
    00000049 D6 03            [ 8]  245 	sub	a, #0x03
    0000004B 3E 01            [ 8]  246 	ld	a, #0x01
    0000004D 28 01            [12]  247 	jr	Z, 00204$
    0000004F AF               [ 4]  248 	xor	a, a
    00000050                        249 00204$:
    00000050 5F               [ 4]  250 	ld	e, a
                                    251 ;src/characters/player_anim.c:55: switch (state) {
    00000051 79               [ 4]  252 	ld	a, c
    00000052 3D               [ 4]  253 	dec	a
    00000053 28 08            [12]  254 	jr	Z, 00101$
    00000055 79               [ 4]  255 	ld	a, c
    00000056 D6 02            [ 8]  256 	sub	a, #0x02
    00000058 28 4E            [12]  257 	jr	Z, 00107$
    0000005A C3rEFr00         [16]  258 	jp	00113$
                                    259 ;src/characters/player_anim.c:56: case ANIM_WALK:
    0000005D                        260 00101$:
                                    261 ;src/characters/player_anim.c:57: switch (dir) {
    0000005D 7D               [ 4]  262 	ld	a, l
    0000005E B7               [ 4]  263 	or	a, a
    0000005F 20 0B            [12]  264 	jr	NZ, 00102$
    00000061 F8 00            [12]  265 	ldhl	sp,	#0
    00000063 7E               [ 8]  266 	ld	a, (hl)
    00000064 B7               [ 4]  267 	or	a, a
    00000065 20 14            [12]  268 	jr	NZ, 00103$
    00000067 B3               [ 4]  269 	or	a, e
    00000068 20 20            [12]  270 	jr	NZ, 00104$
    0000006A 18 2D            [12]  271 	jr	00105$
                                    272 ;src/characters/player_anim.c:58: case DIR_LEFT:  return walk_frames_left[frame];
    0000006C                        273 00102$:
    0000006C 01r18r00         [12]  274 	ld	bc, #_walk_frames_left+0
    0000006F F8 03            [12]  275 	ldhl	sp,	#3
    00000071 6E               [ 8]  276 	ld	l, (hl)
    00000072 26 00            [ 8]  277 	ld	h, #0x00
    00000074 09               [ 8]  278 	add	hl, bc
    00000075 4D               [ 4]  279 	ld	c, l
    00000076 44               [ 4]  280 	ld	b, h
    00000077 0A               [ 8]  281 	ld	a, (bc)
    00000078 C3r34r01         [16]  282 	jp	00120$
                                    283 ;src/characters/player_anim.c:59: case DIR_RIGHT: return walk_frames_right[frame];
    0000007B                        284 00103$:
    0000007B 01r19r00         [12]  285 	ld	bc, #_walk_frames_right+0
    0000007E F8 03            [12]  286 	ldhl	sp,	#3
    00000080 6E               [ 8]  287 	ld	l, (hl)
    00000081 26 00            [ 8]  288 	ld	h, #0x00
    00000083 09               [ 8]  289 	add	hl, bc
    00000084 4D               [ 4]  290 	ld	c, l
    00000085 44               [ 4]  291 	ld	b, h
    00000086 0A               [ 8]  292 	ld	a, (bc)
    00000087 C3r34r01         [16]  293 	jp	00120$
                                    294 ;src/characters/player_anim.c:60: case DIR_UP:    return walk_frames_up[frame];
    0000008A                        295 00104$:
    0000008A 01r1Ar00         [12]  296 	ld	bc, #_walk_frames_up+0
    0000008D F8 03            [12]  297 	ldhl	sp,	#3
    0000008F 6E               [ 8]  298 	ld	l, (hl)
    00000090 26 00            [ 8]  299 	ld	h, #0x00
    00000092 09               [ 8]  300 	add	hl, bc
    00000093 4D               [ 4]  301 	ld	c, l
    00000094 44               [ 4]  302 	ld	b, h
    00000095 0A               [ 8]  303 	ld	a, (bc)
    00000096 C3r34r01         [16]  304 	jp	00120$
                                    305 ;src/characters/player_anim.c:61: default:        return walk_frames_down[frame];
    00000099                        306 00105$:
    00000099 01r17r00         [12]  307 	ld	bc, #_walk_frames_down+0
    0000009C F8 03            [12]  308 	ldhl	sp,	#3
    0000009E 6E               [ 8]  309 	ld	l, (hl)
    0000009F 26 00            [ 8]  310 	ld	h, #0x00
    000000A1 09               [ 8]  311 	add	hl, bc
    000000A2 4D               [ 4]  312 	ld	c, l
    000000A3 44               [ 4]  313 	ld	b, h
    000000A4 0A               [ 8]  314 	ld	a, (bc)
    000000A5 C3r34r01         [16]  315 	jp	00120$
                                    316 ;src/characters/player_anim.c:63: case ANIM_ATTACK:
    000000A8                        317 00107$:
                                    318 ;src/characters/player_anim.c:64: switch (dir) {
    000000A8 7D               [ 4]  319 	ld	a, l
    000000A9 B7               [ 4]  320 	or	a, a
    000000AA 20 0B            [12]  321 	jr	NZ, 00108$
    000000AC F8 00            [12]  322 	ldhl	sp,	#0
    000000AE 7E               [ 8]  323 	ld	a, (hl)
    000000AF B7               [ 4]  324 	or	a, a
    000000B0 20 13            [12]  325 	jr	NZ, 00109$
    000000B2 B3               [ 4]  326 	or	a, e
    000000B3 20 1E            [12]  327 	jr	NZ, 00110$
    000000B5 18 2A            [12]  328 	jr	00111$
                                    329 ;src/characters/player_anim.c:65: case DIR_LEFT:  return attack_frames_left[frame];
    000000B7                        330 00108$:
    000000B7 01r1Cr00         [12]  331 	ld	bc, #_attack_frames_left+0
    000000BA F8 03            [12]  332 	ldhl	sp,	#3
    000000BC 6E               [ 8]  333 	ld	l, (hl)
    000000BD 26 00            [ 8]  334 	ld	h, #0x00
    000000BF 09               [ 8]  335 	add	hl, bc
    000000C0 4D               [ 4]  336 	ld	c, l
    000000C1 44               [ 4]  337 	ld	b, h
    000000C2 0A               [ 8]  338 	ld	a, (bc)
    000000C3 18 6F            [12]  339 	jr	00120$
                                    340 ;src/characters/player_anim.c:66: case DIR_RIGHT: return attack_frames_right[frame];
    000000C5                        341 00109$:
    000000C5 01r1Dr00         [12]  342 	ld	bc, #_attack_frames_right+0
    000000C8 F8 03            [12]  343 	ldhl	sp,	#3
    000000CA 6E               [ 8]  344 	ld	l, (hl)
    000000CB 26 00            [ 8]  345 	ld	h, #0x00
    000000CD 09               [ 8]  346 	add	hl, bc
    000000CE 4D               [ 4]  347 	ld	c, l
    000000CF 44               [ 4]  348 	ld	b, h
    000000D0 0A               [ 8]  349 	ld	a, (bc)
    000000D1 18 61            [12]  350 	jr	00120$
                                    351 ;src/characters/player_anim.c:67: case DIR_UP:    return attack_frames_up[frame];
    000000D3                        352 00110$:
    000000D3 01r1Er00         [12]  353 	ld	bc, #_attack_frames_up+0
    000000D6 F8 03            [12]  354 	ldhl	sp,	#3
    000000D8 6E               [ 8]  355 	ld	l, (hl)
    000000D9 26 00            [ 8]  356 	ld	h, #0x00
    000000DB 09               [ 8]  357 	add	hl, bc
    000000DC 4D               [ 4]  358 	ld	c, l
    000000DD 44               [ 4]  359 	ld	b, h
    000000DE 0A               [ 8]  360 	ld	a, (bc)
    000000DF 18 53            [12]  361 	jr	00120$
                                    362 ;src/characters/player_anim.c:68: default:        return attack_frames_down[frame];
    000000E1                        363 00111$:
    000000E1 01r1Br00         [12]  364 	ld	bc, #_attack_frames_down+0
    000000E4 F8 03            [12]  365 	ldhl	sp,	#3
    000000E6 6E               [ 8]  366 	ld	l, (hl)
    000000E7 26 00            [ 8]  367 	ld	h, #0x00
    000000E9 09               [ 8]  368 	add	hl, bc
    000000EA 4D               [ 4]  369 	ld	c, l
    000000EB 44               [ 4]  370 	ld	b, h
    000000EC 0A               [ 8]  371 	ld	a, (bc)
    000000ED 18 45            [12]  372 	jr	00120$
                                    373 ;src/characters/player_anim.c:70: default: /* ANIM_IDLE */
    000000EF                        374 00113$:
                                    375 ;src/characters/player_anim.c:71: switch (dir) {
    000000EF 7D               [ 4]  376 	ld	a, l
    000000F0 B7               [ 4]  377 	or	a, a
    000000F1 20 0B            [12]  378 	jr	NZ, 00114$
    000000F3 F8 00            [12]  379 	ldhl	sp,	#0
    000000F5 7E               [ 8]  380 	ld	a, (hl)
    000000F6 B7               [ 4]  381 	or	a, a
    000000F7 20 13            [12]  382 	jr	NZ, 00115$
    000000F9 B3               [ 4]  383 	or	a, e
    000000FA 20 1E            [12]  384 	jr	NZ, 00116$
    000000FC 18 2A            [12]  385 	jr	00117$
                                    386 ;src/characters/player_anim.c:72: case DIR_LEFT:  return idle_frames_left[frame];
    000000FE                        387 00114$:
    000000FE 01r14r00         [12]  388 	ld	bc, #_idle_frames_left+0
    00000101 F8 03            [12]  389 	ldhl	sp,	#3
    00000103 6E               [ 8]  390 	ld	l, (hl)
    00000104 26 00            [ 8]  391 	ld	h, #0x00
    00000106 09               [ 8]  392 	add	hl, bc
    00000107 4D               [ 4]  393 	ld	c, l
    00000108 44               [ 4]  394 	ld	b, h
    00000109 0A               [ 8]  395 	ld	a, (bc)
    0000010A 18 28            [12]  396 	jr	00120$
                                    397 ;src/characters/player_anim.c:73: case DIR_RIGHT: return idle_frames_right[frame];
    0000010C                        398 00115$:
    0000010C 01r15r00         [12]  399 	ld	bc, #_idle_frames_right+0
    0000010F F8 03            [12]  400 	ldhl	sp,	#3
    00000111 6E               [ 8]  401 	ld	l, (hl)
    00000112 26 00            [ 8]  402 	ld	h, #0x00
    00000114 09               [ 8]  403 	add	hl, bc
    00000115 4D               [ 4]  404 	ld	c, l
    00000116 44               [ 4]  405 	ld	b, h
    00000117 0A               [ 8]  406 	ld	a, (bc)
    00000118 18 1A            [12]  407 	jr	00120$
                                    408 ;src/characters/player_anim.c:74: case DIR_UP:    return idle_frames_up[frame];
    0000011A                        409 00116$:
    0000011A 01r16r00         [12]  410 	ld	bc, #_idle_frames_up+0
    0000011D F8 03            [12]  411 	ldhl	sp,	#3
    0000011F 6E               [ 8]  412 	ld	l, (hl)
    00000120 26 00            [ 8]  413 	ld	h, #0x00
    00000122 09               [ 8]  414 	add	hl, bc
    00000123 4D               [ 4]  415 	ld	c, l
    00000124 44               [ 4]  416 	ld	b, h
    00000125 0A               [ 8]  417 	ld	a, (bc)
    00000126 18 0C            [12]  418 	jr	00120$
                                    419 ;src/characters/player_anim.c:75: default:        return idle_frames_down[frame];
    00000128                        420 00117$:
    00000128 01r13r00         [12]  421 	ld	bc, #_idle_frames_down+0
    0000012B F8 03            [12]  422 	ldhl	sp,	#3
    0000012D 6E               [ 8]  423 	ld	l, (hl)
    0000012E 26 00            [ 8]  424 	ld	h, #0x00
    00000130 09               [ 8]  425 	add	hl, bc
    00000131 4D               [ 4]  426 	ld	c, l
    00000132 44               [ 4]  427 	ld	b, h
    00000133 0A               [ 8]  428 	ld	a, (bc)
                                    429 ;src/characters/player_anim.c:77: }
    00000134                        430 00120$:
                                    431 ;src/characters/player_anim.c:78: }
    00000134 33               [ 8]  432 	inc	sp
    00000135 E1               [12]  433 	pop	hl
    00000136 33               [ 8]  434 	inc	sp
    00000137 E9               [ 4]  435 	jp	(hl)
                                    436 ;src/characters/player_anim.c:82: void player_anim_init(PlayerAnim *a) {
                                    437 ;	---------------------------------
                                    438 ; Function player_anim_init
                                    439 ; ---------------------------------
    00000138                        440 _player_anim_init::
                                    441 ;src/characters/player_anim.c:83: a->dir   = DIR_DOWN;
    00000138 AF               [ 4]  442 	xor	a, a
    00000139 12               [ 8]  443 	ld	(de), a
                                    444 ;src/characters/player_anim.c:84: a->state = ANIM_IDLE;
    0000013A 6B               [ 4]  445 	ld	l, e
    0000013B 62               [ 4]  446 	ld	h, d
    0000013C 23               [ 8]  447 	inc	hl
    0000013D 36 00            [12]  448 	ld	(hl), #0x00
                                    449 ;src/characters/player_anim.c:85: a->frame = 0u;
    0000013F 6B               [ 4]  450 	ld	l, e
    00000140 62               [ 4]  451 	ld	h, d
    00000141 23               [ 8]  452 	inc	hl
    00000142 23               [ 8]  453 	inc	hl
    00000143 36 00            [12]  454 	ld	(hl), #0x00
                                    455 ;src/characters/player_anim.c:86: a->timer = 0u;
    00000145 13               [ 8]  456 	inc	de
    00000146 13               [ 8]  457 	inc	de
    00000147 13               [ 8]  458 	inc	de
    00000148 AF               [ 4]  459 	xor	a, a
    00000149 12               [ 8]  460 	ld	(de), a
                                    461 ;src/characters/player_anim.c:87: }
    0000014A C9               [16]  462 	ret
                                    463 ;src/characters/player_anim.c:89: void player_anim_set_dir(PlayerAnim *a, PlayerDir dir) {
                                    464 ;	---------------------------------
                                    465 ; Function player_anim_set_dir
                                    466 ; ---------------------------------
    0000014B                        467 _player_anim_set_dir::
                                    468 ;src/characters/player_anim.c:90: a->dir   = dir;
    0000014B 12               [ 8]  469 	ld	(de), a
                                    470 ;src/characters/player_anim.c:91: a->frame = 0u;
    0000014C 6B               [ 4]  471 	ld	l, e
    0000014D 62               [ 4]  472 	ld	h, d
    0000014E 23               [ 8]  473 	inc	hl
    0000014F 23               [ 8]  474 	inc	hl
    00000150 36 00            [12]  475 	ld	(hl), #0x00
                                    476 ;src/characters/player_anim.c:92: a->timer = 0u;
    00000152 13               [ 8]  477 	inc	de
    00000153 13               [ 8]  478 	inc	de
    00000154 13               [ 8]  479 	inc	de
    00000155 AF               [ 4]  480 	xor	a, a
    00000156 12               [ 8]  481 	ld	(de), a
                                    482 ;src/characters/player_anim.c:93: }
    00000157 C9               [16]  483 	ret
                                    484 ;src/characters/player_anim.c:95: void player_anim_set_state(PlayerAnim *a, PlayerAnimState state) {
                                    485 ;	---------------------------------
                                    486 ; Function player_anim_set_state
                                    487 ; ---------------------------------
    00000158                        488 _player_anim_set_state::
    00000158 4B               [ 4]  489 	ld	c, e
    00000159 42               [ 4]  490 	ld	b, d
                                    491 ;src/characters/player_anim.c:96: if (a->state == state) return;
    0000015A 69               [ 4]  492 	ld	l, c
    0000015B 60               [ 4]  493 	ld	h, b
    0000015C 23               [ 8]  494 	inc	hl
    0000015D 5E               [ 8]  495 	ld	e, (hl)
    0000015E BB               [ 4]  496 	cp	a, e
    0000015F C8               [20]  497 	ret	Z
                                    498 ;src/characters/player_anim.c:97: a->state = state;
    00000160 77               [ 8]  499 	ld	(hl), a
                                    500 ;src/characters/player_anim.c:98: a->frame = 0u;
    00000161 69               [ 4]  501 	ld	l, c
    00000162 60               [ 4]  502 	ld	h, b
    00000163 23               [ 8]  503 	inc	hl
    00000164 23               [ 8]  504 	inc	hl
    00000165 36 00            [12]  505 	ld	(hl), #0x00
                                    506 ;src/characters/player_anim.c:99: a->timer = 0u;
    00000167 03               [ 8]  507 	inc	bc
    00000168 03               [ 8]  508 	inc	bc
    00000169 03               [ 8]  509 	inc	bc
    0000016A AF               [ 4]  510 	xor	a, a
    0000016B 02               [ 8]  511 	ld	(bc), a
                                    512 ;src/characters/player_anim.c:100: }
    0000016C C9               [16]  513 	ret
                                    514 ;src/characters/player_anim.c:102: void player_anim_apply(const PlayerAnim *a) {
                                    515 ;	---------------------------------
                                    516 ; Function player_anim_apply
                                    517 ; ---------------------------------
    0000016D                        518 _player_anim_apply::
                                    519 ;src/characters/player_anim.c:103: uint8_t gbtd = gbtd_tile(a->state, a->dir, a->frame);
    0000016D 6B               [ 4]  520 	ld	l, e
    0000016E 62               [ 4]  521 	ld	h, d
    0000016F 23               [ 8]  522 	inc	hl
    00000170 23               [ 8]  523 	inc	hl
    00000171 46               [ 8]  524 	ld	b, (hl)
    00000172 1A               [ 8]  525 	ld	a, (de)
    00000173 4F               [ 4]  526 	ld	c, a
    00000174 13               [ 8]  527 	inc	de
    00000175 1A               [ 8]  528 	ld	a, (de)
    00000176 C5               [16]  529 	push	bc
    00000177 33               [ 8]  530 	inc	sp
    00000178 59               [ 4]  531 	ld	e, c
    00000179 CDr31r00         [24]  532 	call	_gbtd_tile
                                    533 ;src/characters/player_anim.c:104: uint8_t base = PLAYER_TILE_BASE + gbtd * 4u;
    0000017C 87               [ 4]  534 	add	a, a
    0000017D 87               [ 4]  535 	add	a, a
    0000017E C6 4C            [ 8]  536 	add	a, #0x4c
    00000180 4F               [ 4]  537 	ld	c, a
                                    538 ;/Users/apple/gbdk/include/gb/gb.h:1887: shadow_OAM[nb].tile=tile;
    00000181 21r02r00         [12]  539 	ld	hl, #(_shadow_OAM + 2)
    00000184 71               [ 8]  540 	ld	(hl), c
                                    541 ;src/characters/player_anim.c:108: set_sprite_tile(1, base + 2u);  /* TR */
    00000185 41               [ 4]  542 	ld	b, c
    00000186 04               [ 4]  543 	inc	b
    00000187 04               [ 4]  544 	inc	b
                                    545 ;/Users/apple/gbdk/include/gb/gb.h:1887: shadow_OAM[nb].tile=tile;
    00000188 21r06r00         [12]  546 	ld	hl, #(_shadow_OAM + 6)
    0000018B 70               [ 8]  547 	ld	(hl), b
                                    548 ;src/characters/player_anim.c:109: set_sprite_tile(2, base + 1u);  /* BL */
    0000018C 41               [ 4]  549 	ld	b, c
    0000018D 04               [ 4]  550 	inc	b
                                    551 ;/Users/apple/gbdk/include/gb/gb.h:1887: shadow_OAM[nb].tile=tile;
    0000018E 21r0Ar00         [12]  552 	ld	hl, #(_shadow_OAM + 10)
    00000191 70               [ 8]  553 	ld	(hl), b
                                    554 ;src/characters/player_anim.c:110: set_sprite_tile(3, base + 3u);  /* BR */
    00000192 0C               [ 4]  555 	inc	c
    00000193 0C               [ 4]  556 	inc	c
    00000194 0C               [ 4]  557 	inc	c
                                    558 ;/Users/apple/gbdk/include/gb/gb.h:1887: shadow_OAM[nb].tile=tile;
    00000195 21r0Er00         [12]  559 	ld	hl, #(_shadow_OAM + 14)
    00000198 71               [ 8]  560 	ld	(hl), c
                                    561 ;src/characters/player_anim.c:110: set_sprite_tile(3, base + 3u);  /* BR */
                                    562 ;src/characters/player_anim.c:111: }
    00000199 C9               [16]  563 	ret
                                    564 ;src/characters/player_anim.c:113: uint8_t player_anim_tick(PlayerAnim *a) {
                                    565 ;	---------------------------------
                                    566 ; Function player_anim_tick
                                    567 ; ---------------------------------
    0000019A                        568 _player_anim_tick::
                                    569 ;src/characters/player_anim.c:114: uint8_t count = state_frame_count(a->state);
    0000019A D5               [16]  570 	push	de
    0000019B 13               [ 8]  571 	inc	de
    0000019C 1A               [ 8]  572 	ld	a, (de)
    0000019D D5               [16]  573 	push	de
    0000019E CDr00r00         [24]  574 	call	_state_frame_count
    000001A1 4F               [ 4]  575 	ld	c, a
    000001A2 D1               [12]  576 	pop	de
                                    577 ;src/characters/player_anim.c:115: uint8_t speed = state_speed(a->state);
    000001A3 1A               [ 8]  578 	ld	a, (de)
    000001A4 C5               [16]  579 	push	bc
    000001A5 CDr1Fr00         [24]  580 	call	_state_speed
    000001A8 5F               [ 4]  581 	ld	e, a
    000001A9 C1               [12]  582 	pop	bc
                                    583 ;src/characters/player_anim.c:116: if (count <= 1u || speed == 0u) return 0u;  /* single-frame — nothing to do */
    000001AA 3E 01            [ 8]  584 	ld	a, #0x01
    000001AC 91               [ 4]  585 	sub	a, c
    000001AD 30 04            [12]  586 	jr	NC, 00101$
    000001AF 7B               [ 4]  587 	ld	a, e
    000001B0 B7               [ 4]  588 	or	a, a
    000001B1 20 03            [12]  589 	jr	NZ, 00102$
    000001B3                        590 00101$:
    000001B3 AF               [ 4]  591 	xor	a, a
    000001B4 18 2A            [12]  592 	jr	00106$
    000001B6                        593 00102$:
                                    594 ;src/characters/player_anim.c:117: if (++a->timer >= speed) {
    000001B6 E1               [12]  595 	pop	hl
    000001B7 E5               [16]  596 	push	hl
    000001B8 23               [ 8]  597 	inc	hl
    000001B9 23               [ 8]  598 	inc	hl
    000001BA 23               [ 8]  599 	inc	hl
    000001BB 34               [12]  600 	inc	(hl)
    000001BC 7E               [ 8]  601 	ld	a, (hl)
    000001BD 93               [ 4]  602 	sub	a, e
    000001BE 38 1F            [12]  603 	jr	C, 00105$
                                    604 ;src/characters/player_anim.c:118: a->timer = 0u;
    000001C0 36 00            [12]  605 	ld	(hl), #0x00
                                    606 ;src/characters/player_anim.c:119: a->frame = (a->frame + 1u) % count;
    000001C2 D1               [12]  607 	pop	de
    000001C3 D5               [16]  608 	push	de
    000001C4 13               [ 8]  609 	inc	de
    000001C5 13               [ 8]  610 	inc	de
    000001C6 1A               [ 8]  611 	ld	a, (de)
    000001C7 6F               [ 4]  612 	ld	l, a
    000001C8 AF               [ 4]  613 	xor	a, a
    000001C9 67               [ 4]  614 	ld	h, a
    000001CA 23               [ 8]  615 	inc	hl
    000001CB AF               [ 4]  616 	xor	a, a
    000001CC D5               [16]  617 	push	de
    000001CD 47               [ 4]  618 	ld	b, a
    000001CE 5D               [ 4]  619 	ld	e, l
    000001CF 54               [ 4]  620 	ld	d, h
    000001D0 CDr00r00         [24]  621 	call	__moduint
    000001D3 D1               [12]  622 	pop	de
    000001D4 79               [ 4]  623 	ld	a, c
    000001D5 12               [ 8]  624 	ld	(de), a
                                    625 ;src/characters/player_anim.c:120: player_anim_apply(a);
    000001D6 D1               [12]  626 	pop	de
    000001D7 D5               [16]  627 	push	de
    000001D8 CDr6Dr01         [24]  628 	call	_player_anim_apply
                                    629 ;src/characters/player_anim.c:121: return 1u;
    000001DB 3E 01            [ 8]  630 	ld	a, #0x01
    000001DD 18 01            [12]  631 	jr	00106$
    000001DF                        632 00105$:
                                    633 ;src/characters/player_anim.c:123: return 0u;
    000001DF AF               [ 4]  634 	xor	a, a
    000001E0                        635 00106$:
                                    636 ;src/characters/player_anim.c:124: }
    000001E0 33               [ 8]  637 	inc	sp
    000001E1 33               [ 8]  638 	inc	sp
    000001E2 C9               [16]  639 	ret
                                    640 ;src/main.c:159: static void win_write_row(uint8_t row) {
                                    641 ;	---------------------------------
                                    642 ; Function win_write_row
                                    643 ; ---------------------------------
    000001E3                        644 _win_write_row:
    000001E3 E8 FD            [16]  645 	add	sp, #-3
    000001E5 F8 02            [12]  646 	ldhl	sp,	#2
    000001E7 77               [ 8]  647 	ld	(hl), a
                                    648 ;src/main.c:161: for (col = 0u; col < UIWidth; col++) {
    000001E8 0E 00            [ 8]  649 	ld	c, #0x00
    000001EA                        650 00102$:
                                    651 ;src/main.c:162: uint8_t t = UI[(uint16_t)row * UIWidth + col];
    000001EA F8 02            [12]  652 	ldhl	sp,	#2
    000001EC 3A               [ 8]  653 	ld	a, (hl-)
    000001ED 2B               [ 8]  654 	dec	hl
    000001EE 22               [ 8]  655 	ld	(hl+), a
    000001EF 36 00            [12]  656 	ld	(hl), #0x00
    000001F1 D1               [12]  657 	pop	de
    000001F2 D5               [16]  658 	push	de
    000001F3 6B               [ 4]  659 	ld	l, e
    000001F4 62               [ 4]  660 	ld	h, d
    000001F5 29               [ 8]  661 	add	hl, hl
    000001F6 29               [ 8]  662 	add	hl, hl
    000001F7 19               [ 8]  663 	add	hl, de
    000001F8 29               [ 8]  664 	add	hl, hl
    000001F9 29               [ 8]  665 	add	hl, hl
    000001FA 59               [ 4]  666 	ld	e, c
    000001FB 16 00            [ 8]  667 	ld	d, #0x00
    000001FD 19               [ 8]  668 	add	hl, de
    000001FE 11r00r00         [12]  669 	ld	de, #_UI
    00000201 19               [ 8]  670 	add	hl, de
    00000202 5E               [ 8]  671 	ld	e, (hl)
                                    672 ;src/main.c:163: win_row_buf[col] = (t >= 1u && t <= 8u) ? (uint8_t)(UI_TILE_BASE + t - 1u) : 0u;
    00000203 21r38r01         [12]  673 	ld	hl, #_win_row_buf
    00000206 06 00            [ 8]  674 	ld	b, #0x00
    00000208 09               [ 8]  675 	add	hl, bc
    00000209 7B               [ 4]  676 	ld	a, e
    0000020A D6 01            [ 8]  677 	sub	a, #0x01
    0000020C 38 0A            [12]  678 	jr	C, 00106$
    0000020E 3E 08            [ 8]  679 	ld	a, #0x08
    00000210 93               [ 4]  680 	sub	a, e
    00000211 38 05            [12]  681 	jr	C, 00106$
    00000213 7B               [ 4]  682 	ld	a, e
    00000214 C6 43            [ 8]  683 	add	a, #0x43
    00000216 18 01            [12]  684 	jr	00107$
    00000218                        685 00106$:
    00000218 AF               [ 4]  686 	xor	a, a
    00000219                        687 00107$:
    00000219 77               [ 8]  688 	ld	(hl), a
                                    689 ;src/main.c:161: for (col = 0u; col < UIWidth; col++) {
    0000021A 0C               [ 4]  690 	inc	c
    0000021B 79               [ 4]  691 	ld	a, c
    0000021C D6 14            [ 8]  692 	sub	a, #0x14
    0000021E 38 CA            [12]  693 	jr	C, 00102$
                                    694 ;src/main.c:165: set_win_tiles(0u, row, UIWidth, 1u, win_row_buf);
    00000220 11r38r01         [12]  695 	ld	de, #_win_row_buf
    00000223 D5               [16]  696 	push	de
    00000224 21 14 01         [12]  697 	ld	hl, #0x114
    00000227 E5               [16]  698 	push	hl
    00000228 F8 06            [12]  699 	ldhl	sp,	#6
    0000022A 66               [ 8]  700 	ld	h, (hl)
    0000022B 2E 00            [ 8]  701 	ld	l, #0x00
    0000022D E5               [16]  702 	push	hl
    0000022E CDr00r00         [24]  703 	call	_set_win_tiles
                                    704 ;src/main.c:166: }
    00000231 E8 09            [16]  705 	add	sp, #9
    00000233 C9               [16]  706 	ret
    00000234                        707 _UI_MENU_Y:
    00000234 10                     708 	.db #0x10	; 16
    00000235 20                     709 	.db #0x20	; 32
    00000236 30                     710 	.db #0x30	; 48	'0'
                                    711 ;src/main.c:169: static void win_clear_row(uint8_t row) {
                                    712 ;	---------------------------------
                                    713 ; Function win_clear_row
                                    714 ; ---------------------------------
    00000237                        715 _win_clear_row:
    00000237 47               [ 4]  716 	ld	b, a
                                    717 ;src/main.c:171: for (col = 0u; col < UIWidth; col++) win_row_buf[col] = 0u;
    00000238 11r38r01         [12]  718 	ld	de, #_win_row_buf+0
    0000023B 0E 00            [ 8]  719 	ld	c, #0x00
    0000023D                        720 00102$:
    0000023D 69               [ 4]  721 	ld	l, c
    0000023E 26 00            [ 8]  722 	ld	h, #0x00
    00000240 19               [ 8]  723 	add	hl, de
    00000241 36 00            [12]  724 	ld	(hl), #0x00
    00000243 0C               [ 4]  725 	inc	c
    00000244 79               [ 4]  726 	ld	a, c
    00000245 D6 14            [ 8]  727 	sub	a, #0x14
    00000247 38 F4            [12]  728 	jr	C, 00102$
                                    729 ;src/main.c:172: set_win_tiles(0u, row, UIWidth, 1u, win_row_buf);
    00000249 D5               [16]  730 	push	de
    0000024A 21 14 01         [12]  731 	ld	hl, #0x114
    0000024D E5               [16]  732 	push	hl
    0000024E C5               [16]  733 	push	bc
    0000024F 33               [ 8]  734 	inc	sp
    00000250 AF               [ 4]  735 	xor	a, a
    00000251 F5               [16]  736 	push	af
    00000252 33               [ 8]  737 	inc	sp
    00000253 CDr00r00         [24]  738 	call	_set_win_tiles
    00000256 E8 06            [16]  739 	add	sp, #6
                                    740 ;src/main.c:173: }
    00000258 C9               [16]  741 	ret
                                    742 ;src/main.c:177: static void restore_bkg_tile(uint8_t gx, uint8_t gy) {
                                    743 ;	---------------------------------
                                    744 ; Function restore_bkg_tile
                                    745 ; ---------------------------------
    00000259                        746 _restore_bkg_tile:
    00000259 3B               [ 8]  747 	dec	sp
    0000025A 4F               [ 4]  748 	ld	c, a
    0000025B 43               [ 4]  749 	ld	b, e
                                    750 ;src/main.c:179: switch (grid[gx][gy].type) {
    0000025C 59               [ 4]  751 	ld	e, c
    0000025D 16 00            [ 8]  752 	ld	d, #0x00
    0000025F 6B               [ 4]  753 	ld	l, e
    00000260 62               [ 4]  754 	ld	h, d
    00000261 29               [ 8]  755 	add	hl, hl
    00000262 19               [ 8]  756 	add	hl, de
    00000263 29               [ 8]  757 	add	hl, hl
    00000264 19               [ 8]  758 	add	hl, de
    00000265 29               [ 8]  759 	add	hl, hl
    00000266 19               [ 8]  760 	add	hl, de
    00000267 11r11r00         [12]  761 	ld	de, #_grid
    0000026A 19               [ 8]  762 	add	hl, de
    0000026B 58               [ 4]  763 	ld	e, b
    0000026C 16 00            [ 8]  764 	ld	d, #0x00
    0000026E 19               [ 8]  765 	add	hl, de
    0000026F 7E               [ 8]  766 	ld	a, (hl)
    00000270 3D               [ 4]  767 	dec	a
    00000271 20 06            [12]  768 	jr	NZ, 00102$
                                    769 ;src/main.c:180: case TILE_GRASS: t = GRASS_TILE; break;
    00000273 F8 00            [12]  770 	ldhl	sp,	#0
    00000275 36 26            [12]  771 	ld	(hl), #0x26
    00000277 18 04            [12]  772 	jr	00103$
                                    773 ;src/main.c:181: default:         t = EMPTY_TILE; break;
    00000279                        774 00102$:
    00000279 F8 00            [12]  775 	ldhl	sp,	#0
    0000027B 36 25            [12]  776 	ld	(hl), #0x25
                                    777 ;src/main.c:182: }
    0000027D                        778 00103$:
                                    779 ;src/main.c:183: set_bkg_tiles(GRID_ORIGIN_X + gx, GRID_ORIGIN_Y + gy, 1u, 1u, &t);
    0000027D 21 00 00         [12]  780 	ld	hl, #0
    00000280 39               [ 8]  781 	add	hl, sp
    00000281 E5               [16]  782 	push	hl
    00000282 21 01 01         [12]  783 	ld	hl, #0x101
    00000285 E5               [16]  784 	push	hl
    00000286 C5               [16]  785 	push	bc
    00000287 CDr00r00         [24]  786 	call	_set_bkg_tiles
                                    787 ;src/main.c:184: }
    0000028A E8 07            [16]  788 	add	sp, #7
    0000028C C9               [16]  789 	ret
                                    790 ;src/main.c:188: static void draw_path_tiles(void) {
                                    791 ;	---------------------------------
                                    792 ; Function draw_path_tiles
                                    793 ; ---------------------------------
    0000028D                        794 _draw_path_tiles:
    0000028D 3B               [ 8]  795 	dec	sp
                                    796 ;src/main.c:189: uint8_t t = PATH_HIGHLIGHT_TILE;
    0000028E F8 00            [12]  797 	ldhl	sp,	#0
    00000290 36 5D            [12]  798 	ld	(hl), #0x5d
                                    799 ;src/main.c:191: for (i = 1u; i < move_path_len; i++) {
    00000292 0E 01            [ 8]  800 	ld	c, #0x01
    00000294                        801 00103$:
    00000294 79               [ 4]  802 	ld	a, c
    00000295 21r09r01         [12]  803 	ld	hl, #_move_path_len
    00000298 96               [ 8]  804 	sub	a, (hl)
    00000299 30 26            [12]  805 	jr	NC, 00105$
                                    806 ;src/main.c:193: GRID_ORIGIN_Y + move_path[i].y, 1u, 1u, &t);
    0000029B 69               [ 4]  807 	ld	l, c
    0000029C AF               [ 4]  808 	xor	a, a
    0000029D 67               [ 4]  809 	ld	h, a
    0000029E 29               [ 8]  810 	add	hl, hl
    0000029F 11rF8r00         [12]  811 	ld	de, #_move_path
    000002A2 19               [ 8]  812 	add	hl, de
    000002A3 5D               [ 4]  813 	ld	e, l
    000002A4 54               [ 4]  814 	ld	d, h
    000002A5 13               [ 8]  815 	inc	de
    000002A6 1A               [ 8]  816 	ld	a, (de)
                                    817 ;src/main.c:192: set_bkg_tiles(GRID_ORIGIN_X + move_path[i].x,
    000002A7 56               [ 8]  818 	ld	d, (hl)
    000002A8 21 00 00         [12]  819 	ld	hl, #0
    000002AB 39               [ 8]  820 	add	hl, sp
    000002AC E5               [16]  821 	push	hl
    000002AD 26 01            [ 8]  822 	ld	h, #0x01
    000002AF E5               [16]  823 	push	hl
    000002B0 33               [ 8]  824 	inc	sp
    000002B1 26 01            [ 8]  825 	ld	h, #0x01
    000002B3 E5               [16]  826 	push	hl
    000002B4 33               [ 8]  827 	inc	sp
    000002B5 F5               [16]  828 	push	af
    000002B6 33               [ 8]  829 	inc	sp
    000002B7 D5               [16]  830 	push	de
    000002B8 33               [ 8]  831 	inc	sp
    000002B9 CDr00r00         [24]  832 	call	_set_bkg_tiles
    000002BC E8 06            [16]  833 	add	sp, #6
                                    834 ;src/main.c:191: for (i = 1u; i < move_path_len; i++) {
    000002BE 0C               [ 4]  835 	inc	c
    000002BF 18 D3            [12]  836 	jr	00103$
    000002C1                        837 00105$:
                                    838 ;src/main.c:195: }
    000002C1 33               [ 8]  839 	inc	sp
    000002C2 C9               [16]  840 	ret
                                    841 ;src/main.c:199: static void clear_path_tiles(void) {
                                    842 ;	---------------------------------
                                    843 ; Function clear_path_tiles
                                    844 ; ---------------------------------
    000002C3                        845 _clear_path_tiles:
                                    846 ;src/main.c:201: for (i = 1u; i < move_path_len; i++) {
    000002C3 0E 01            [ 8]  847 	ld	c, #0x01
    000002C5                        848 00103$:
    000002C5 79               [ 4]  849 	ld	a, c
    000002C6 21r09r01         [12]  850 	ld	hl, #_move_path_len
    000002C9 96               [ 8]  851 	sub	a, (hl)
    000002CA D0               [20]  852 	ret	NC
                                    853 ;src/main.c:202: restore_bkg_tile(move_path[i].x, move_path[i].y);
    000002CB 69               [ 4]  854 	ld	l, c
    000002CC AF               [ 4]  855 	xor	a, a
    000002CD 67               [ 4]  856 	ld	h, a
    000002CE 29               [ 8]  857 	add	hl, hl
    000002CF 11rF8r00         [12]  858 	ld	de, #_move_path
    000002D2 19               [ 8]  859 	add	hl, de
    000002D3 5D               [ 4]  860 	ld	e, l
    000002D4 54               [ 4]  861 	ld	d, h
    000002D5 13               [ 8]  862 	inc	de
    000002D6 1A               [ 8]  863 	ld	a, (de)
    000002D7 5F               [ 4]  864 	ld	e, a
    000002D8 7E               [ 8]  865 	ld	a, (hl)
    000002D9 C5               [16]  866 	push	bc
    000002DA CDr59r02         [24]  867 	call	_restore_bkg_tile
    000002DD C1               [12]  868 	pop	bc
                                    869 ;src/main.c:201: for (i = 1u; i < move_path_len; i++) {
    000002DE 0C               [ 4]  870 	inc	c
                                    871 ;src/main.c:204: }
    000002DF 18 E4            [12]  872 	jr	00103$
                                    873 ;src/main.c:207: static void ui_write_text(void) {
                                    874 ;	---------------------------------
                                    875 ; Function ui_write_text
                                    876 ; ---------------------------------
    000002E1                        877 _ui_write_text:
                                    878 ;src/main.c:208: ui_print(3u,  2u, "MAGIC");
    000002E1 11r2Fr03         [12]  879 	ld	de, #___str_0
    000002E4 D5               [16]  880 	push	de
    000002E5 1E 02            [ 8]  881 	ld	e, #0x02
    000002E7 3E 03            [ 8]  882 	ld	a, #0x03
    000002E9 CDr00r00         [24]  883 	call	_ui_print
                                    884 ;src/main.c:209: ui_print(3u,  4u, "ATTACK");
    000002EC 11r35r03         [12]  885 	ld	de, #___str_1
    000002EF D5               [16]  886 	push	de
    000002F0 1E 04            [ 8]  887 	ld	e, #0x04
    000002F2 3E 03            [ 8]  888 	ld	a, #0x03
    000002F4 CDr00r00         [24]  889 	call	_ui_print
                                    890 ;src/main.c:210: ui_print(3u,  6u, "END");
    000002F7 11r3Cr03         [12]  891 	ld	de, #___str_2
    000002FA D5               [16]  892 	push	de
    000002FB 1E 06            [ 8]  893 	ld	e, #0x06
    000002FD 3E 03            [ 8]  894 	ld	a, #0x03
    000002FF CDr00r00         [24]  895 	call	_ui_print
                                    896 ;src/main.c:211: ui_print(14u, 2u, "HP");
    00000302 11r40r03         [12]  897 	ld	de, #___str_3
    00000305 D5               [16]  898 	push	de
    00000306 1E 02            [ 8]  899 	ld	e, #0x02
    00000308 3E 0E            [ 8]  900 	ld	a, #0x0e
    0000030A CDr00r00         [24]  901 	call	_ui_print
                                    902 ;src/main.c:212: ui_print_uint8(17u, 2u, 10u);
    0000030D 3E 0A            [ 8]  903 	ld	a, #0x0a
    0000030F F5               [16]  904 	push	af
    00000310 33               [ 8]  905 	inc	sp
    00000311 1E 02            [ 8]  906 	ld	e, #0x02
    00000313 3E 11            [ 8]  907 	ld	a, #0x11
    00000315 CDr00r00         [24]  908 	call	_ui_print_uint8
                                    909 ;src/main.c:213: ui_print(14u, 4u, "ATK");
    00000318 11r43r03         [12]  910 	ld	de, #___str_4
    0000031B D5               [16]  911 	push	de
    0000031C 1E 04            [ 8]  912 	ld	e, #0x04
    0000031E 3E 0E            [ 8]  913 	ld	a, #0x0e
    00000320 CDr00r00         [24]  914 	call	_ui_print
                                    915 ;src/main.c:214: ui_print_uint8(18u, 4u, 5u);
    00000323 3E 05            [ 8]  916 	ld	a, #0x05
    00000325 F5               [16]  917 	push	af
    00000326 33               [ 8]  918 	inc	sp
    00000327 1E 04            [ 8]  919 	ld	e, #0x04
    00000329 3E 12            [ 8]  920 	ld	a, #0x12
    0000032B CDr00r00         [24]  921 	call	_ui_print_uint8
                                    922 ;src/main.c:215: }
    0000032E C9               [16]  923 	ret
    0000032F                        924 ___str_0:
    0000032F 4D 41 47 49 43         925 	.ascii "MAGIC"
    00000334 00                     926 	.db 0x00
    00000335                        927 ___str_1:
    00000335 41 54 54 41 43 4B      928 	.ascii "ATTACK"
    0000033B 00                     929 	.db 0x00
    0000033C                        930 ___str_2:
    0000033C 45 4E 44               931 	.ascii "END"
    0000033F 00                     932 	.db 0x00
    00000340                        933 ___str_3:
    00000340 48 50                  934 	.ascii "HP"
    00000342 00                     935 	.db 0x00
    00000343                        936 ___str_4:
    00000343 41 54 4B               937 	.ascii "ATK"
    00000346 00                     938 	.db 0x00
                                    939 ;src/main.c:233: void init_grid(void)
                                    940 ;	---------------------------------
                                    941 ; Function init_grid
                                    942 ; ---------------------------------
    00000347                        943 _init_grid::
                                    944 ;src/main.c:235: for (uint8_t y = 0; y < GRID_SIZE; y++)
    00000347 0E 00            [ 8]  945 	ld	c, #0x00
    00000349                        946 00107$:
    00000349 79               [ 4]  947 	ld	a, c
    0000034A D6 0F            [ 8]  948 	sub	a, #0x0f
    0000034C D0               [20]  949 	ret	NC
                                    950 ;src/main.c:237: for (uint8_t x = 0; x < GRID_SIZE; x++)
    0000034D 06 00            [ 8]  951 	ld	b, #0x00
    0000034F                        952 00104$:
    0000034F 78               [ 4]  953 	ld	a, b
    00000350 D6 0F            [ 8]  954 	sub	a, #0x0f
    00000352 30 18            [12]  955 	jr	NC, 00108$
                                    956 ;src/main.c:239: grid[x][y].type = TILE_GRASS;
    00000354 58               [ 4]  957 	ld	e, b
    00000355 16 00            [ 8]  958 	ld	d, #0x00
    00000357 6B               [ 4]  959 	ld	l, e
    00000358 62               [ 4]  960 	ld	h, d
    00000359 29               [ 8]  961 	add	hl, hl
    0000035A 19               [ 8]  962 	add	hl, de
    0000035B 29               [ 8]  963 	add	hl, hl
    0000035C 19               [ 8]  964 	add	hl, de
    0000035D 29               [ 8]  965 	add	hl, hl
    0000035E 19               [ 8]  966 	add	hl, de
    0000035F 11r11r00         [12]  967 	ld	de, #_grid
    00000362 19               [ 8]  968 	add	hl, de
    00000363 59               [ 4]  969 	ld	e, c
    00000364 16 00            [ 8]  970 	ld	d, #0x00
    00000366 19               [ 8]  971 	add	hl, de
    00000367 36 01            [12]  972 	ld	(hl), #0x01
                                    973 ;src/main.c:237: for (uint8_t x = 0; x < GRID_SIZE; x++)
    00000369 04               [ 4]  974 	inc	b
    0000036A 18 E3            [12]  975 	jr	00104$
    0000036C                        976 00108$:
                                    977 ;src/main.c:235: for (uint8_t y = 0; y < GRID_SIZE; y++)
    0000036C 0C               [ 4]  978 	inc	c
                                    979 ;src/main.c:242: }
    0000036D 18 DA            [12]  980 	jr	00107$
                                    981 ;src/main.c:252: void init_overlay(void)
                                    982 ;	---------------------------------
                                    983 ; Function init_overlay
                                    984 ; ---------------------------------
    0000036F                        985 _init_overlay::
                                    986 ;src/main.c:255: set_sprite_data(SELECTOR_TILE_BASE, 1, Selector);
    0000036F 11r00r00         [12]  987 	ld	de, #_Selector
    00000372 D5               [16]  988 	push	de
    00000373 21 5C 01         [12]  989 	ld	hl, #0x15c
    00000376 E5               [16]  990 	push	hl
    00000377 CDr00r00         [24]  991 	call	_set_sprite_data
    0000037A E8 04            [16]  992 	add	sp, #4
                                    993 ;src/main.c:259: set_bkg_data(PATH_HIGHLIGHT_TILE, 1, Selector + 16u);
    0000037C 11r10r00         [12]  994 	ld	de, #(_Selector + 16)
    0000037F D5               [16]  995 	push	de
    00000380 21 5D 01         [12]  996 	ld	hl, #0x15d
    00000383 E5               [16]  997 	push	hl
    00000384 CDr00r00         [24]  998 	call	_set_bkg_data
    00000387 E8 04            [16]  999 	add	sp, #4
                                   1000 ;/Users/apple/gbdk/include/gb/gb.h:1887: shadow_OAM[nb].tile=tile;
    00000389 21r12r00         [12] 1001 	ld	hl, #(_shadow_OAM + 18)
                                   1002 ;/Users/apple/gbdk/include/gb/gb.h:1946: shadow_OAM[nb].prop=prop;
    0000038C 3E 5C            [ 8] 1003 	ld	a, #0x5c
    0000038E 22               [ 8] 1004 	ld	(hl+), a
    0000038F 36 10            [12] 1005 	ld	(hl), #0x10
                                   1006 ;src/main.c:262: OBP1_REG = 0x00;
    00000391 AF               [ 4] 1007 	xor	a, a
    00000392 E0r00            [12] 1008 	ldh	(_OBP1_REG + 0), a
                                   1009 ;src/main.c:263: }
    00000394 C9               [16] 1010 	ret
                                   1011 ;src/main.c:273: void clear_overlay(void)
                                   1012 ;	---------------------------------
                                   1013 ; Function clear_overlay
                                   1014 ; ---------------------------------
    00000395                       1015 _clear_overlay::
                                   1016 ;src/main.c:277: }
    00000395 C9               [16] 1017 	ret
                                   1018 ;src/main.c:286: void draw_grid(void)
                                   1019 ;	---------------------------------
                                   1020 ; Function draw_grid
                                   1021 ; ---------------------------------
    00000396                       1022 _draw_grid::
    00000396 3B               [ 8] 1023 	dec	sp
    00000397 3B               [ 8] 1024 	dec	sp
                                   1025 ;src/main.c:288: for (uint8_t y = 0; y < GRID_SIZE; y++)
    00000398 06 00            [ 8] 1026 	ld	b, #0x00
    0000039A                       1027 00110$:
    0000039A 78               [ 4] 1028 	ld	a, b
    0000039B D6 0F            [ 8] 1029 	sub	a, #0x0f
    0000039D 30 49            [12] 1030 	jr	NC, 00112$
                                   1031 ;src/main.c:290: for (uint8_t x = 0; x < GRID_SIZE; x++)
    0000039F F8 01            [12] 1032 	ldhl	sp,	#1
    000003A1 36 00            [12] 1033 	ld	(hl), #0x00
    000003A3                       1034 00107$:
    000003A3 F8 01            [12] 1035 	ldhl	sp,	#1
    000003A5 7E               [ 8] 1036 	ld	a, (hl)
    000003A6 D6 0F            [ 8] 1037 	sub	a, #0x0f
    000003A8 30 3B            [12] 1038 	jr	NC, 00111$
                                   1039 ;src/main.c:296: switch (grid[x][y].type)
    000003AA 5E               [ 8] 1040 	ld	e, (hl)
    000003AB 16 00            [ 8] 1041 	ld	d, #0x00
    000003AD 6B               [ 4] 1042 	ld	l, e
    000003AE 62               [ 4] 1043 	ld	h, d
    000003AF 29               [ 8] 1044 	add	hl, hl
    000003B0 19               [ 8] 1045 	add	hl, de
    000003B1 29               [ 8] 1046 	add	hl, hl
    000003B2 19               [ 8] 1047 	add	hl, de
    000003B3 29               [ 8] 1048 	add	hl, hl
    000003B4 19               [ 8] 1049 	add	hl, de
    000003B5 11r11r00         [12] 1050 	ld	de, #_grid
    000003B8 19               [ 8] 1051 	add	hl, de
    000003B9 58               [ 4] 1052 	ld	e, b
    000003BA 16 00            [ 8] 1053 	ld	d, #0x00
    000003BC 19               [ 8] 1054 	add	hl, de
    000003BD 7E               [ 8] 1055 	ld	a, (hl)
    000003BE 3D               [ 4] 1056 	dec	a
    000003BF 20 06            [12] 1057 	jr	NZ, 00102$
                                   1058 ;src/main.c:299: t = GRASS_TILE;
    000003C1 F8 00            [12] 1059 	ldhl	sp,	#0
    000003C3 36 26            [12] 1060 	ld	(hl), #0x26
                                   1061 ;src/main.c:300: break; // tile 1 — small grass
    000003C5 18 04            [12] 1062 	jr	00103$
                                   1063 ;src/main.c:301: default:
    000003C7                       1064 00102$:
                                   1065 ;src/main.c:302: t = EMPTY_TILE;
    000003C7 F8 00            [12] 1066 	ldhl	sp,	#0
    000003C9 36 25            [12] 1067 	ld	(hl), #0x25
                                   1068 ;src/main.c:304: }
    000003CB                       1069 00103$:
                                   1070 ;src/main.c:307: set_bkg_tiles(GRID_ORIGIN_X + x, GRID_ORIGIN_Y + y, 1, 1, &t);
    000003CB 21 00 00         [12] 1071 	ld	hl, #0
    000003CE 39               [ 8] 1072 	add	hl, sp
    000003CF E5               [16] 1073 	push	hl
    000003D0 21 01 01         [12] 1074 	ld	hl, #0x101
    000003D3 E5               [16] 1075 	push	hl
    000003D4 C5               [16] 1076 	push	bc
    000003D5 33               [ 8] 1077 	inc	sp
    000003D6 F8 06            [12] 1078 	ldhl	sp,	#6
    000003D8 7E               [ 8] 1079 	ld	a, (hl)
    000003D9 F5               [16] 1080 	push	af
    000003DA 33               [ 8] 1081 	inc	sp
    000003DB CDr00r00         [24] 1082 	call	_set_bkg_tiles
    000003DE E8 06            [16] 1083 	add	sp, #6
                                   1084 ;src/main.c:290: for (uint8_t x = 0; x < GRID_SIZE; x++)
    000003E0 F8 01            [12] 1085 	ldhl	sp,	#1
    000003E2 34               [12] 1086 	inc	(hl)
    000003E3 18 BE            [12] 1087 	jr	00107$
    000003E5                       1088 00111$:
                                   1089 ;src/main.c:288: for (uint8_t y = 0; y < GRID_SIZE; y++)
    000003E5 04               [ 4] 1090 	inc	b
    000003E6 18 B2            [12] 1091 	jr	00110$
    000003E8                       1092 00112$:
                                   1093 ;src/main.c:310: }
    000003E8 33               [ 8] 1094 	inc	sp
    000003E9 33               [ 8] 1095 	inc	sp
    000003EA C9               [16] 1096 	ret
                                   1097 ;src/main.c:320: void draw_cursor(void)
                                   1098 ;	---------------------------------
                                   1099 ; Function draw_cursor
                                   1100 ; ---------------------------------
    000003EB                       1101 _draw_cursor::
                                   1102 ;src/main.c:324: (GRID_ORIGIN_Y + cursor_y) * 8 + 16);
    000003EB FAr02r01         [16] 1103 	ld	a, (_cursor_y)
    000003EE 87               [ 4] 1104 	add	a, a
    000003EF 87               [ 4] 1105 	add	a, a
    000003F0 87               [ 4] 1106 	add	a, a
    000003F1 C6 10            [ 8] 1107 	add	a, #0x10
    000003F3 47               [ 4] 1108 	ld	b, a
                                   1109 ;src/main.c:323: move_sprite(4, (GRID_ORIGIN_X + cursor_x) * 8 + 8,
    000003F4 FAr01r01         [16] 1110 	ld	a, (_cursor_x)
    000003F7 87               [ 4] 1111 	add	a, a
    000003F8 87               [ 4] 1112 	add	a, a
    000003F9 87               [ 4] 1113 	add	a, a
    000003FA C6 08            [ 8] 1114 	add	a, #0x08
    000003FC 4F               [ 4] 1115 	ld	c, a
                                   1116 ;/Users/apple/gbdk/include/gb/gb.h:1973: OAM_item_t * itm = &shadow_OAM[nb];
    000003FD 21r10r00         [12] 1117 	ld	hl, #(_shadow_OAM + 16)
                                   1118 ;/Users/apple/gbdk/include/gb/gb.h:1974: itm->y=y, itm->x=x;
    00000400 78               [ 4] 1119 	ld	a, b
    00000401 22               [ 8] 1120 	ld	(hl+), a
    00000402 71               [ 8] 1121 	ld	(hl), c
                                   1122 ;src/main.c:324: (GRID_ORIGIN_Y + cursor_y) * 8 + 16);
                                   1123 ;src/main.c:325: }
    00000403 C9               [16] 1124 	ret
                                   1125 ;src/main.c:334: uint8_t handle_input(void)
                                   1126 ;	---------------------------------
                                   1127 ; Function handle_input
                                   1128 ; ---------------------------------
    00000404                       1129 _handle_input::
                                   1130 ;src/main.c:336: uint8_t keys = joypad();
    00000404 CDr00r00         [24] 1131 	call	_joypad
    00000407 4F               [ 4] 1132 	ld	c, a
                                   1133 ;src/main.c:337: uint8_t moved = 0;
    00000408 06 00            [ 8] 1134 	ld	b, #0x00
                                   1135 ;src/main.c:339: if (input_timer == 0)
    0000040A FAr03r01         [16] 1136 	ld	a, (#_input_timer)
    0000040D B7               [ 4] 1137 	or	a, a
    0000040E 20 4B            [12] 1138 	jr	NZ, 00119$
                                   1139 ;src/main.c:341: if ((keys & J_RIGHT) && cursor_x < GRID_SIZE - 1)
    00000410 CB 41            [ 8] 1140 	bit	0, c
    00000412 28 0D            [12] 1141 	jr	Z, 00113$
    00000414 21r01r01         [12] 1142 	ld	hl, #_cursor_x
    00000417 7E               [ 8] 1143 	ld	a, (hl)
    00000418 D6 0E            [ 8] 1144 	sub	a, #0x0e
    0000041A 30 05            [12] 1145 	jr	NC, 00113$
                                   1146 ;src/main.c:343: cursor_x++;
    0000041C 34               [12] 1147 	inc	(hl)
                                   1148 ;src/main.c:344: moved = 1;
    0000041D 06 01            [ 8] 1149 	ld	b, #0x01
    0000041F 18 2F            [12] 1150 	jr	00114$
    00000421                       1151 00113$:
                                   1152 ;src/main.c:346: else if ((keys & J_LEFT) && cursor_x > 0)
    00000421 CB 49            [ 8] 1153 	bit	1, c
    00000423 28 0C            [12] 1154 	jr	Z, 00109$
    00000425 21r01r01         [12] 1155 	ld	hl, #_cursor_x
    00000428 7E               [ 8] 1156 	ld	a, (hl)
    00000429 B7               [ 4] 1157 	or	a, a
    0000042A 28 05            [12] 1158 	jr	Z, 00109$
                                   1159 ;src/main.c:348: cursor_x--;
    0000042C 35               [12] 1160 	dec	(hl)
                                   1161 ;src/main.c:349: moved = 1;
    0000042D 06 01            [ 8] 1162 	ld	b, #0x01
    0000042F 18 1F            [12] 1163 	jr	00114$
    00000431                       1164 00109$:
                                   1165 ;src/main.c:351: else if ((keys & J_DOWN) && cursor_y < GRID_SIZE - 1)
    00000431 CB 59            [ 8] 1166 	bit	3, c
    00000433 28 0D            [12] 1167 	jr	Z, 00105$
    00000435 21r02r01         [12] 1168 	ld	hl, #_cursor_y
    00000438 7E               [ 8] 1169 	ld	a, (hl)
    00000439 D6 0E            [ 8] 1170 	sub	a, #0x0e
    0000043B 30 05            [12] 1171 	jr	NC, 00105$
                                   1172 ;src/main.c:353: cursor_y++;
    0000043D 34               [12] 1173 	inc	(hl)
                                   1174 ;src/main.c:354: moved = 1;
    0000043E 06 01            [ 8] 1175 	ld	b, #0x01
    00000440 18 0E            [12] 1176 	jr	00114$
    00000442                       1177 00105$:
                                   1178 ;src/main.c:356: else if ((keys & J_UP) && cursor_y > 0)
    00000442 CB 51            [ 8] 1179 	bit	2, c
    00000444 28 0A            [12] 1180 	jr	Z, 00114$
    00000446 21r02r01         [12] 1181 	ld	hl, #_cursor_y
    00000449 7E               [ 8] 1182 	ld	a, (hl)
    0000044A B7               [ 4] 1183 	or	a, a
    0000044B 28 03            [12] 1184 	jr	Z, 00114$
                                   1185 ;src/main.c:358: cursor_y--;
    0000044D 35               [12] 1186 	dec	(hl)
                                   1187 ;src/main.c:359: moved = 1;
    0000044E 06 01            [ 8] 1188 	ld	b, #0x01
    00000450                       1189 00114$:
                                   1190 ;src/main.c:362: if (moved)
    00000450 78               [ 4] 1191 	ld	a, b
    00000451 B7               [ 4] 1192 	or	a, a
    00000452 28 0B            [12] 1193 	jr	Z, 00120$
                                   1194 ;src/main.c:363: input_timer = INPUT_DELAY; // arm the repeat delay after a move
    00000454 21r03r01         [12] 1195 	ld	hl, #_input_timer
    00000457 36 0A            [12] 1196 	ld	(hl), #0x0a
    00000459 18 04            [12] 1197 	jr	00120$
    0000045B                       1198 00119$:
                                   1199 ;src/main.c:367: input_timer--; // count down delay, block movement until it hits 0
    0000045B 21r03r01         [12] 1200 	ld	hl, #_input_timer
    0000045E 35               [12] 1201 	dec	(hl)
    0000045F                       1202 00120$:
                                   1203 ;src/main.c:372: if (!(keys & (J_RIGHT | J_LEFT | J_UP | J_DOWN)))
    0000045F 79               [ 4] 1204 	ld	a, c
                                   1205 ;src/main.c:374: input_timer = 0;
    00000460 E6 0F            [ 8] 1206 	and	a,#0x0f
    00000462 20 03            [12] 1207 	jr	NZ, 00122$
    00000464 EAr03r01         [16] 1208 	ld	(#_input_timer),a
    00000467                       1209 00122$:
                                   1210 ;src/main.c:377: return moved;
    00000467 78               [ 4] 1211 	ld	a, b
                                   1212 ;src/main.c:378: }
    00000468 C9               [16] 1213 	ret
                                   1214 ;src/main.c:383: void performantdelay(UINT8 numloops)
                                   1215 ;	---------------------------------
                                   1216 ; Function performantdelay
                                   1217 ; ---------------------------------
    00000469                       1218 _performantdelay::
    00000469 4F               [ 4] 1219 	ld	c, a
                                   1220 ;src/main.c:386: for (ii = 0; ii < numloops; ii++)
    0000046A 06 00            [ 8] 1221 	ld	b, #0x00
    0000046C                       1222 00103$:
    0000046C 78               [ 4] 1223 	ld	a, b
    0000046D 91               [ 4] 1224 	sub	a, c
    0000046E D0               [20] 1225 	ret	NC
                                   1226 ;src/main.c:388: wait_vbl_done();
    0000046F CDr00r00         [24] 1227 	call	_wait_vbl_done
                                   1228 ;src/main.c:386: for (ii = 0; ii < numloops; ii++)
    00000472 04               [ 4] 1229 	inc	b
                                   1230 ;src/main.c:390: }
    00000473 18 F7            [12] 1231 	jr	00103$
                                   1232 ;src/main.c:392: void fadeout(void)
                                   1233 ;	---------------------------------
                                   1234 ; Function fadeout
                                   1235 ; ---------------------------------
    00000475                       1236 _fadeout::
                                   1237 ;src/main.c:395: for (i = 0; i < 4; i++)
    00000475 AF               [ 4] 1238 	xor	a, a
    00000476 EAr10r00         [16] 1239 	ld	(#_i),a
    00000479                       1240 00107$:
                                   1241 ;src/main.c:397: switch (i)
    00000479 3E 03            [ 8] 1242 	ld	a, #0x03
    0000047B 21r10r00         [12] 1243 	ld	hl, #_i
    0000047E 96               [ 8] 1244 	sub	a, (hl)
    0000047F 38 2B            [12] 1245 	jr	C, 00105$
    00000481 4E               [ 8] 1246 	ld	c, (hl)
    00000482 06 00            [ 8] 1247 	ld	b, #0x00
    00000484 21r8Er04         [12] 1248 	ld	hl, #00125$
    00000487 09               [ 8] 1249 	add	hl, bc
    00000488 09               [ 8] 1250 	add	hl, bc
    00000489 4E               [ 8] 1251 	ld	c, (hl)
    0000048A 23               [ 8] 1252 	inc	hl
    0000048B 66               [ 8] 1253 	ld	h, (hl)
    0000048C 69               [ 4] 1254 	ld	l, c
    0000048D E9               [ 4] 1255 	jp	(hl)
    0000048E                       1256 00125$:
    0000048Er96r04                 1257 	.dw	00101$
    00000490r9Cr04                 1258 	.dw	00102$
    00000492rA2r04                 1259 	.dw	00103$
    00000494rA8r04                 1260 	.dw	00104$
                                   1261 ;src/main.c:399: case 0:
    00000496                       1262 00101$:
                                   1263 ;src/main.c:400: BGP_REG = 0xE4;
    00000496 3E E4            [ 8] 1264 	ld	a, #0xe4
    00000498 E0r00            [12] 1265 	ldh	(_BGP_REG + 0), a
                                   1266 ;src/main.c:401: break;
    0000049A 18 10            [12] 1267 	jr	00105$
                                   1268 ;src/main.c:402: case 1:
    0000049C                       1269 00102$:
                                   1270 ;src/main.c:403: BGP_REG = 0xF9;
    0000049C 3E F9            [ 8] 1271 	ld	a, #0xf9
    0000049E E0r00            [12] 1272 	ldh	(_BGP_REG + 0), a
                                   1273 ;src/main.c:404: break;
    000004A0 18 0A            [12] 1274 	jr	00105$
                                   1275 ;src/main.c:405: case 2:
    000004A2                       1276 00103$:
                                   1277 ;src/main.c:406: BGP_REG = 0xFE;
    000004A2 3E FE            [ 8] 1278 	ld	a, #0xfe
    000004A4 E0r00            [12] 1279 	ldh	(_BGP_REG + 0), a
                                   1280 ;src/main.c:407: break;
    000004A6 18 04            [12] 1281 	jr	00105$
                                   1282 ;src/main.c:408: case 3:
    000004A8                       1283 00104$:
                                   1284 ;src/main.c:409: BGP_REG = 0xFF;
    000004A8 3E FF            [ 8] 1285 	ld	a, #0xff
    000004AA E0r00            [12] 1286 	ldh	(_BGP_REG + 0), a
                                   1287 ;src/main.c:411: }
    000004AC                       1288 00105$:
                                   1289 ;src/main.c:412: performantdelay(10);
    000004AC 3E 0A            [ 8] 1290 	ld	a, #0x0a
    000004AE CDr69r04         [24] 1291 	call	_performantdelay
                                   1292 ;src/main.c:395: for (i = 0; i < 4; i++)
    000004B1 21r10r00         [12] 1293 	ld	hl, #_i
    000004B4 34               [12] 1294 	inc	(hl)
    000004B5 7E               [ 8] 1295 	ld	a, (hl)
    000004B6 D6 04            [ 8] 1296 	sub	a, #0x04
    000004B8 38 BF            [12] 1297 	jr	C, 00107$
                                   1298 ;src/main.c:414: }
    000004BA C9               [16] 1299 	ret
                                   1300 ;src/main.c:416: void fadein(void)
                                   1301 ;	---------------------------------
                                   1302 ; Function fadein
                                   1303 ; ---------------------------------
    000004BB                       1304 _fadein::
                                   1305 ;src/main.c:419: for (i = 0; i < 3; i++)
    000004BB AF               [ 4] 1306 	xor	a, a
    000004BC EAr10r00         [16] 1307 	ld	(#_i),a
    000004BF                       1308 00106$:
                                   1309 ;src/main.c:421: switch (i)
    000004BF FAr10r00         [16] 1310 	ld	a, (#_i)
    000004C2 B7               [ 4] 1311 	or	a, a
    000004C3 28 0F            [12] 1312 	jr	Z, 00101$
    000004C5 FAr10r00         [16] 1313 	ld	a, (#_i)
    000004C8 3D               [ 4] 1314 	dec	a
    000004C9 28 0F            [12] 1315 	jr	Z, 00102$
    000004CB FAr10r00         [16] 1316 	ld	a, (#_i)
    000004CE D6 02            [ 8] 1317 	sub	a, #0x02
    000004D0 28 0E            [12] 1318 	jr	Z, 00103$
    000004D2 18 10            [12] 1319 	jr	00104$
                                   1320 ;src/main.c:423: case 0:
    000004D4                       1321 00101$:
                                   1322 ;src/main.c:424: BGP_REG = 0xFE;
    000004D4 3E FE            [ 8] 1323 	ld	a, #0xfe
    000004D6 E0r00            [12] 1324 	ldh	(_BGP_REG + 0), a
                                   1325 ;src/main.c:425: break;
    000004D8 18 0A            [12] 1326 	jr	00104$
                                   1327 ;src/main.c:426: case 1:
    000004DA                       1328 00102$:
                                   1329 ;src/main.c:427: BGP_REG = 0xF9;
    000004DA 3E F9            [ 8] 1330 	ld	a, #0xf9
    000004DC E0r00            [12] 1331 	ldh	(_BGP_REG + 0), a
                                   1332 ;src/main.c:428: break;
    000004DE 18 04            [12] 1333 	jr	00104$
                                   1334 ;src/main.c:429: case 2:
    000004E0                       1335 00103$:
                                   1336 ;src/main.c:430: BGP_REG = 0xE4;
    000004E0 3E E4            [ 8] 1337 	ld	a, #0xe4
    000004E2 E0r00            [12] 1338 	ldh	(_BGP_REG + 0), a
                                   1339 ;src/main.c:432: }
    000004E4                       1340 00104$:
                                   1341 ;src/main.c:433: performantdelay(10);
    000004E4 3E 0A            [ 8] 1342 	ld	a, #0x0a
    000004E6 CDr69r04         [24] 1343 	call	_performantdelay
                                   1344 ;src/main.c:419: for (i = 0; i < 3; i++)
    000004E9 21r10r00         [12] 1345 	ld	hl, #_i
    000004EC 34               [12] 1346 	inc	(hl)
    000004ED 7E               [ 8] 1347 	ld	a, (hl)
    000004EE D6 03            [ 8] 1348 	sub	a, #0x03
    000004F0 38 CD            [12] 1349 	jr	C, 00106$
                                   1350 ;src/main.c:435: }
    000004F2 C9               [16] 1351 	ret
                                   1352 ;src/main.c:441: void setupPlayer(void)
                                   1353 ;	---------------------------------
                                   1354 ; Function setupPlayer
                                   1355 ; ---------------------------------
    000004F3                       1356 _setupPlayer::
                                   1357 ;src/main.c:446: player.x = 104;
    000004F3 21r04r00         [12] 1358 	ld	hl, #(_player + 4)
                                   1359 ;src/main.c:447: player.y = 16;
    000004F6 3E 68            [ 8] 1360 	ld	a, #0x68
    000004F8 22               [ 8] 1361 	ld	(hl+), a
                                   1362 ;src/main.c:448: player.width = 16;
    000004F9 3E 10            [ 8] 1363 	ld	a, #0x10
    000004FB 22               [ 8] 1364 	ld	(hl+), a
    000004FC 36 10            [12] 1365 	ld	(hl), #0x10
                                   1366 ;src/main.c:449: player.height = 16;
    000004FE 21r07r00         [12] 1367 	ld	hl, #_player + 7
    00000501 36 10            [12] 1368 	ld	(hl), #0x10
                                   1369 ;src/main.c:454: player.spriteids[0] = 0;
    00000503 21r00r00         [12] 1370 	ld	hl, #_player
                                   1371 ;src/main.c:455: player.spriteids[1] = 1;
    00000506 AF               [ 4] 1372 	xor	a, a
    00000507 22               [ 8] 1373 	ld	(hl+), a
    00000508 36 01            [12] 1374 	ld	(hl), #0x01
                                   1375 ;src/main.c:456: player.spriteids[2] = 2;
    0000050A 21r02r00         [12] 1376 	ld	hl, #_player + 2
    0000050D 36 02            [12] 1377 	ld	(hl), #0x02
                                   1378 ;src/main.c:457: player.spriteids[3] = 3;
    0000050F 21r03r00         [12] 1379 	ld	hl, #_player + 3
    00000512 36 03            [12] 1380 	ld	(hl), #0x03
                                   1381 ;src/main.c:460: player_anim_init(&player_anim);
    00000514 11rF4r00         [12] 1382 	ld	de, #_player_anim+0
    00000517 D5               [16] 1383 	push	de
    00000518 CDr38r01         [24] 1384 	call	_player_anim_init
    0000051B D1               [12] 1385 	pop	de
                                   1386 ;src/main.c:461: player_anim_apply(&player_anim);
    0000051C CDr6Dr01         [24] 1387 	call	_player_anim_apply
                                   1388 ;src/main.c:464: OBP0_REG = 0xE4;
    0000051F 3E E4            [ 8] 1389 	ld	a, #0xe4
    00000521 E0r00            [12] 1390 	ldh	(_OBP0_REG + 0), a
                                   1391 ;src/main.c:467: movegamecharacter(&player, player.x, player.y);
    00000523 21r05r00         [12] 1392 	ld	hl, #(_player + 5)
    00000526 46               [ 8] 1393 	ld	b, (hl)
    00000527 FAr04r00         [16] 1394 	ld	a, (#(_player + 4) + 0)
    0000052A C5               [16] 1395 	push	bc
    0000052B 33               [ 8] 1396 	inc	sp
    0000052C 11r00r00         [12] 1397 	ld	de, #_player
    0000052F CDr33r05         [24] 1398 	call	_movegamecharacter
                                   1399 ;src/main.c:468: }
    00000532 C9               [16] 1400 	ret
                                   1401 ;src/main.c:470: void movegamecharacter(struct GameCharacter *character, UINT8 x, UINT8 y)
                                   1402 ;	---------------------------------
                                   1403 ; Function movegamecharacter
                                   1404 ; ---------------------------------
    00000533                       1405 _movegamecharacter::
    00000533 3B               [ 8] 1406 	dec	sp
    00000534 F8 00            [12] 1407 	ldhl	sp,	#0
    00000536 77               [ 8] 1408 	ld	(hl), a
                                   1409 ;src/main.c:473: move_sprite(character->spriteids[0], x, y);
    00000537 1A               [ 8] 1410 	ld	a, (de)
    00000538 4F               [ 4] 1411 	ld	c, a
                                   1412 ;/Users/apple/gbdk/include/gb/gb.h:1973: OAM_item_t * itm = &shadow_OAM[nb];
    00000539 AF               [ 4] 1413 	xor	a, a
    0000053A 69               [ 4] 1414 	ld	l, c
    0000053B 67               [ 4] 1415 	ld	h, a
    0000053C 29               [ 8] 1416 	add	hl, hl
    0000053D 29               [ 8] 1417 	add	hl, hl
    0000053E 01r00r00         [12] 1418 	ld	bc, #_shadow_OAM
    00000541 09               [ 8] 1419 	add	hl, bc
    00000542 4D               [ 4] 1420 	ld	c, l
    00000543 44               [ 4] 1421 	ld	b, h
                                   1422 ;/Users/apple/gbdk/include/gb/gb.h:1974: itm->y=y, itm->x=x;
    00000544 F8 03            [12] 1423 	ldhl	sp,	#3
    00000546 7E               [ 8] 1424 	ld	a, (hl)
    00000547 02               [ 8] 1425 	ld	(bc), a
    00000548 03               [ 8] 1426 	inc	bc
    00000549 F8 00            [12] 1427 	ldhl	sp,	#0
    0000054B 7E               [ 8] 1428 	ld	a, (hl)
    0000054C 02               [ 8] 1429 	ld	(bc), a
                                   1430 ;src/main.c:474: move_sprite(character->spriteids[1], x + spritesize, y);
    0000054D 7E               [ 8] 1431 	ld	a, (hl)
    0000054E 21r00r01         [12] 1432 	ld	hl, #_spritesize
    00000551 86               [ 8] 1433 	add	a, (hl)
    00000552 4F               [ 4] 1434 	ld	c, a
    00000553 6B               [ 4] 1435 	ld	l, e
    00000554 62               [ 4] 1436 	ld	h, d
    00000555 23               [ 8] 1437 	inc	hl
    00000556 46               [ 8] 1438 	ld	b, (hl)
                                   1439 ;/Users/apple/gbdk/include/gb/gb.h:1973: OAM_item_t * itm = &shadow_OAM[nb];
    00000557 AF               [ 4] 1440 	xor	a, a
    00000558 68               [ 4] 1441 	ld	l, b
    00000559 67               [ 4] 1442 	ld	h, a
    0000055A 29               [ 8] 1443 	add	hl, hl
    0000055B 29               [ 8] 1444 	add	hl, hl
    0000055C D5               [16] 1445 	push	de
    0000055D 11r00r00         [12] 1446 	ld	de, #_shadow_OAM
    00000560 19               [ 8] 1447 	add	hl, de
    00000561 D1               [12] 1448 	pop	de
                                   1449 ;/Users/apple/gbdk/include/gb/gb.h:1974: itm->y=y, itm->x=x;
    00000562 E5               [16] 1450 	push	hl
    00000563 F8 05            [12] 1451 	ldhl	sp,	#5
    00000565 7E               [ 8] 1452 	ld	a, (hl)
    00000566 E1               [12] 1453 	pop	hl
    00000567 22               [ 8] 1454 	ld	(hl+), a
    00000568 71               [ 8] 1455 	ld	(hl), c
                                   1456 ;src/main.c:475: move_sprite(character->spriteids[2], x, y + spritesize);
    00000569 F8 03            [12] 1457 	ldhl	sp,	#3
    0000056B 7E               [ 8] 1458 	ld	a, (hl)
    0000056C 21r00r01         [12] 1459 	ld	hl, #_spritesize
    0000056F 86               [ 8] 1460 	add	a, (hl)
    00000570 4F               [ 4] 1461 	ld	c, a
    00000571 6B               [ 4] 1462 	ld	l, e
    00000572 62               [ 4] 1463 	ld	h, d
    00000573 23               [ 8] 1464 	inc	hl
    00000574 23               [ 8] 1465 	inc	hl
    00000575 46               [ 8] 1466 	ld	b, (hl)
                                   1467 ;/Users/apple/gbdk/include/gb/gb.h:1973: OAM_item_t * itm = &shadow_OAM[nb];
    00000576 AF               [ 4] 1468 	xor	a, a
    00000577 68               [ 4] 1469 	ld	l, b
    00000578 67               [ 4] 1470 	ld	h, a
    00000579 29               [ 8] 1471 	add	hl, hl
    0000057A 29               [ 8] 1472 	add	hl, hl
    0000057B D5               [16] 1473 	push	de
    0000057C 11r00r00         [12] 1474 	ld	de, #_shadow_OAM
    0000057F 19               [ 8] 1475 	add	hl, de
    00000580 D1               [12] 1476 	pop	de
                                   1477 ;/Users/apple/gbdk/include/gb/gb.h:1974: itm->y=y, itm->x=x;
    00000581 79               [ 4] 1478 	ld	a, c
    00000582 22               [ 8] 1479 	ld	(hl+), a
    00000583 4D               [ 4] 1480 	ld	c, l
    00000584 44               [ 4] 1481 	ld	b, h
    00000585 F8 00            [12] 1482 	ldhl	sp,	#0
    00000587 7E               [ 8] 1483 	ld	a, (hl)
    00000588 02               [ 8] 1484 	ld	(bc), a
                                   1485 ;src/main.c:476: move_sprite(character->spriteids[3], x + spritesize, y + spritesize);
    00000589 F8 03            [12] 1486 	ldhl	sp,	#3
    0000058B 7E               [ 8] 1487 	ld	a, (hl)
    0000058C 21r00r01         [12] 1488 	ld	hl, #_spritesize
    0000058F 86               [ 8] 1489 	add	a, (hl)
    00000590 47               [ 4] 1490 	ld	b, a
    00000591 F8 00            [12] 1491 	ldhl	sp,	#0
    00000593 7E               [ 8] 1492 	ld	a, (hl)
    00000594 21r00r01         [12] 1493 	ld	hl, #_spritesize
    00000597 86               [ 8] 1494 	add	a, (hl)
    00000598 4F               [ 4] 1495 	ld	c, a
    00000599 13               [ 8] 1496 	inc	de
    0000059A 13               [ 8] 1497 	inc	de
    0000059B 13               [ 8] 1498 	inc	de
    0000059C 1A               [ 8] 1499 	ld	a, (de)
                                   1500 ;/Users/apple/gbdk/include/gb/gb.h:1973: OAM_item_t * itm = &shadow_OAM[nb];
    0000059D 6F               [ 4] 1501 	ld	l, a
    0000059E 26 00            [ 8] 1502 	ld	h, #0x00
    000005A0 29               [ 8] 1503 	add	hl, hl
    000005A1 29               [ 8] 1504 	add	hl, hl
    000005A2 11r00r00         [12] 1505 	ld	de, #_shadow_OAM
    000005A5 19               [ 8] 1506 	add	hl, de
                                   1507 ;/Users/apple/gbdk/include/gb/gb.h:1974: itm->y=y, itm->x=x;
    000005A6 70               [ 8] 1508 	ld	(hl), b
    000005A7 23               [ 8] 1509 	inc	hl
    000005A8 71               [ 8] 1510 	ld	(hl), c
                                   1511 ;src/main.c:476: move_sprite(character->spriteids[3], x + spritesize, y + spritesize);
                                   1512 ;src/main.c:477: }
    000005A9 33               [ 8] 1513 	inc	sp
    000005AA E1               [12] 1514 	pop	hl
    000005AB 33               [ 8] 1515 	inc	sp
    000005AC E9               [ 4] 1516 	jp	(hl)
                                   1517 ;src/main.c:482: static uint8_t is_walkable(uint8_t x, uint8_t y) {
                                   1518 ;	---------------------------------
                                   1519 ; Function is_walkable
                                   1520 ; ---------------------------------
    000005AD                       1521 _is_walkable:
    000005AD 47               [ 4] 1522 	ld	b, a
    000005AE 4B               [ 4] 1523 	ld	c, e
                                   1524 ;src/main.c:483: return grid[x][y].type == TILE_GRASS;
    000005AF 58               [ 4] 1525 	ld	e, b
    000005B0 16 00            [ 8] 1526 	ld	d, #0x00
    000005B2 6B               [ 4] 1527 	ld	l, e
    000005B3 62               [ 4] 1528 	ld	h, d
    000005B4 29               [ 8] 1529 	add	hl, hl
    000005B5 19               [ 8] 1530 	add	hl, de
    000005B6 29               [ 8] 1531 	add	hl, hl
    000005B7 19               [ 8] 1532 	add	hl, de
    000005B8 29               [ 8] 1533 	add	hl, hl
    000005B9 19               [ 8] 1534 	add	hl, de
    000005BA 11r11r00         [12] 1535 	ld	de, #_grid
    000005BD 19               [ 8] 1536 	add	hl, de
    000005BE 59               [ 4] 1537 	ld	e, c
    000005BF 16 00            [ 8] 1538 	ld	d, #0x00
    000005C1 19               [ 8] 1539 	add	hl, de
    000005C2 7E               [ 8] 1540 	ld	a, (hl)
    000005C3 3D               [ 4] 1541 	dec	a
    000005C4 3E 01            [ 8] 1542 	ld	a, #0x01
    000005C6 C8               [20] 1543 	ret	Z
    000005C7 AF               [ 4] 1544 	xor	a, a
                                   1545 ;src/main.c:484: }
    000005C8 C9               [16] 1546 	ret
                                   1547 ;src/main.c:490: void main(void)
                                   1548 ;	---------------------------------
                                   1549 ; Function main
                                   1550 ; ---------------------------------
    000005C9                       1551 _main::
    000005C9 E8 F4            [16] 1552 	add	sp, #-12
                                   1553 ;src/main.c:492: DISPLAY_OFF;
    000005CB CDr00r00         [24] 1554 	call	_display_off
                                   1555 ;/Users/apple/gbdk/include/gb/gb.h:811: __asm__("di");
    000005CE F3               [ 4] 1556 	di
                                   1557 ;src/main.c:494: gbt_play(song_Data, 2, 7);
    000005CF 3E 07            [ 8] 1558 	ld	a, #0x07
    000005D1 F5               [16] 1559 	push	af
    000005D2 33               [ 8] 1560 	inc	sp
    000005D3 3E 02            [ 8] 1561 	ld	a, #0x02
    000005D5 11r00r00         [12] 1562 	ld	de, #_song_Data
    000005D8 CDr00r00         [24] 1563 	call	_gbt_play
                                   1564 ;src/main.c:495: gbt_loop(1);
    000005DB 3E 01            [ 8] 1565 	ld	a, #0x01
    000005DD CDr00r00         [24] 1566 	call	_gbt_loop
                                   1567 ;src/main.c:496: set_interrupts(VBL_IFLAG);
    000005E0 3E 01            [ 8] 1568 	ld	a, #0x01
    000005E2 CDr00r00         [24] 1569 	call	_set_interrupts
                                   1570 ;/Users/apple/gbdk/include/gb/gb.h:795: __asm__("ei");
    000005E5 FB               [ 4] 1571 	ei
                                   1572 ;src/main.c:503: run_titlescreen();
    000005E6 CDr00r00         [24] 1573 	call	_run_titlescreen
                                   1574 ;src/main.c:504: fadeout();         /* fade to white before reloading VRAM for the game */
    000005E9 CDr75r04         [24] 1575 	call	_fadeout
                                   1576 ;src/main.c:508: font_init();
    000005EC CDr00r00         [24] 1577 	call	_font_init
                                   1578 ;src/main.c:509: font_load(font_min);
    000005EF 11r00r00         [12] 1579 	ld	de, #_font_min
    000005F2 D5               [16] 1580 	push	de
    000005F3 CDr00r00         [24] 1581 	call	_font_load
    000005F6 E1               [12] 1582 	pop	hl
                                   1583 ;src/main.c:512: set_bkg_data(TILE_BASE, 31, Tileset);
    000005F7 11r00r00         [12] 1584 	ld	de, #_Tileset
    000005FA D5               [16] 1585 	push	de
    000005FB 21 25 1F         [12] 1586 	ld	hl, #0x1f25
    000005FE E5               [16] 1587 	push	hl
    000005FF CDr00r00         [24] 1588 	call	_set_bkg_data
    00000602 E8 04            [16] 1589 	add	sp, #4
                                   1590 ;src/main.c:515: set_bkg_data(UI_TILE_BASE, 8, UI_Tiles);
    00000604 11r00r00         [12] 1591 	ld	de, #_UI_Tiles
    00000607 D5               [16] 1592 	push	de
    00000608 21 44 08         [12] 1593 	ld	hl, #0x844
    0000060B E5               [16] 1594 	push	hl
    0000060C CDr00r00         [24] 1595 	call	_set_bkg_data
    0000060F E8 04            [16] 1596 	add	sp, #4
                                   1597 ;src/main.c:518: set_sprite_data(PLAYER_TILE_BASE, 16, Player);
    00000611 11r00r00         [12] 1598 	ld	de, #_Player
    00000614 D5               [16] 1599 	push	de
    00000615 21 4C 10         [12] 1600 	ld	hl, #0x104c
    00000618 E5               [16] 1601 	push	hl
    00000619 CDr00r00         [24] 1602 	call	_set_sprite_data
    0000061C E8 04            [16] 1603 	add	sp, #4
                                   1604 ;src/main.c:520: setupPlayer(); // assign OAM slots 0-3 to VRAM tiles PLAYER_TILE_BASE..+3
    0000061E CDrF3r04         [24] 1605 	call	_setupPlayer
                                   1606 ;src/main.c:525: uint8_t t = EMPTY_TILE;
    00000621 F8 00            [12] 1607 	ldhl	sp,	#0
    00000623 36 25            [12] 1608 	ld	(hl), #0x25
                                   1609 ;src/main.c:526: for (uint8_t y = 0; y < 18; y++)
    00000625 0E 00            [ 8] 1610 	ld	c, #0x00
    00000627                       1611 00178$:
    00000627 79               [ 4] 1612 	ld	a, c
    00000628 D6 12            [ 8] 1613 	sub	a, #0x12
    0000062A 30 1F            [12] 1614 	jr	NC, 00102$
                                   1615 ;src/main.c:527: for (uint8_t x = 0; x < 20; x++)
    0000062C 1E 00            [ 8] 1616 	ld	e, #0x00
    0000062E                       1617 00175$:
    0000062E 7B               [ 4] 1618 	ld	a, e
    0000062F D6 14            [ 8] 1619 	sub	a, #0x14
    00000631 30 15            [12] 1620 	jr	NC, 00179$
                                   1621 ;src/main.c:528: set_bkg_tiles(x, y, 1, 1, &t);
    00000633 D5               [16] 1622 	push	de
    00000634 21 02 00         [12] 1623 	ld	hl, #2
    00000637 39               [ 8] 1624 	add	hl, sp
    00000638 E5               [16] 1625 	push	hl
    00000639 21 01 01         [12] 1626 	ld	hl, #0x101
    0000063C E5               [16] 1627 	push	hl
    0000063D 51               [ 4] 1628 	ld	d, c
    0000063E D5               [16] 1629 	push	de
    0000063F CDr00r00         [24] 1630 	call	_set_bkg_tiles
    00000642 E8 06            [16] 1631 	add	sp, #6
    00000644 D1               [12] 1632 	pop	de
                                   1633 ;src/main.c:527: for (uint8_t x = 0; x < 20; x++)
    00000645 1C               [ 4] 1634 	inc	e
    00000646 18 E6            [12] 1635 	jr	00175$
    00000648                       1636 00179$:
                                   1637 ;src/main.c:526: for (uint8_t y = 0; y < 18; y++)
    00000648 0C               [ 4] 1638 	inc	c
    00000649 18 DC            [12] 1639 	jr	00178$
    0000064B                       1640 00102$:
                                   1641 ;src/main.c:531: init_grid(); // populate grid[][] with TILE_GRASS for each cell
    0000064B CDr47r03         [24] 1642 	call	_init_grid
                                   1643 ;src/main.c:532: draw_grid();
    0000064E CDr96r03         [24] 1644 	call	_draw_grid
                                   1645 ;src/main.c:534: fadein();
    00000651 CDrBBr04         [24] 1646 	call	_fadein
                                   1647 ;/Users/apple/gbdk/include/gb/gb.h:1475: SCX_REG+=x, SCY_REG+=y;
                                   1648 ;src/main.c:537: SHOW_BKG;
    00000654 F0r00            [12] 1649 	ldh	a, (_LCDC_REG + 0)
    00000656 F6 01            [ 8] 1650 	or	a, #0x01
    00000658 E0r00            [12] 1651 	ldh	(_LCDC_REG + 0), a
                                   1652 ;src/main.c:538: SHOW_SPRITES;
    0000065A F0r00            [12] 1653 	ldh	a, (_LCDC_REG + 0)
    0000065C F6 02            [ 8] 1654 	or	a, #0x02
    0000065E E0r00            [12] 1655 	ldh	(_LCDC_REG + 0), a
                                   1656 ;src/main.c:542: init_overlay(); // set up cursor sprite (OAM slot 4, OBP1)
    00000660 CDr6Fr03         [24] 1657 	call	_init_overlay
                                   1658 ;src/main.c:543: draw_cursor();  // draw initial highlight at (0,0)
    00000663 CDrEBr03         [24] 1659 	call	_draw_cursor
                                   1660 ;src/main.c:547: pointer_init(&ui_ptr, POINTER_TILE_BASE, POINTER_OAM_BASE);
    00000666 3E 05            [ 8] 1661 	ld	a, #0x05
    00000668 F5               [16] 1662 	push	af
    00000669 33               [ 8] 1663 	inc	sp
    0000066A 3E 5F            [ 8] 1664 	ld	a, #0x5f
    0000066C 11rF2r00         [12] 1665 	ld	de, #_ui_ptr
    0000066F CDr00r00         [24] 1666 	call	_pointer_init
                                   1667 ;/Users/apple/gbdk/include/gb/gb.h:1739: WX_REG=x, WY_REG=y;
    00000672 3E 07            [ 8] 1668 	ld	a, #0x07
    00000674 E0r00            [12] 1669 	ldh	(_WX_REG + 0), a
    00000676 AF               [ 4] 1670 	xor	a, a
    00000677 E0r00            [12] 1671 	ldh	(_WY_REG + 0), a
                                   1672 ;src/main.c:553: DISPLAY_ON;
    00000679 F0r00            [12] 1673 	ldh	a, (_LCDC_REG + 0)
    0000067B F6 80            [ 8] 1674 	or	a, #0x80
    0000067D E0r00            [12] 1675 	ldh	(_LCDC_REG + 0), a
                                   1676 ;src/main.c:555: while (1)
    0000067F                       1677 00163$:
                                   1678 ;src/main.c:557: wait_vbl_done();
    0000067F CDr00r00         [24] 1679 	call	_wait_vbl_done
                                   1680 ;src/main.c:560: if (ui_anim == UI_ANIM_SHOWING) {
    00000682 FAr07r01         [16] 1681 	ld	a, (#_ui_anim)
    00000685 3D               [ 4] 1682 	dec	a
    00000686 20 32            [12] 1683 	jr	NZ, 00110$
                                   1684 ;src/main.c:561: win_write_row(ui_anim_row++);
    00000688 FAr08r01         [16] 1685 	ld	a, (_ui_anim_row)
    0000068B 4F               [ 4] 1686 	ld	c, a
    0000068C 21r08r01         [12] 1687 	ld	hl, #_ui_anim_row
    0000068F 34               [12] 1688 	inc	(hl)
    00000690 79               [ 4] 1689 	ld	a, c
    00000691 CDrE3r01         [24] 1690 	call	_win_write_row
                                   1691 ;src/main.c:562: if (ui_anim_row >= UIHeight) {
    00000694 FAr08r01         [16] 1692 	ld	a, (#_ui_anim_row)
    00000697 D6 12            [ 8] 1693 	sub	a, #0x12
    00000699 38 5C            [12] 1694 	jr	C, 00111$
                                   1695 ;src/main.c:564: ui_write_text();
    0000069B CDrE1r02         [24] 1696 	call	_ui_write_text
                                   1697 ;src/main.c:565: ui_visible  = 1u;
    0000069E 21r05r01         [12] 1698 	ld	hl, #_ui_visible
    000006A1 36 01            [12] 1699 	ld	(hl), #0x01
                                   1700 ;src/main.c:566: ui_menu_idx = 0u;
    000006A3 AF               [ 4] 1701 	xor	a, a
    000006A4 EAr06r01         [16] 1702 	ld	(#_ui_menu_idx),a
                                   1703 ;src/main.c:567: pointer_move(&ui_ptr, UI_MENU_X, UI_MENU_Y[0u]);
    000006A7 FAr34r02         [16] 1704 	ld	a, (#_UI_MENU_Y + 0)
    000006AA F5               [16] 1705 	push	af
    000006AB 33               [ 8] 1706 	inc	sp
    000006AC 3E 08            [ 8] 1707 	ld	a, #0x08
    000006AE 11rF2r00         [12] 1708 	ld	de, #_ui_ptr
    000006B1 CDr00r00         [24] 1709 	call	_pointer_move
                                   1710 ;src/main.c:568: ui_anim = UI_ANIM_IDLE;
    000006B4 AF               [ 4] 1711 	xor	a, a
    000006B5 EAr07r01         [16] 1712 	ld	(#_ui_anim),a
    000006B8 18 3D            [12] 1713 	jr	00111$
    000006BA                       1714 00110$:
                                   1715 ;src/main.c:570: } else if (ui_anim == UI_ANIM_HIDING) {
    000006BA FAr07r01         [16] 1716 	ld	a, (#_ui_anim)
    000006BD D6 02            [ 8] 1717 	sub	a, #0x02
    000006BF 20 36            [12] 1718 	jr	NZ, 00111$
                                   1719 ;src/main.c:571: win_clear_row(--ui_anim_row);
    000006C1 21r08r01         [12] 1720 	ld	hl, #_ui_anim_row
    000006C4 35               [12] 1721 	dec	(hl)
    000006C5 7E               [ 8] 1722 	ld	a, (hl)
    000006C6 CDr37r02         [24] 1723 	call	_win_clear_row
                                   1724 ;src/main.c:572: if (ui_anim_row == 0u) {
    000006C9 FAr08r01         [16] 1725 	ld	a, (#_ui_anim_row)
    000006CC B7               [ 4] 1726 	or	a, a
    000006CD 20 28            [12] 1727 	jr	NZ, 00111$
                                   1728 ;src/main.c:573: HIDE_WIN;
    000006CF F0r00            [12] 1729 	ldh	a, (_LCDC_REG + 0)
    000006D1 E6 DF            [ 8] 1730 	and	a, #0xdf
    000006D3 E0r00            [12] 1731 	ldh	(_LCDC_REG + 0), a
                                   1732 ;src/main.c:577: player_grid_y * 8 + 16);
    000006D5 FAr0Dr01         [16] 1733 	ld	a, (_player_grid_y)
    000006D8 87               [ 4] 1734 	add	a, a
    000006D9 87               [ 4] 1735 	add	a, a
    000006DA 87               [ 4] 1736 	add	a, a
    000006DB C6 10            [ 8] 1737 	add	a, #0x10
    000006DD 47               [ 4] 1738 	ld	b, a
                                   1739 ;src/main.c:576: player_grid_x * 8 + 8,
    000006DE FAr0Cr01         [16] 1740 	ld	a, (_player_grid_x)
    000006E1 87               [ 4] 1741 	add	a, a
    000006E2 87               [ 4] 1742 	add	a, a
    000006E3 87               [ 4] 1743 	add	a, a
    000006E4 C6 08            [ 8] 1744 	add	a, #0x08
    000006E6 4F               [ 4] 1745 	ld	c, a
                                   1746 ;src/main.c:575: movegamecharacter(&player,
    000006E7 C5               [16] 1747 	push	bc
    000006E8 33               [ 8] 1748 	inc	sp
    000006E9 79               [ 4] 1749 	ld	a, c
    000006EA 11r00r00         [12] 1750 	ld	de, #_player
    000006ED CDr33r05         [24] 1751 	call	_movegamecharacter
                                   1752 ;src/main.c:578: draw_cursor();
    000006F0 CDrEBr03         [24] 1753 	call	_draw_cursor
                                   1754 ;src/main.c:579: ui_anim = UI_ANIM_IDLE;
    000006F3 AF               [ 4] 1755 	xor	a, a
    000006F4 EAr07r01         [16] 1756 	ld	(#_ui_anim),a
    000006F7                       1757 00111$:
                                   1758 ;src/main.c:584: uint8_t keys = joypad();
    000006F7 CDr00r00         [24] 1759 	call	_joypad
    000006FA F8 09            [12] 1760 	ldhl	sp,	#9
    000006FC 77               [ 8] 1761 	ld	(hl), a
                                   1762 ;src/main.c:587: if ((keys & J_SELECT) && !(prev_keys & J_SELECT) &&
    000006FD E5               [16] 1763 	push	hl
    000006FE F8 0B            [12] 1764 	ldhl	sp,	#11
    00000700 CB 76            [12] 1765 	bit	6, (hl)
    00000702 E1               [12] 1766 	pop	hl
    00000703 28 56            [12] 1767 	jr	Z, 00116$
    00000705 FAr04r01         [16] 1768 	ld	a, (_prev_keys)
    00000708 CB 77            [ 8] 1769 	bit	6, a
    0000070A 20 4F            [12] 1770 	jr	NZ, 00116$
                                   1771 ;src/main.c:588: ui_anim == UI_ANIM_IDLE)
    0000070C FAr07r01         [16] 1772 	ld	a, (#_ui_anim)
    0000070F B7               [ 4] 1773 	or	a, a
    00000710 20 49            [12] 1774 	jr	NZ, 00116$
                                   1775 ;src/main.c:590: if (!ui_visible) {
    00000712 FAr05r01         [16] 1776 	ld	a, (#_ui_visible)
    00000715 B7               [ 4] 1777 	or	a, a
    00000716 20 2F            [12] 1778 	jr	NZ, 00113$
                                   1779 ;/Users/apple/gbdk/include/gb/gb.h:1973: OAM_item_t * itm = &shadow_OAM[nb];
    00000718 21r00r00         [12] 1780 	ld	hl, #_shadow_OAM
                                   1781 ;/Users/apple/gbdk/include/gb/gb.h:1974: itm->y=y, itm->x=x;
    0000071B AF               [ 4] 1782 	xor	a, a
    0000071C 22               [ 8] 1783 	ld	(hl+), a
    0000071D 77               [ 8] 1784 	ld	(hl), a
                                   1785 ;/Users/apple/gbdk/include/gb/gb.h:1973: OAM_item_t * itm = &shadow_OAM[nb];
    0000071E 21r04r00         [12] 1786 	ld	hl, #(_shadow_OAM + 4)
                                   1787 ;/Users/apple/gbdk/include/gb/gb.h:1974: itm->y=y, itm->x=x;
    00000721 AF               [ 4] 1788 	xor	a, a
    00000722 22               [ 8] 1789 	ld	(hl+), a
    00000723 77               [ 8] 1790 	ld	(hl), a
                                   1791 ;/Users/apple/gbdk/include/gb/gb.h:1973: OAM_item_t * itm = &shadow_OAM[nb];
    00000724 21r08r00         [12] 1792 	ld	hl, #(_shadow_OAM + 8)
                                   1793 ;/Users/apple/gbdk/include/gb/gb.h:1974: itm->y=y, itm->x=x;
    00000727 AF               [ 4] 1794 	xor	a, a
    00000728 22               [ 8] 1795 	ld	(hl+), a
    00000729 77               [ 8] 1796 	ld	(hl), a
                                   1797 ;/Users/apple/gbdk/include/gb/gb.h:1973: OAM_item_t * itm = &shadow_OAM[nb];
    0000072A 21r0Cr00         [12] 1798 	ld	hl, #(_shadow_OAM + 12)
                                   1799 ;/Users/apple/gbdk/include/gb/gb.h:1974: itm->y=y, itm->x=x;
    0000072D AF               [ 4] 1800 	xor	a, a
    0000072E 22               [ 8] 1801 	ld	(hl+), a
    0000072F 77               [ 8] 1802 	ld	(hl), a
                                   1803 ;/Users/apple/gbdk/include/gb/gb.h:1973: OAM_item_t * itm = &shadow_OAM[nb];
    00000730 21r10r00         [12] 1804 	ld	hl, #(_shadow_OAM + 16)
                                   1805 ;/Users/apple/gbdk/include/gb/gb.h:1974: itm->y=y, itm->x=x;
    00000733 AF               [ 4] 1806 	xor	a, a
    00000734 22               [ 8] 1807 	ld	(hl+), a
    00000735 77               [ 8] 1808 	ld	(hl), a
                                   1809 ;src/main.c:598: SHOW_WIN;
    00000736 F0r00            [12] 1810 	ldh	a, (_LCDC_REG + 0)
    00000738 F6 20            [ 8] 1811 	or	a, #0x20
    0000073A E0r00            [12] 1812 	ldh	(_LCDC_REG + 0), a
                                   1813 ;src/main.c:599: ui_anim     = UI_ANIM_SHOWING;
    0000073C 21r07r01         [12] 1814 	ld	hl, #_ui_anim
    0000073F 36 01            [12] 1815 	ld	(hl), #0x01
                                   1816 ;src/main.c:600: ui_anim_row = 0u;
    00000741 AF               [ 4] 1817 	xor	a, a
    00000742 EAr08r01         [16] 1818 	ld	(#_ui_anim_row),a
    00000745 18 14            [12] 1819 	jr	00116$
    00000747                       1820 00113$:
                                   1821 ;src/main.c:603: pointer_hide(&ui_ptr);
    00000747 11rF2r00         [12] 1822 	ld	de, #_ui_ptr
    0000074A CDr00r00         [24] 1823 	call	_pointer_hide
                                   1824 ;src/main.c:604: ui_visible  = 0u;
    0000074D AF               [ 4] 1825 	xor	a, a
    0000074E EAr05r01         [16] 1826 	ld	(#_ui_visible),a
                                   1827 ;src/main.c:605: ui_anim     = UI_ANIM_HIDING;
    00000751 21r07r01         [12] 1828 	ld	hl, #_ui_anim
    00000754 36 02            [12] 1829 	ld	(hl), #0x02
                                   1830 ;src/main.c:606: ui_anim_row = UIHeight;
    00000756 21r08r01         [12] 1831 	ld	hl, #_ui_anim_row
    00000759 36 12            [12] 1832 	ld	(hl), #0x12
    0000075B                       1833 00116$:
                                   1834 ;src/main.c:587: if ((keys & J_SELECT) && !(prev_keys & J_SELECT) &&
    0000075B FAr04r01         [16] 1835 	ld	a, (_prev_keys)
    0000075E 4F               [ 4] 1836 	ld	c, a
                                   1837 ;src/main.c:629: if ((keys & J_A) && !(prev_keys & J_A))
    0000075F F8 09            [12] 1838 	ldhl	sp,	#9
    00000761 2A               [ 8] 1839 	ld	a, (hl+)
    00000762 E6 10            [ 8] 1840 	and	a, #0x10
    00000764 22               [ 8] 1841 	ld	(hl+), a
    00000765 36 00            [12] 1842 	ld	(hl), #0x00
                                   1843 ;src/main.c:610: if (ui_visible)
    00000767 21r05r01         [12] 1844 	ld	hl, #_ui_visible
    0000076A 7E               [ 8] 1845 	ld	a, (hl)
    0000076B B7               [ 4] 1846 	or	a, a
    0000076C 28 69            [12] 1847 	jr	Z, 00143$
                                   1848 ;src/main.c:547: pointer_init(&ui_ptr, POINTER_TILE_BASE, POINTER_OAM_BASE);
                                   1849 ;src/main.c:613: if ((keys & J_UP) && !(prev_keys & J_UP))
    0000076E E5               [16] 1850 	push	hl
    0000076F F8 0B            [12] 1851 	ldhl	sp,	#11
    00000771 CB 56            [12] 1852 	bit	2, (hl)
    00000773 E1               [12] 1853 	pop	hl
    00000774 28 20            [12] 1854 	jr	Z, 00122$
    00000776 CB 51            [ 8] 1855 	bit	2, c
    00000778 20 1C            [12] 1856 	jr	NZ, 00122$
                                   1857 ;src/main.c:615: if (ui_menu_idx > 0)
    0000077A 21r06r01         [12] 1858 	ld	hl, #_ui_menu_idx
    0000077D 7E               [ 8] 1859 	ld	a, (hl)
    0000077E B7               [ 4] 1860 	or	a, a
    0000077F 28 15            [12] 1861 	jr	Z, 00122$
                                   1862 ;src/main.c:617: ui_menu_idx--;
    00000781 35               [12] 1863 	dec	(hl)
                                   1864 ;src/main.c:618: pointer_move(&ui_ptr, UI_MENU_X, UI_MENU_Y[ui_menu_idx]);
    00000782 3Er34            [ 8] 1865 	ld	a, #<(_UI_MENU_Y)
    00000784 86               [ 8] 1866 	add	a, (hl)
    00000785 4F               [ 4] 1867 	ld	c, a
    00000786 3Es02            [ 8] 1868 	ld	a, #>(_UI_MENU_Y)
    00000788 CE 00            [ 8] 1869 	adc	a, #0x00
    0000078A 47               [ 4] 1870 	ld	b, a
    0000078B 0A               [ 8] 1871 	ld	a, (bc)
    0000078C F5               [16] 1872 	push	af
    0000078D 33               [ 8] 1873 	inc	sp
    0000078E 3E 08            [ 8] 1874 	ld	a, #0x08
    00000790 11rF2r00         [12] 1875 	ld	de, #_ui_ptr
    00000793 CDr00r00         [24] 1876 	call	_pointer_move
    00000796                       1877 00122$:
                                   1878 ;src/main.c:621: if ((keys & J_DOWN) && !(prev_keys & J_DOWN))
    00000796 E5               [16] 1879 	push	hl
    00000797 F8 0B            [12] 1880 	ldhl	sp,	#11
    00000799 CB 5E            [12] 1881 	bit	3, (hl)
    0000079B E1               [12] 1882 	pop	hl
    0000079C 28 24            [12] 1883 	jr	Z, 00127$
    0000079E FAr04r01         [16] 1884 	ld	a, (_prev_keys)
    000007A1 CB 5F            [ 8] 1885 	bit	3, a
    000007A3 20 1D            [12] 1886 	jr	NZ, 00127$
                                   1887 ;src/main.c:623: if (ui_menu_idx < UI_MENU_COUNT - 1)
    000007A5 21r06r01         [12] 1888 	ld	hl, #_ui_menu_idx
    000007A8 7E               [ 8] 1889 	ld	a, (hl)
    000007A9 D6 02            [ 8] 1890 	sub	a, #0x02
    000007AB 30 15            [12] 1891 	jr	NC, 00127$
                                   1892 ;src/main.c:625: ui_menu_idx++;
    000007AD 34               [12] 1893 	inc	(hl)
                                   1894 ;src/main.c:626: pointer_move(&ui_ptr, UI_MENU_X, UI_MENU_Y[ui_menu_idx]);
    000007AE 3Er34            [ 8] 1895 	ld	a, #<(_UI_MENU_Y)
    000007B0 86               [ 8] 1896 	add	a, (hl)
    000007B1 4F               [ 4] 1897 	ld	c, a
    000007B2 3Es02            [ 8] 1898 	ld	a, #>(_UI_MENU_Y)
    000007B4 CE 00            [ 8] 1899 	adc	a, #0x00
    000007B6 47               [ 4] 1900 	ld	b, a
    000007B7 0A               [ 8] 1901 	ld	a, (bc)
    000007B8 F5               [16] 1902 	push	af
    000007B9 33               [ 8] 1903 	inc	sp
    000007BA 3E 08            [ 8] 1904 	ld	a, #0x08
    000007BC 11rF2r00         [12] 1905 	ld	de, #_ui_ptr
    000007BF CDr00r00         [24] 1906 	call	_pointer_move
    000007C2                       1907 00127$:
                                   1908 ;src/main.c:629: if ((keys & J_A) && !(prev_keys & J_A))
    000007C2 AF               [ 4] 1909 	xor	a, a
    000007C3 F8 0A            [12] 1910 	ldhl	sp,	#10
    000007C5 B6               [ 8] 1911 	or	a, (hl)
    000007C6 28 62            [12] 1912 	jr	Z, 00144$
    000007C8 FAr04r01         [16] 1913 	ld	a, (_prev_keys)
    000007CB CB 67            [ 8] 1914 	bit	4, a
    000007CD 20 5B            [12] 1915 	jr	NZ, 00144$
                                   1916 ;src/main.c:631: pointer_anim_select(&ui_ptr);
    000007CF 11rF2r00         [12] 1917 	ld	de, #_ui_ptr
    000007D2 CDr00r00         [24] 1918 	call	_pointer_anim_select
    000007D5 18 53            [12] 1919 	jr	00144$
    000007D7                       1920 00143$:
                                   1921 ;src/main.c:639: if ((keys & J_A) && !(prev_keys & J_A))
    000007D7 AF               [ 4] 1922 	xor	a, a
    000007D8 F8 0A            [12] 1923 	ldhl	sp,	#10
    000007DA B6               [ 8] 1924 	or	a, (hl)
    000007DB 28 41            [12] 1925 	jr	Z, 00138$
    000007DD CB 61            [ 8] 1926 	bit	4, c
    000007DF 20 3D            [12] 1927 	jr	NZ, 00138$
                                   1928 ;src/main.c:642: if (move_path_len > 0u) clear_path_tiles();
    000007E1 FAr09r01         [16] 1929 	ld	a, (#_move_path_len)
    000007E4 B7               [ 4] 1930 	or	a, a
    000007E5 28 03            [12] 1931 	jr	Z, 00133$
    000007E7 CDrC3r02         [24] 1932 	call	_clear_path_tiles
    000007EA                       1933 00133$:
                                   1934 ;src/main.c:644: uint8_t steps = astar_find(player_grid_x, player_grid_y,
    000007EA 11rF8r00         [12] 1935 	ld	de, #_move_path
    000007ED D5               [16] 1936 	push	de
    000007EE 11rADr05         [12] 1937 	ld	de, #_is_walkable
    000007F1 D5               [16] 1938 	push	de
    000007F2 FAr02r01         [16] 1939 	ld	a, (_cursor_y)
    000007F5 67               [ 4] 1940 	ld	h, a
    000007F6 FAr01r01         [16] 1941 	ld	a, (_cursor_x)
    000007F9 6F               [ 4] 1942 	ld	l, a
    000007FA E5               [16] 1943 	push	hl
    000007FB FAr0Dr01         [16] 1944 	ld	a, (_player_grid_y)
    000007FE 5F               [ 4] 1945 	ld	e, a
    000007FF FAr0Cr01         [16] 1946 	ld	a, (_player_grid_x)
    00000802 CDr00r00         [24] 1947 	call	_astar_find
                                   1948 ;src/main.c:647: if (steps > 1u)
    00000805 FE 02            [ 8] 1949 	cp	a, #0x02
    00000807 38 11            [12] 1950 	jr	C, 00135$
                                   1951 ;src/main.c:649: move_path_len  = steps;
    00000809 EAr09r01         [16] 1952 	ld	(#_move_path_len),a
                                   1953 ;src/main.c:650: move_path_step = 1u;
    0000080C 21r0Ar01         [12] 1954 	ld	hl, #_move_path_step
    0000080F 36 01            [12] 1955 	ld	(hl), #0x01
                                   1956 ;src/main.c:651: move_timer     = 0u;
    00000811 AF               [ 4] 1957 	xor	a, a
    00000812 EAr0Br01         [16] 1958 	ld	(#_move_timer),a
                                   1959 ;src/main.c:652: draw_path_tiles();   // highlight the full route on BKG
    00000815 CDr8Dr02         [24] 1960 	call	_draw_path_tiles
    00000818 18 04            [12] 1961 	jr	00138$
    0000081A                       1962 00135$:
                                   1963 ;src/main.c:656: move_path_len = 0u;  // no path — nothing to highlight
    0000081A AF               [ 4] 1964 	xor	a, a
    0000081B EAr09r01         [16] 1965 	ld	(#_move_path_len),a
    0000081E                       1966 00138$:
                                   1967 ;src/main.c:660: if (handle_input())
    0000081E CDr04r04         [24] 1968 	call	_handle_input
    00000821 B7               [ 4] 1969 	or	a, a
    00000822 28 06            [12] 1970 	jr	Z, 00144$
                                   1971 ;src/main.c:662: clear_overlay();
    00000824 CDr95r03         [24] 1972 	call	_clear_overlay
                                   1973 ;src/main.c:663: draw_cursor();
    00000827 CDrEBr03         [24] 1974 	call	_draw_cursor
    0000082A                       1975 00144$:
                                   1976 ;src/main.c:667: prev_keys = keys;
    0000082A F8 09            [12] 1977 	ldhl	sp,	#9
    0000082C 7E               [ 8] 1978 	ld	a, (hl)
    0000082D EAr04r01         [16] 1979 	ld	(#_prev_keys),a
                                   1980 ;src/main.c:670: if (move_path_step < move_path_len)
    00000830 FAr0Ar01         [16] 1981 	ld	a, (#_move_path_step)
    00000833 21r09r01         [12] 1982 	ld	hl, #_move_path_len
    00000836 96               [ 8] 1983 	sub	a, (hl)
    00000837 D2r56r09         [16] 1984 	jp	NC, 00161$
                                   1985 ;src/main.c:672: if (++move_timer >= MOVE_DELAY)
    0000083A 21r0Br01         [12] 1986 	ld	hl, #_move_timer
    0000083D 34               [12] 1987 	inc	(hl)
    0000083E 7E               [ 8] 1988 	ld	a, (hl)
    0000083F D6 0C            [ 8] 1989 	sub	a, #0x0c
    00000841 DAr56r09         [16] 1990 	jp	C, 00161$
                                   1991 ;src/main.c:674: move_timer = 0;
    00000844 36 00            [12] 1992 	ld	(hl), #0x00
                                   1993 ;src/main.c:675: uint8_t s = move_path_step;
    00000846 FAr0Ar01         [16] 1994 	ld	a, (#_move_path_step)
    00000849 F8 01            [12] 1995 	ldhl	sp,	#1
    0000084B 77               [ 8] 1996 	ld	(hl), a
                                   1997 ;src/main.c:680: if      (move_path[s].x > move_path[s - 1u].x) step_dir = DIR_RIGHT;
    0000084C 4E               [ 8] 1998 	ld	c, (hl)
    0000084D AF               [ 4] 1999 	xor	a, a
    0000084E 47               [ 4] 2000 	ld	b, a
    0000084F CB 21            [ 8] 2001 	sla	c
    00000851 CB 10            [ 8] 2002 	rl	b
    00000853 21rF8r00         [12] 2003 	ld	hl, #_move_path
    00000856 09               [ 8] 2004 	add	hl, bc
    00000857 E5               [16] 2005 	push	hl
    00000858 7D               [ 4] 2006 	ld	a, l
    00000859 F8 0C            [12] 2007 	ldhl	sp,	#12
    0000085B 77               [ 8] 2008 	ld	(hl), a
    0000085C E1               [12] 2009 	pop	hl
    0000085D 7C               [ 4] 2010 	ld	a, h
    0000085E F8 0B            [12] 2011 	ldhl	sp,	#11
    00000860 32               [ 8] 2012 	ld	(hl-), a
    00000861 7E               [ 8] 2013 	ld	a, (hl)
    00000862 F8 02            [12] 2014 	ldhl	sp,	#2
    00000864 77               [ 8] 2015 	ld	(hl), a
    00000865 F8 0B            [12] 2016 	ldhl	sp,	#11
    00000867 7E               [ 8] 2017 	ld	a, (hl)
    00000868 F8 03            [12] 2018 	ldhl	sp,	#3
    0000086A 32               [ 8] 2019 	ld	(hl-), a
    0000086B 2A               [ 8] 2020 	ld	a, (hl+)
    0000086C 5F               [ 4] 2021 	ld	e, a
    0000086D 2A               [ 8] 2022 	ld	a, (hl+)
    0000086E 57               [ 4] 2023 	ld	d, a
    0000086F 1A               [ 8] 2024 	ld	a, (de)
    00000870 77               [ 8] 2025 	ld	(hl), a
    00000871 F8 01            [12] 2026 	ldhl	sp,	#1
    00000873 4E               [ 8] 2027 	ld	c, (hl)
    00000874 0D               [ 4] 2028 	dec	c
    00000875 06 00            [ 8] 2029 	ld	b, #0x00
    00000877 CB 21            [ 8] 2030 	sla	c
    00000879 CB 10            [ 8] 2031 	rl	b
    0000087B 21rF8r00         [12] 2032 	ld	hl, #_move_path
    0000087E 09               [ 8] 2033 	add	hl, bc
    0000087F 4D               [ 4] 2034 	ld	c, l
    00000880 44               [ 4] 2035 	ld	b, h
    00000881 F8 05            [12] 2036 	ldhl	sp,	#5
    00000883 79               [ 4] 2037 	ld	a, c
    00000884 22               [ 8] 2038 	ld	(hl+), a
    00000885 78               [ 4] 2039 	ld	a, b
    00000886 32               [ 8] 2040 	ld	(hl-), a
    00000887 2A               [ 8] 2041 	ld	a, (hl+)
    00000888 5F               [ 4] 2042 	ld	e, a
    00000889 2A               [ 8] 2043 	ld	a, (hl+)
    0000088A 57               [ 4] 2044 	ld	d, a
    0000088B 1A               [ 8] 2045 	ld	a, (de)
    0000088C 77               [ 8] 2046 	ld	(hl), a
                                   2047 ;src/main.c:682: else if (move_path[s].y > move_path[s - 1u].y) step_dir = DIR_DOWN;
    0000088D F8 0A            [12] 2048 	ldhl	sp,#10
    0000088F 2A               [ 8] 2049 	ld	a, (hl+)
    00000890 5F               [ 4] 2050 	ld	e, a
    00000891 56               [ 8] 2051 	ld	d, (hl)
    00000892 6B               [ 4] 2052 	ld	l, e
    00000893 62               [ 4] 2053 	ld	h, d
    00000894 23               [ 8] 2054 	inc	hl
    00000895 E5               [16] 2055 	push	hl
    00000896 7D               [ 4] 2056 	ld	a, l
    00000897 F8 0A            [12] 2057 	ldhl	sp,	#10
    00000899 77               [ 8] 2058 	ld	(hl), a
    0000089A E1               [12] 2059 	pop	hl
    0000089B 7C               [ 4] 2060 	ld	a, h
    0000089C F8 09            [12] 2061 	ldhl	sp,	#9
    0000089E 22               [ 8] 2062 	ld	(hl+), a
    0000089F 03               [ 8] 2063 	inc	bc
    000008A0 79               [ 4] 2064 	ld	a, c
    000008A1 22               [ 8] 2065 	ld	(hl+), a
    000008A2 70               [ 8] 2066 	ld	(hl), b
                                   2067 ;src/main.c:680: if      (move_path[s].x > move_path[s - 1u].x) step_dir = DIR_RIGHT;
    000008A3 F8 07            [12] 2068 	ldhl	sp,	#7
    000008A5 7E               [ 8] 2069 	ld	a, (hl)
    000008A6 F8 04            [12] 2070 	ldhl	sp,	#4
    000008A8 96               [ 8] 2071 	sub	a, (hl)
    000008A9 30 04            [12] 2072 	jr	NC, 00152$
    000008AB 0E 02            [ 8] 2073 	ld	c, #0x02
    000008AD 18 21            [12] 2074 	jr	00153$
    000008AF                       2075 00152$:
                                   2076 ;src/main.c:681: else if (move_path[s].x < move_path[s - 1u].x) step_dir = DIR_LEFT;
    000008AF F8 04            [12] 2077 	ldhl	sp,	#4
    000008B1 7E               [ 8] 2078 	ld	a, (hl)
    000008B2 F8 07            [12] 2079 	ldhl	sp,	#7
    000008B4 96               [ 8] 2080 	sub	a, (hl)
    000008B5 30 04            [12] 2081 	jr	NC, 00149$
    000008B7 0E 01            [ 8] 2082 	ld	c, #0x01
    000008B9 18 15            [12] 2083 	jr	00153$
    000008BB                       2084 00149$:
                                   2085 ;src/main.c:682: else if (move_path[s].y > move_path[s - 1u].y) step_dir = DIR_DOWN;
    000008BB F8 08            [12] 2086 	ldhl	sp,#8
    000008BD 2A               [ 8] 2087 	ld	a, (hl+)
    000008BE 5F               [ 4] 2088 	ld	e, a
    000008BF 2A               [ 8] 2089 	ld	a, (hl+)
    000008C0 57               [ 4] 2090 	ld	d, a
    000008C1 1A               [ 8] 2091 	ld	a, (de)
    000008C2 4F               [ 4] 2092 	ld	c, a
    000008C3 2A               [ 8] 2093 	ld	a, (hl+)
    000008C4 5F               [ 4] 2094 	ld	e, a
    000008C5 56               [ 8] 2095 	ld	d, (hl)
    000008C6 1A               [ 8] 2096 	ld	a, (de)
    000008C7 91               [ 4] 2097 	sub	a, c
    000008C8 30 04            [12] 2098 	jr	NC, 00146$
    000008CA 0E 00            [ 8] 2099 	ld	c, #0x00
    000008CC 18 02            [12] 2100 	jr	00153$
    000008CE                       2101 00146$:
                                   2102 ;src/main.c:683: else                                            step_dir = DIR_UP;
    000008CE 0E 03            [ 8] 2103 	ld	c, #0x03
    000008D0                       2104 00153$:
                                   2105 ;src/main.c:684: player_anim_set_dir(&player_anim, step_dir);
    000008D0 79               [ 4] 2106 	ld	a, c
    000008D1 11rF4r00         [12] 2107 	ld	de, #_player_anim
    000008D4 CDr4Br01         [24] 2108 	call	_player_anim_set_dir
                                   2109 ;src/main.c:685: player_anim_set_state(&player_anim, ANIM_WALK);
    000008D7 3E 01            [ 8] 2110 	ld	a, #0x01
    000008D9 11rF4r00         [12] 2111 	ld	de, #_player_anim
    000008DC CDr58r01         [24] 2112 	call	_player_anim_set_state
                                   2113 ;src/main.c:686: player_anim_apply(&player_anim);
    000008DF 11rF4r00         [12] 2114 	ld	de, #_player_anim
    000008E2 CDr6Dr01         [24] 2115 	call	_player_anim_apply
                                   2116 ;src/main.c:689: player_grid_x = move_path[s].x;
    000008E5 F8 02            [12] 2117 	ldhl	sp,#2
    000008E7 2A               [ 8] 2118 	ld	a, (hl+)
    000008E8 5F               [ 4] 2119 	ld	e, a
    000008E9 56               [ 8] 2120 	ld	d, (hl)
    000008EA 1A               [ 8] 2121 	ld	a, (de)
    000008EB EAr0Cr01         [16] 2122 	ld	(#_player_grid_x),a
                                   2123 ;src/main.c:690: player_grid_y = move_path[s].y;
    000008EE F8 08            [12] 2124 	ldhl	sp,#8
    000008F0 2A               [ 8] 2125 	ld	a, (hl+)
    000008F1 5F               [ 4] 2126 	ld	e, a
    000008F2 56               [ 8] 2127 	ld	d, (hl)
    000008F3 1A               [ 8] 2128 	ld	a, (de)
    000008F4 21r0Dr01         [12] 2129 	ld	hl, #_player_grid_y
    000008F7 77               [ 8] 2130 	ld	(hl), a
                                   2131 ;src/main.c:693: player_grid_y * 8 + 16);
    000008F8 7E               [ 8] 2132 	ld	a, (hl)
    000008F9 87               [ 4] 2133 	add	a, a
    000008FA 87               [ 4] 2134 	add	a, a
    000008FB 87               [ 4] 2135 	add	a, a
    000008FC C6 10            [ 8] 2136 	add	a, #0x10
    000008FE 47               [ 4] 2137 	ld	b, a
                                   2138 ;src/main.c:692: player_grid_x * 8 + 8,
    000008FF FAr0Cr01         [16] 2139 	ld	a, (_player_grid_x)
    00000902 87               [ 4] 2140 	add	a, a
    00000903 87               [ 4] 2141 	add	a, a
    00000904 87               [ 4] 2142 	add	a, a
    00000905 C6 08            [ 8] 2143 	add	a, #0x08
    00000907 F8 07            [12] 2144 	ldhl	sp,	#7
    00000909 77               [ 8] 2145 	ld	(hl), a
                                   2146 ;src/main.c:691: movegamecharacter(&player,
    0000090A C5               [16] 2147 	push	bc
    0000090B 33               [ 8] 2148 	inc	sp
    0000090C 7E               [ 8] 2149 	ld	a, (hl)
    0000090D 11r00r00         [12] 2150 	ld	de, #_player
    00000910 CDr33r05         [24] 2151 	call	_movegamecharacter
                                   2152 ;src/main.c:696: if (s >= 2u) restore_bkg_tile(move_path[s - 1u].x,
    00000913 F8 01            [12] 2153 	ldhl	sp,	#1
    00000915 7E               [ 8] 2154 	ld	a, (hl)
    00000916 D6 02            [ 8] 2155 	sub	a, #0x02
    00000918 38 13            [12] 2156 	jr	C, 00155$
                                   2157 ;src/main.c:697: move_path[s - 1u].y);
    0000091A F8 0A            [12] 2158 	ldhl	sp,#10
    0000091C 2A               [ 8] 2159 	ld	a, (hl+)
    0000091D 5F               [ 4] 2160 	ld	e, a
    0000091E 56               [ 8] 2161 	ld	d, (hl)
    0000091F 1A               [ 8] 2162 	ld	a, (de)
    00000920 77               [ 8] 2163 	ld	(hl), a
                                   2164 ;src/main.c:696: if (s >= 2u) restore_bkg_tile(move_path[s - 1u].x,
    00000921 F8 05            [12] 2165 	ldhl	sp,#5
    00000923 2A               [ 8] 2166 	ld	a, (hl+)
    00000924 5F               [ 4] 2167 	ld	e, a
    00000925 56               [ 8] 2168 	ld	d, (hl)
    00000926 1A               [ 8] 2169 	ld	a, (de)
    00000927 F8 0B            [12] 2170 	ldhl	sp,	#11
    00000929 5E               [ 8] 2171 	ld	e, (hl)
    0000092A CDr59r02         [24] 2172 	call	_restore_bkg_tile
    0000092D                       2173 00155$:
                                   2174 ;src/main.c:699: move_path_step++;
    0000092D 21r0Ar01         [12] 2175 	ld	hl, #_move_path_step
    00000930 34               [12] 2176 	inc	(hl)
                                   2177 ;src/main.c:702: if (move_path_step >= move_path_len) {
    00000931 7E               [ 8] 2178 	ld	a, (hl)
    00000932 21r09r01         [12] 2179 	ld	hl, #_move_path_len
    00000935 96               [ 8] 2180 	sub	a, (hl)
    00000936 38 1E            [12] 2181 	jr	C, 00161$
                                   2182 ;src/main.c:703: restore_bkg_tile(move_path[s].x, move_path[s].y);
    00000938 F8 08            [12] 2183 	ldhl	sp,#8
    0000093A 2A               [ 8] 2184 	ld	a, (hl+)
    0000093B 5F               [ 4] 2185 	ld	e, a
    0000093C 56               [ 8] 2186 	ld	d, (hl)
    0000093D 1A               [ 8] 2187 	ld	a, (de)
    0000093E 4F               [ 4] 2188 	ld	c, a
    0000093F F8 02            [12] 2189 	ldhl	sp,#2
    00000941 2A               [ 8] 2190 	ld	a, (hl+)
    00000942 5F               [ 4] 2191 	ld	e, a
    00000943 56               [ 8] 2192 	ld	d, (hl)
    00000944 1A               [ 8] 2193 	ld	a, (de)
    00000945 59               [ 4] 2194 	ld	e, c
    00000946 CDr59r02         [24] 2195 	call	_restore_bkg_tile
                                   2196 ;src/main.c:704: player_anim_set_state(&player_anim, ANIM_IDLE);
    00000949 AF               [ 4] 2197 	xor	a, a
    0000094A 11rF4r00         [12] 2198 	ld	de, #_player_anim
    0000094D CDr58r01         [24] 2199 	call	_player_anim_set_state
                                   2200 ;src/main.c:705: player_anim_apply(&player_anim);
    00000950 11rF4r00         [12] 2201 	ld	de, #_player_anim
    00000953 CDr6Dr01         [24] 2202 	call	_player_anim_apply
    00000956                       2203 00161$:
                                   2204 ;src/main.c:711: player_anim_tick(&player_anim);
    00000956 11rF4r00         [12] 2205 	ld	de, #_player_anim
    00000959 CDr9Ar01         [24] 2206 	call	_player_anim_tick
                                   2207 ;src/main.c:713: gbt_update();
    0000095C CDr00r00         [24] 2208 	call	_gbt_update
    0000095F C3r7Fr06         [16] 2209 	jp	00163$
                                   2210 ;src/main.c:715: }
    00000962 E8 0C            [16] 2211 	add	sp, #12
    00000964 C9               [16] 2212 	ret
                                   2213 	.area _CODE
                                   2214 	.area _INITIALIZER
    00000000                       2215 __xinit__Player:
    00000000 07                    2216 	.db #0x07	; 7
    00000001 07                    2217 	.db #0x07	; 7
    00000002 0F                    2218 	.db #0x0f	; 15
    00000003 0F                    2219 	.db #0x0f	; 15
    00000004 0F                    2220 	.db #0x0f	; 15
    00000005 09                    2221 	.db #0x09	; 9
    00000006 1F                    2222 	.db #0x1f	; 31
    00000007 19                    2223 	.db #0x19	; 25
    00000008 1F                    2224 	.db #0x1f	; 31
    00000009 19                    2225 	.db #0x19	; 25
    0000000A 18                    2226 	.db #0x18	; 24
    0000000B 1F                    2227 	.db #0x1f	; 31
    0000000C 0F                    2228 	.db #0x0f	; 15
    0000000D 0E                    2229 	.db #0x0e	; 14
    0000000E 7F                    2230 	.db #0x7f	; 127
    0000000F 7A                    2231 	.db #0x7a	; 122	'z'
    00000010 87                    2232 	.db #0x87	; 135
    00000011 FC                    2233 	.db #0xfc	; 252
    00000012 6B                    2234 	.db #0x6b	; 107	'k'
    00000013 7F                    2235 	.db #0x7f	; 127
    00000014 F0                    2236 	.db #0xf0	; 240
    00000015 9F                    2237 	.db #0x9f	; 159
    00000016 FC                    2238 	.db #0xfc	; 252
    00000017 9F                    2239 	.db #0x9f	; 159
    00000018 6B                    2240 	.db #0x6b	; 107	'k'
    00000019 6F                    2241 	.db #0x6f	; 111	'o'
    0000001A 08                    2242 	.db #0x08	; 8
    0000001B 0F                    2243 	.db #0x0f	; 15
    0000001C 04                    2244 	.db #0x04	; 4
    0000001D 07                    2245 	.db #0x07	; 7
    0000001E 0F                    2246 	.db #0x0f	; 15
    0000001F 0F                    2247 	.db #0x0f	; 15
    00000020 E0                    2248 	.db #0xe0	; 224
    00000021 E0                    2249 	.db #0xe0	; 224
    00000022 F8                    2250 	.db #0xf8	; 248
    00000023 F8                    2251 	.db #0xf8	; 248
    00000024 FC                    2252 	.db #0xfc	; 252
    00000025 FC                    2253 	.db #0xfc	; 252
    00000026 F8                    2254 	.db #0xf8	; 248
    00000027 F8                    2255 	.db #0xf8	; 248
    00000028 FC                    2256 	.db #0xfc	; 252
    00000029 BC                    2257 	.db #0xbc	; 188
    0000002A 98                    2258 	.db #0x98	; 152
    0000002B F8                    2259 	.db #0xf8	; 248
    0000002C F0                    2260 	.db #0xf0	; 240
    0000002D 70                    2261 	.db #0x70	; 112	'p'
    0000002E F0                    2262 	.db #0xf0	; 240
    0000002F 50                    2263 	.db #0x50	; 80	'P'
    00000030 FF                    2264 	.db #0xff	; 255
    00000031 3F                    2265 	.db #0x3f	; 63
    00000032 F9                    2266 	.db #0xf9	; 249
    00000033 E7                    2267 	.db #0xe7	; 231
    00000034 BD                    2268 	.db #0xbd	; 189
    00000035 EF                    2269 	.db #0xef	; 239
    00000036 3D                    2270 	.db #0x3d	; 61
    00000037 EF                    2271 	.db #0xef	; 239
    00000038 FD                    2272 	.db #0xfd	; 253
    00000039 EF                    2273 	.db #0xef	; 239
    0000003A 9A                    2274 	.db #0x9a	; 154
    0000003B F6                    2275 	.db #0xf6	; 246
    0000003C EC                    2276 	.db #0xec	; 236
    0000003D EC                    2277 	.db #0xec	; 236
    0000003E F0                    2278 	.db #0xf0	; 240
    0000003F F0                    2279 	.db #0xf0	; 240
    00000040 07                    2280 	.db #0x07	; 7
    00000041 07                    2281 	.db #0x07	; 7
    00000042 1F                    2282 	.db #0x1f	; 31
    00000043 1F                    2283 	.db #0x1f	; 31
    00000044 1F                    2284 	.db #0x1f	; 31
    00000045 1B                    2285 	.db #0x1b	; 27
    00000046 1B                    2286 	.db #0x1b	; 27
    00000047 1F                    2287 	.db #0x1f	; 31
    00000048 1F                    2288 	.db #0x1f	; 31
    00000049 19                    2289 	.db #0x19	; 25
    0000004A 6F                    2290 	.db #0x6f	; 111	'o'
    0000004B 69                    2291 	.db #0x69	; 105	'i'
    0000004C EF                    2292 	.db #0xef	; 239
    0000004D AE                    2293 	.db #0xae	; 174
    0000004E EF                    2294 	.db #0xef	; 239
    0000004F AA                    2295 	.db #0xaa	; 170
    00000050 FF                    2296 	.db #0xff	; 255
    00000051 B8                    2297 	.db #0xb8	; 184
    00000052 EF                    2298 	.db #0xef	; 239
    00000053 AF                    2299 	.db #0xaf	; 175
    00000054 EC                    2300 	.db #0xec	; 236
    00000055 AF                    2301 	.db #0xaf	; 175
    00000056 F9                    2302 	.db #0xf9	; 249
    00000057 BF                    2303 	.db #0xbf	; 191
    00000058 EF                    2304 	.db #0xef	; 239
    00000059 AF                    2305 	.db #0xaf	; 175
    0000005A E2                    2306 	.db #0xe2	; 226
    0000005B A3                    2307 	.db #0xa3	; 163
    0000005C 64                    2308 	.db #0x64	; 100	'd'
    0000005D 67                    2309 	.db #0x67	; 103	'g'
    0000005E 07                    2310 	.db #0x07	; 7
    0000005F 07                    2311 	.db #0x07	; 7
    00000060 E0                    2312 	.db #0xe0	; 224
    00000061 E0                    2313 	.db #0xe0	; 224
    00000062 F8                    2314 	.db #0xf8	; 248
    00000063 F8                    2315 	.db #0xf8	; 248
    00000064 FC                    2316 	.db #0xfc	; 252
    00000065 FC                    2317 	.db #0xfc	; 252
    00000066 F8                    2318 	.db #0xf8	; 248
    00000067 78                    2319 	.db #0x78	; 120	'x'
    00000068 FE                    2320 	.db #0xfe	; 254
    00000069 BE                    2321 	.db #0xbe	; 190
    0000006A FC                    2322 	.db #0xfc	; 252
    0000006B FC                    2323 	.db #0xfc	; 252
    0000006C F8                    2324 	.db #0xf8	; 248
    0000006D B8                    2325 	.db #0xb8	; 184
    0000006E F0                    2326 	.db #0xf0	; 240
    0000006F 30                    2327 	.db #0x30	; 48	'0'
    00000070 F8                    2328 	.db #0xf8	; 248
    00000071 F8                    2329 	.db #0xf8	; 248
    00000072 7C                    2330 	.db #0x7c	; 124
    00000073 C4                    2331 	.db #0xc4	; 196
    00000074 F8                    2332 	.db #0xf8	; 248
    00000075 98                    2333 	.db #0x98	; 152
    00000076 F8                    2334 	.db #0xf8	; 248
    00000077 18                    2335 	.db #0x18	; 24
    00000078 E8                    2336 	.db #0xe8	; 232
    00000079 38                    2337 	.db #0x38	; 56	'8'
    0000007A F0                    2338 	.db #0xf0	; 240
    0000007B F0                    2339 	.db #0xf0	; 240
    0000007C 20                    2340 	.db #0x20	; 32
    0000007D E0                    2341 	.db #0xe0	; 224
    0000007E E0                    2342 	.db #0xe0	; 224
    0000007F E0                    2343 	.db #0xe0	; 224
    00000080 07                    2344 	.db #0x07	; 7
    00000081 07                    2345 	.db #0x07	; 7
    00000082 1F                    2346 	.db #0x1f	; 31
    00000083 1F                    2347 	.db #0x1f	; 31
    00000084 3F                    2348 	.db #0x3f	; 63
    00000085 3F                    2349 	.db #0x3f	; 63
    00000086 1F                    2350 	.db #0x1f	; 31
    00000087 1F                    2351 	.db #0x1f	; 31
    00000088 3F                    2352 	.db #0x3f	; 63
    00000089 3F                    2353 	.db #0x3f	; 63
    0000008A 1F                    2354 	.db #0x1f	; 31
    0000008B 1F                    2355 	.db #0x1f	; 31
    0000008C 0F                    2356 	.db #0x0f	; 15
    0000008D 0F                    2357 	.db #0x0f	; 15
    0000008E 7F                    2358 	.db #0x7f	; 127
    0000008F 7B                    2359 	.db #0x7b	; 123
    00000090 87                    2360 	.db #0x87	; 135
    00000091 FC                    2361 	.db #0xfc	; 252
    00000092 EB                    2362 	.db #0xeb	; 235
    00000093 FF                    2363 	.db #0xff	; 255
    00000094 F8                    2364 	.db #0xf8	; 248
    00000095 DF                    2365 	.db #0xdf	; 223
    00000096 FC                    2366 	.db #0xfc	; 252
    00000097 DF                    2367 	.db #0xdf	; 223
    00000098 FB                    2368 	.db #0xfb	; 251
    00000099 AF                    2369 	.db #0xaf	; 175
    0000009A 78                    2370 	.db #0x78	; 120	'x'
    0000009B 4F                    2371 	.db #0x4f	; 79	'O'
    0000009C 3C                    2372 	.db #0x3c	; 60
    0000009D 3F                    2373 	.db #0x3f	; 63
    0000009E 0F                    2374 	.db #0x0f	; 15
    0000009F 0F                    2375 	.db #0x0f	; 15
    000000A0 E0                    2376 	.db #0xe0	; 224
    000000A1 E0                    2377 	.db #0xe0	; 224
    000000A2 F0                    2378 	.db #0xf0	; 240
    000000A3 B0                    2379 	.db #0xb0	; 176
    000000A4 F0                    2380 	.db #0xf0	; 240
    000000A5 D0                    2381 	.db #0xd0	; 208
    000000A6 F8                    2382 	.db #0xf8	; 248
    000000A7 F8                    2383 	.db #0xf8	; 248
    000000A8 F8                    2384 	.db #0xf8	; 248
    000000A9 F8                    2385 	.db #0xf8	; 248
    000000AA F0                    2386 	.db #0xf0	; 240
    000000AB F0                    2387 	.db #0xf0	; 240
    000000AC F0                    2388 	.db #0xf0	; 240
    000000AD F0                    2389 	.db #0xf0	; 240
    000000AE FE                    2390 	.db #0xfe	; 254
    000000AF DE                    2391 	.db #0xde	; 222
    000000B0 E1                    2392 	.db #0xe1	; 225
    000000B1 3F                    2393 	.db #0x3f	; 63
    000000B2 D6                    2394 	.db #0xd6	; 214
    000000B3 FE                    2395 	.db #0xfe	; 254
    000000B4 1E                    2396 	.db #0x1e	; 30
    000000B5 FA                    2397 	.db #0xfa	; 250
    000000B6 3E                    2398 	.db #0x3e	; 62
    000000B7 F2                    2399 	.db #0xf2	; 242
    000000B8 DC                    2400 	.db #0xdc	; 220
    000000B9 F4                    2401 	.db #0xf4	; 244
    000000BA 98                    2402 	.db #0x98	; 152
    000000BB F8                    2403 	.db #0xf8	; 248
    000000BC E0                    2404 	.db #0xe0	; 224
    000000BD E0                    2405 	.db #0xe0	; 224
    000000BE F0                    2406 	.db #0xf0	; 240
    000000BF F0                    2407 	.db #0xf0	; 240
    000000C0 07                    2408 	.db #0x07	; 7
    000000C1 07                    2409 	.db #0x07	; 7
    000000C2 1F                    2410 	.db #0x1f	; 31
    000000C3 1F                    2411 	.db #0x1f	; 31
    000000C4 3F                    2412 	.db #0x3f	; 63
    000000C5 3F                    2413 	.db #0x3f	; 63
    000000C6 1F                    2414 	.db #0x1f	; 31
    000000C7 1E                    2415 	.db #0x1e	; 30
    000000C8 7F                    2416 	.db #0x7f	; 127
    000000C9 7D                    2417 	.db #0x7d	; 125
    000000CA 3F                    2418 	.db #0x3f	; 63
    000000CB 3F                    2419 	.db #0x3f	; 63
    000000CC 1F                    2420 	.db #0x1f	; 31
    000000CD 1D                    2421 	.db #0x1d	; 29
    000000CE 0F                    2422 	.db #0x0f	; 15
    000000CF 0C                    2423 	.db #0x0c	; 12
    000000D0 1F                    2424 	.db #0x1f	; 31
    000000D1 1F                    2425 	.db #0x1f	; 31
    000000D2 23                    2426 	.db #0x23	; 35
    000000D3 3E                    2427 	.db #0x3e	; 62
    000000D4 1F                    2428 	.db #0x1f	; 31
    000000D5 19                    2429 	.db #0x19	; 25
    000000D6 1F                    2430 	.db #0x1f	; 31
    000000D7 18                    2431 	.db #0x18	; 24
    000000D8 17                    2432 	.db #0x17	; 23
    000000D9 1C                    2433 	.db #0x1c	; 28
    000000DA 0F                    2434 	.db #0x0f	; 15
    000000DB 0F                    2435 	.db #0x0f	; 15
    000000DC 04                    2436 	.db #0x04	; 4
    000000DD 07                    2437 	.db #0x07	; 7
    000000DE 07                    2438 	.db #0x07	; 7
    000000DF 07                    2439 	.db #0x07	; 7
    000000E0 E0                    2440 	.db #0xe0	; 224
    000000E1 E0                    2441 	.db #0xe0	; 224
    000000E2 F8                    2442 	.db #0xf8	; 248
    000000E3 F8                    2443 	.db #0xf8	; 248
    000000E4 F8                    2444 	.db #0xf8	; 248
    000000E5 D8                    2445 	.db #0xd8	; 216
    000000E6 D8                    2446 	.db #0xd8	; 216
    000000E7 F8                    2447 	.db #0xf8	; 248
    000000E8 F8                    2448 	.db #0xf8	; 248
    000000E9 98                    2449 	.db #0x98	; 152
    000000EA F6                    2450 	.db #0xf6	; 246
    000000EB 96                    2451 	.db #0x96	; 150
    000000EC F5                    2452 	.db #0xf5	; 245
    000000ED 77                    2453 	.db #0x77	; 119	'w'
    000000EE F5                    2454 	.db #0xf5	; 245
    000000EF 57                    2455 	.db #0x57	; 87	'W'
    000000F0 FD                    2456 	.db #0xfd	; 253
    000000F1 1F                    2457 	.db #0x1f	; 31
    000000F2 FD                    2458 	.db #0xfd	; 253
    000000F3 F7                    2459 	.db #0xf7	; 247
    000000F4 3D                    2460 	.db #0x3d	; 61
    000000F5 F7                    2461 	.db #0xf7	; 247
    000000F6 9D                    2462 	.db #0x9d	; 157
    000000F7 FF                    2463 	.db #0xff	; 255
    000000F8 F5                    2464 	.db #0xf5	; 245
    000000F9 F7                    2465 	.db #0xf7	; 247
    000000FA 45                    2466 	.db #0x45	; 69	'E'
    000000FB C7                    2467 	.db #0xc7	; 199
    000000FC 26                    2468 	.db #0x26	; 38
    000000FD E6                    2469 	.db #0xe6	; 230
    000000FE E0                    2470 	.db #0xe0	; 224
    000000FF E0                    2471 	.db #0xe0	; 224
    00000100                       2472 __xinit__spritesize:
    00000100 08                    2473 	.db #0x08	; 8
    00000101                       2474 __xinit__cursor_x:
    00000101 00                    2475 	.db #0x00	; 0
    00000102                       2476 __xinit__cursor_y:
    00000102 00                    2477 	.db #0x00	; 0
    00000103                       2478 __xinit__input_timer:
    00000103 00                    2479 	.db #0x00	; 0
    00000104                       2480 __xinit__prev_keys:
    00000104 00                    2481 	.db #0x00	; 0
    00000105                       2482 __xinit__ui_visible:
    00000105 00                    2483 	.db #0x00	; 0
    00000106                       2484 __xinit__ui_menu_idx:
    00000106 00                    2485 	.db #0x00	; 0
    00000107                       2486 __xinit__ui_anim:
    00000107 00                    2487 	.db #0x00	; 0
    00000108                       2488 __xinit__ui_anim_row:
    00000108 00                    2489 	.db #0x00	; 0
    00000109                       2490 __xinit__move_path_len:
    00000109 00                    2491 	.db #0x00	; 0
    0000010A                       2492 __xinit__move_path_step:
    0000010A 00                    2493 	.db #0x00	; 0
    0000010B                       2494 __xinit__move_timer:
    0000010B 00                    2495 	.db #0x00	; 0
    0000010C                       2496 __xinit__player_grid_x:
    0000010C 0C                    2497 	.db #0x0c	; 12
    0000010D                       2498 __xinit__player_grid_y:
    0000010D 00                    2499 	.db #0x00	; 0
                                   2500 	.area _CABS (ABS)
